
> agentium@0.1.0 test:unit
> node scripts/run-unit.mjs

✔ POST composes an explicit workspace with an idempotency header (4.647583ms)
✔ 401 refresh retry preserves the active X-Workspace-Slug (5.790958ms)
✔ an explicit workspace header wins over the current workspace and survives retry (25.502417ms)
✔ a wrapped 500 auth error preserves the historical refresh retry (1.09875ms)
✔ concurrent 401 retries preserve the workspace on every queued request (1.335209ms)
✔ HttpClient and direct fetch share one refresh while retaining distinct workspaces (5.693625ms)
✔ a late 401 reuses the token refreshed by an earlier request (1.340042ms)
✔ a failed shared refresh rejects every concurrent request and expires once (1.744166ms)
✔ cancelling the refresh leader does not strand a concurrent follower (0.359333ms)
✔ a started refresh survives cancellation and a later 401 joins it (0.641ms)
✔ a 401 from the retried business request does not clear the refreshed session (1.094042ms)
✔ a 403 from the retried business request does not clear the refreshed session (0.234708ms)
✔ a 500 from the retried business request does not clear the refreshed session (0.150917ms)
✔ appearance accepts bounded options and never exposes arbitrary CSS or native profiles (1.090083ms)
✔ preview and runtime use the same palette, contrast choice and logo fallback (0.842375ms)
✔ custom mid-tone accents keep readable text at the contrast boundary (0.099458ms)
✔ listSkills keeps the backwards-compatible empty fallback by default (4.370583ms)
✔ listSkills can propagate transport errors to truth-sensitive catalogs (0.556709ms)
✔ listSystems preserves fallback compatibility but can fail closed for Studio (3.00325ms)
✔ the shared model catalogue propagates failures and resolves with the explicit System context (1.082125ms)
✔ version history keeps backwards-compatible empty/null fallbacks by default (2.7685ms)
✔ truth-sensitive version history can propagate list and preview failures (0.465834ms)
✔ round-trip: nodes.<id>.data.retrieval_defaults.top_k survives normalize (load) (1.618ms)
✔ round-trip: annotateSidecars (save path) does not drop node data/config (0.146458ms)
✔ normalize is idempotent for the budget flow (load → snapshot → load fidelity) (0.445666ms)
✔ PART A.4: skill config.params.<key> is the shared home and round-trips (0.083916ms)
✔ validateFlow flags a task node with no skill bound (0.840334ms)
✔ validateFlow accepts a bound skill task with no warnings for it (0.24475ms)
✔ validateFlow rejects duplicate node ids before ambiguous map construction (0.128292ms)
✔ edge identity is structured, collision-free and rejects true duplicates (0.686833ms)
✔ strict Flow requires exactly one explicit output sink (0.295542ms)
✔ Decision condition structural validation accepts the runtime DSL and rejects unsafe syntax (1.007291ms)
✔ validateFlow accepts a fully wired Decision contract (0.295417ms)
✔ validateFlow mirrors Decision contract diagnostics (0.197042ms)
✔ validateFlow reports unwired Decision routes and foreign branch edges (0.78325ms)
✔ validateFlow pairs fork/join by real reconvergence, not global counts (0.347ms)
✔ validateFlow accepts a labelled fork whose lanes post-dominate at a join (0.124625ms)
✔ normalize backfills schema_version 3 idempotently (v2 -> v3) (0.067375ms)
✔ normalize infers typed ports from data edges that name a port (idempotent) (0.160583ms)
✔ normalize leaves legacy inputs_map dot-path strings intact (0.049ms)
✔ validateFlow: port_type_mismatch warns on incompatible primitives only (0.099166ms)
✔ validateFlow: port_type_mismatch silent on numeric widening + portless edges (0.059333ms)
✔ validateFlow: variable_unresolved warns on unknown/non-upstream refs, silent for reserved + legacy (0.135583ms)
✔ VariableRef JSON shape matches the backend strict contract (0.052084ms)
✔ validateFlow rejects the same malformed VariableRefs as the backend (0.072958ms)
✔ strict dot-path conversion refuses empty path segments (0.178666ms)
✔ topoSort returns an order for a DAG and null for a cycle (0.572125ms)
✔ ingress kind typos and inbound source nodes are blocking (0.136667ms)
✔ agent loop requires a turn budget and a compact allowlist (0.146416ms)
✔ loop and retry budgets must be finite positive integers (0.130584ms)
✔ every lexicon entry is complete in both languages (0.972209ms)
✔ definitions stay one line of plain language (0.350542ms)
✔ concept ids are unique (0.111125ms)
✔ a forbidden word belongs to exactly one concept (0.142042ms)
✔ the canonical term of a concept is never itself forbidden (0.111709ms)
✔ lookups fall back instead of throwing on an unknown concept (0.075584ms)
✔ the dictionary keeps FR/EN parity across every domain (11.698041ms)
✔ each key lives in the domain module that owns its prefix (6.216417ms)
✔ no key is defined by two domains, so the merge order never decides (3.245375ms)
✔ the interpolation placeholders of a key match across locales (17.911542ms)
✔ the English PR to PO desk does not keep French dossier or terrain (8.917042ms)
✔ LiveKit workspace invalidation suppresses queued data synchronously (1.457583ms)
✔ session.start carries the mode the caller asked the room for (4.400667ms)
✔ a control frame with no dedicated helper travels with its payload intact (0.529625ms)
✔ a framed answer reaches the surface as one whole event (0.463791ms)
✔ a one-frame payload takes the same path as a large one (0.139041ms)
✔ an interrupted push is dropped rather than half-delivered (0.123417ms)
✔ opening a room asks for its mode from the very first hop (3.059625ms)
✔ a rejected LiveKit await after A→B is surfaced as workspace cancellation (0.469583ms)
✔ navigation guard observes V2 after the legacy decision and executes only legacy output (1.592334ms)
✔ an unexpected shadow exception never interrupts legacy navigation (0.31275ms)
✔ a direct legacy decision remains direct even when shadow reports a divergence (0.236209ms)
✔ business profile resolves the Andritz applications in their stable order (9.645541ms)
✔ a partial legacy profile cannot hide an app before the entitlement flag (0.841292ms)
✔ admin keeps the full Agentium shell unless business preview is enabled (0.431167ms)
✔ business allowed paths remain stable inputs for the navigation resolver (0.374791ms)
✔ V2 produces the business shell policy when its workspace flag is enabled (0.890417ms)
✔ app entitlements filter both legacy and V2 profiles and missing grants fail closed (4.364833ms)
✔ NavigationProfile consumes installed app authority when the platform gate is active (1.034833ms)
✔ platform authority never exposes an installed business app without a member grant (0.264708ms)
✔ NavigationProfile never revives the legacy shell when enabled platform authority is invalid (0.181084ms)
✔ business policy matrix is owned once and every destination is terminal (7.779875ms)
✔ business policy keeps the admin shell until preview is explicitly enabled (0.865625ms)
✔ V2 business redirects are executed only by the navigation resolver (2.195167ms)
✔ enabled Workspace App authority redirects every invalid runtime surface to a terminal unavailable shell (2.226583ms)
✔ invalid runtime exposes the isolated repair route only to workspace admins (0.597167ms)
✔ the unavailable page cannot masquerade as workspace state once platform authority is healthy or disabled (1.127708ms)
✔ app entitlements redirect denied business surfaces to an entitled terminal route (1.532042ms)
✔ an unsafe or self-referential business default falls back to chat (0.671208ms)
✔ demo hypervisor resolves once to the configured default route (0.641166ms)
✔ axes v4 owns legacy hypervisor object links and keeps Hypervisor at Portfolio (0.507333ms)
✔ builder + nav v5 sends Portfolio home to /create (D4) (0.569042ms)
✔ legacy focus and tab queries rewrite to the v5 grammar (0.470375ms)
✔ Mission Room fallback and deep links require the workspace extension (0.601458ms)
✔ a stale Mission Room default cannot loop while the extension is disabled (0.29175ms)
✔ business policy resolves a Mission Room deep link directly to its terminal surface (0.317708ms)
✔ demo entry aliases cannot create a self redirect or an Angular alias cycle (0.682ms)
✔ workspace entrypoint resolves once with an encoded active slug (0.17625ms)
✔ workspace query on a product route activates that tenant (0.635333ms)
✔ workspace deep links activate their tenant before component construction (0.2035ms)
✔ unknown workspace deep links resolve back to the active workspace (0.127416ms)
✔ workspace load failure fallback remains owned by the navigation resolver (0.11775ms)
✔ business policy has deterministic precedence over demo and workspace entrypoints (0.170833ms)
✔ adoption generic home follows the task and retains authorized deep links (0.830584ms)
✔ an unavailable application is never bypassed by the adoption home (0.41175ms)
✔ direct navigation emits one workspace-scoped event without query or fragment (7.010459ms)
✔ explicit redirect keeps the original request, owner and typed reason (1.560458ms)
✔ explicit redirect records the final destination after a chained Angular redirect (1.371917ms)
✔ workspace extension rejection emits the resolver-owned audit reason (0.960917ms)
✔ explicit redirect survives a superseded navigation when its replacement wins (1.328917ms)
✔ a superseded redirect cannot leak into a different replacement destination (0.769417ms)
✔ cancelled or failed redirects cannot leak into a later navigation (0.785667ms)
✔ static Angular redirect is inferred from urlAfterRedirects (0.432709ms)
✔ public/auth routes and navigations without a workspace are not emitted (0.632166ms)
✔ the first NavigationEnd is safely backfilled after workspace loading (1.284584ms)
✔ privacy and surface helpers redact identifiers and reuse the catalog ids (2.175625ms)
✔ navigation.transition is off unless the workspace opts in (0.378083ms)
✔ navigation.transition records zone, depth and inferred trigger behind the flag (7.321834ms)
✔ popstate navigations classify as history without leaking query text (3.501834ms)
✔ the Flow entry is named after the destination it resolves to (4.44375ms)
✔ destination naming exposes a dedicated key so a locale can override it (0.313417ms)
✔ sections without a dynamic destination keep their catalog naming (0.094375ms)
✔ Client360 stays classified under Operate in the standard admin cockpit (0.51125ms)
✔ Andritz business app catalog keeps its stable routes and API prefixes (0.466333ms)
✔ surface registry owns unique ids and every rail section references it (0.137083ms)
✔ lens changes preserve Capability, System, Run and SkillInvocation identity (26.726209ms)
✔ scope routes retain the real current ancestry (2.298416ms)
✔ object builders use canonical locators and business guards match registered surfaces (2.852459ms)
✔ axes v4 has four object lenses and a distinct Portfolio destination (0.342667ms)
✔ unknown navigation query values never influence the cockpit projection (0.312166ms)
✔ experience studio adds one Create entry and keeps the zone catalogues (0.476042ms)
✔ the data plane is one Build entry that owns both of its routes (0.283417ms)
✔ Lot 6 orphan leaves are catalogued (0.395834ms)
✔ legacy query aliases hydrate the canonical grammar (0.315416ms)
✔ nav v5 sommaire has no object-type index outside Create (I1) (0.06825ms)
✔ OBJECT_FACETS lists System descendants used by the sommaire branch (0.06175ms)
✔ a page link keeps lens and ancestry (I3) (1.520125ms)
✔ every catalogued surface route is reachable through a declared route (1.576958ms)
✔ every surface and leaf route is absolute (0.143417ms)
✔ planned orphan leaves have a catalog entry (0.18625ms)
✔ every Router path has a catalog entry or a named exemption (12.439041ms)
✔ ObjectPerspectiveStore validates, preloads and caches one invariant four-lens bundle (12.482708ms)
✔ a late server gate revocation purges the projection and refreshes workspace authority (3.490459ms)
✔ concurrent non-force loads share one authoritative four-lens request (5.290375ms)
✔ a newer force refresh wins even when it completes before the older request (0.552167ms)
✔ one snapshot mismatch retries all four reads once in the same request generation (0.330333ms)
✔ a persistent snapshot mismatch fails after one complete retry (0.281916ms)
✔ cache TTL is finite and forceRefresh atomically invalidates a fresh bundle (0.7465ms)
✔ the cache key includes workspace epoch even before a reset notification (0.416875ms)
✔ the cache key includes workspace identity when a slug is recreated in the same epoch (3.656959ms)
✔ logout and a new principal cannot reuse the previous principal cache (2.651083ms)
✔ a late response from principal A is rejected after principal B logs in (0.661958ms)
✔ a late 410 from principal A cannot revoke the projection for principal B (5.496ms)
✔ a workspace reset rejects late responses and cannot repopulate the cache (0.407625ms)
✔ a late 410 from workspace A cannot revoke the projection in workspace B (0.186208ms)
✔ schema and cross-lens invariant violations never populate the cache (1.428792ms)
✔ a SkillInvocation request without its parent Run fails before an API call (0.1405ms)
✔ a workspace without the setting keeps the Agentium chrome (0.481875ms)
✔ the immersive workspace-app brand never rebrands the platform chrome (0.072417ms)
✔ a label and an emblem together carry the tenant identity (0.40625ms)
✔ a tenant may declare a second artwork for light surfaces (0.08025ms)
✔ the light variant alone never makes a brand whole (0.06575ms)
✔ a malformed or blank light variant falls back to the single emblem (0.0705ms)
✔ half a declaration is refused rather than mixed with our own brand (0.053084ms)
✔ a malformed setting cannot break the chrome (0.048833ms)
✔ the return route is kept only when it is an in-app absolute path (0.071375ms)
✔ a fresh browser follows the operating system (0.420209ms)
✔ an explicit preference on the unified key is honoured (0.071083ms)
✔ the business-shell key is adopted when the unified key is unset (0.060125ms)
✔ the pin's constant dark loses to a real business-shell choice (0.054167ms)
✔ a non-dark unified value outranks the legacy key (0.054792ms)
✔ garbage in either key never escapes the tri-state (0.064583ms)
✔ dispose discards recorder A without emitting a final chunk or endpoint (0.797375ms)
✔ hard stop invalidates a getUserMedia request still arming in workspace A (0.220125ms)
✔ normal endpoint still flushes audio and calls onEndpoint once (0.668584ms)
✔ the direct WebSocket lane carries the assistant mode and its session context (20.725ms)
✔ the direct lane rejoins a framed answer exactly as the LiveKit lane does (1.159583ms)
✔ voice WebSocket pins the captured workspace query and closes on switch (2.4165ms)
✔ a rejected play promise from workspace A cannot advance or finish the B queue (4.113084ms)
✔ business proof requires a declared and granted primary entitlement (10.594291ms)
✔ business proof never downgrades to a route-only check (0.097792ms)
✔ immersive proof requires an entitlement-free extension boundary (0.094959ms)
✔ immersive proof targets the manifest that owns the Mission Room projection (0.075167ms)
✔ standard proof also fails closed on an unenforced entitlement declaration (0.135625ms)
✔ shadow runtime records a match against the exact legacy redirect decision (34.970542ms)
✔ shadow runtime reports but never applies a divergent legacy decision (1.518ms)
✔ workspace entrypoint blocks a cross-workspace target before slug redaction (1.010375ms)
✔ system capture keeps only equality/presence proofs and never retains its query value (0.688542ms)
✔ system capture blocks a different forwarded System id without retaining either id (0.691625ms)
✔ system capture without the semantic systemId key is an observed divergence (0.782083ms)
✔ unknown runtime configuration is fail-closed evidence instead of a thrown error (1.5885ms)
✔ workspace reset atomically clears reports and rejects late A observations (1.8725ms)
✔ current complete Sentinel payload marks both critical scenarios observed without mutation (1.597667ms)
✔ sealed Mission Room proofs aggregate across workspaces and invalidate on config drift (4.658958ms)
✔ sealed proof does not survive workspace recreation with the same slug and config (9.737084ms)
✔ raw Mission Room observation cannot be resealed after same-id config drift (5.845625ms)
✔ a synthetic projection cannot overwrite an observed runtime divergence (2.705583ms)
✔ Mission Room rejects an old workspace id after same-slug recreation without epoch change (0.596083ms)
✔ Sentinel observation with an absent brand remains invalid and fail-closed (1.264167ms)
✔ Sentinel observation with a primitive brand remains invalid and fail-closed (0.673917ms)
✔ Octocity non-empty brand without style is compared as the Sentinel UI fallback (0.773375ms)
✔ Octocity contradictory brand label is retained only as a private fingerprint input (1.378375ms)
✔ Mission Room brand label/style fields fail closed when present with invalid types (0.738791ms)
✔ Mission Room observation error is preserved as fail-closed evidence (0.844333ms)
✔ Mission Room payload with a slug inconsistent with its scope is ignored (0.124792ms)
✔ registry IDs are unique and deterministically ordered by priority (1.115125ms)
✔ Andritz member keeps the rendered business experience and hard-coded surface order (1.286166ms)
✔ app entitlements filter the V2 business policy in canonical order and fail closed (0.196917ms)
✔ app entitlement payload is ignored until its feature flag is enabled (0.336792ms)
✔ workspace app runtime is a strict no-op while its feature flag is off (1.894125ms)
✔ authoritative business installations own surfaces and routes without legacy fallback (12.764083ms)
✔ authoritative business installations require grants even when the legacy entitlement flag is off (0.191125ms)
✔ three Andritz installations expose four entitled surfaces without a fourth app (0.184ms)
✔ authoritative Mission Room projection isolates Sentinel and Octocity from crossed legacy terms (6.835333ms)
✔ runtime bootstrap transports the generic provider contract and rejects malformed endpoints (0.378583ms)
✔ enabled platform fails closed to an isolated unavailable shell when runtime authority is absent or invalid (0.224084ms)
✔ invalid runtime keeps the unavailable page terminal and grants only admins the isolated repair route (0.1005ms)
✔ Andritz admin remains standard while admin preview restores business (0.36625ms)
✔ workspace_admin role template is classified as admin (0.141042ms)
✔ unsupported admin shorthand is not broader than WorkspaceService.isAdmin (0.1395ms)
✔ custom primary_surfaces and link/hidden access do not drive legacy shell or routes (0.24375ms)
✔ business compatibility aliases remain route-sensitive and canonical (0.233708ms)
✔ configured business defaults never retain query values in either projection (1.337625ms)
✔ system capture compares semantic query presence without retaining its value or System id (2.217917ms)
✔ observed system capture compares a decoded query to an encoded route segment (0.194083ms)
✔ workspace entrypoint comparison preserves tenant equality without retaining the target slug (0.30675ms)
✔ comparator consumes the decision actually observed from NavigationResolverService (0.205125ms)
✔ legacy Showcase portfolio projects standard chrome and all five cockpit verbs (1.07025ms)
✔ Sentinel API observation maps app label separately from assistant and ignores Systems ownership (1.120125ms)
✔ Octocity API observation is selected by settings, never by slug (1.539584ms)
✔ Octocity compatibility defaults are profile-driven after a workspace rename (0.410167ms)
✔ Mission Room compares the effective rendered brand label and style (2.780042ms)
✔ candidate and independent legacy oracle honor Mission Room label as assistant fallback (0.368875ms)
✔ immersive workspace app is scoped to final Mission Room route only (0.585292ms)
✔ overlap precedence composes profiles then workspace app then active business (0.17125ms)
✔ malformed settings and unknown adapters are reported fail-closed without throwing (0.580041ms)
✔ comparator emits sorted canonical paths and explanations require exact triple (1.411083ms)
✔ explanations require complete non-empty governance and exactly one exact match (3.415583ms)
✔ fingerprint is canonical, exact, and changes with any compared value (0.1225ms)
✔ public diffs redact values while the exact raw mismatch still changes the fingerprint (0.38225ms)
✔ MissionNavigation observation detects exact item order but never resolves backend Systems (2.428958ms)
✔ MissionNavigation proof fails closed when items or required app fields are absent or malformed (0.995667ms)
✔ MissionNavigation observation preserves extra keys and duplicates so drift remains visible (0.589709ms)
✔ exported critical matrices are complete and produce parity (1.053041ms)
✔ rollout gate opens only with one current valid observed proof per critical scenario (0.96925ms)
✔ rollout gate blocks wrong versions, stale epoch, unknown adapter and missing MR observation (1.155125ms)
✔ rollout gate blocks an expired explanation and an unexplained divergence (1.278125ms)
✔ rollout gate rejects tampered comparison identities and internally inconsistent statuses (0.615958ms)
✔ scenario key drops query/fragment and canonicalizes dynamic workspace and System segments (0.056625ms)
✔ legacy projection is independent from the exported adapter registry (0.067125ms)
✔ legacy oracle has no structural dependency on candidate registry or policy functions (0.383125ms)
✔ legacy oracle is anchored directly to NavigationProfile, Shell, SideRail and Mission Room UI (0.099291ms)
✔ independent legacy parsing can expose candidate drift instead of producing a synthetic match (0.147167ms)
✔ candidate constant drift cannot move the independent legacy UI oracle (0.100708ms)
✔ the current workspace is captured before dispatch and pinned across a 401 retry (32.925625ms)
✔ an explicit X-Workspace-Slug header wins over requested and current workspaces (1.062125ms)
✔ a repeated 401 is returned after one retry and is never replayed again (0.610417ms)
✔ concurrent direct requests share one refresh exchange (0.470792ms)
✔ an abort during refresh prevents the retry dispatch (2.195042ms)
✔ evaluation context written in workspace A is never read or posted in B (0.931333ms)
✔ ambiguous legacy evaluation context is consumed without adoption (0.087833ms)
✔ a tagged legacy evaluation context migrates only to its origin workspace (0.085584ms)
✔ untagged Settings preferences may migrate for a sole known workspace (1.91825ms)
✔ untagged System drafts are not attributed to the last selected workspace (0.4715ms)
✔ a workspace declares the language its pages open in (1.214792ms)
✔ a workspace that declares nothing gets no opinion (0.147666ms)
✔ a locale the product does not have is not a locale (0.0845ms)
✔ a presentation block that is not a block is ignored, not trusted (0.068959ms)
✔ workspace Chat is not reused when the deep-link slug changes (0.544625ms)
✔ workspace Chat remains reusable inside the same workspace (0.09475ms)
✔ workspace shell is recreated from workspace A settings to workspace B settings (0.068833ms)
✔ hierarchy detail components are recreated when their route-owned id changes (0.124625ms)
✔ Experience Studio editor is recreated when its application id changes (0.159459ms)
✔ unrelated parameterized routes keep Angular default reuse semantics (0.062292ms)
✔ a stale preset list rejects instead of triggering a B fallback for an A id (4.838625ms)
✔ a late maritime snapshot completes without reaching public subscribers (2.513417ms)
✔ HelpService pins A and completes a stale public load without replaying it in B (1.592083ms)
✔ RuntimeHealthService pins A and hides a late A response from signals and subscribers (1.901292ms)
✔ PermissionsService pins A and suppresses a late IAM matrix after A→B (0.587584ms)
✔ SystemsStore pins load/getById to A and exposes no late A system in B (1.23475ms)
✔ POST and Run SSE streams use the workspace captured at subscription time (32.24725ms)
✔ a workspace switch aborts an open POST stream without leaking an error frame (0.600875ms)
✔ a workspace switch aborts an open Run stream without a late event (0.2865ms)
✔ WorkspaceViewContext clears A synchronously and reloads only after B is published (0.910625ms)
✔ WorkspaceViewContext rejects a late route id and skips superseded reload epochs (0.114125ms)
✔ runtime entitlement catalog accepts a future key and keeps the four Andritz labels compatible (3.181208ms)
✔ toggling a known entitlement preserves valid active keys absent from the runtime catalog (0.343042ms)
✔ workspace switch clears registered context before publishing one new slug/epoch (5.488875ms)
✔ workspace app platform authority enables member entitlement administration without the legacy flag (0.650375ms)
✔ same-slug workspace recreation invalidates the old identity atomically (0.696458ms)
✔ a late workspace response cannot repopulate context after a switch (1.491292ms)
✔ workspace settings writes can pin an explicit workspace header (0.695833ms)
✔ member administration sends an explicit canonical app entitlement decision (0.340916ms)
✔ a storage write failure cannot split the workspace transaction (1.820916ms)
✔ effective feature revocation is synchronous, same-epoch and idempotent (0.860792ms)
✔ Run deep link resolves the real Capability → System → Run graph and keeps the lens (10.014875ms)
✔ SkillInvocation deep link resolves a runtime leaf without becoming a catalog Skill (9.424375ms)
✔ a catalog Skill is not attached to a Run that never invoked it (7.005666ms)
✔ a Skill configured on the System is still rejected when the selected Run never invoked it (3.333791ms)
✔ a scoped Skill list cannot forge a Skill edge under a Run that never invoked it (3.949083ms)
✔ scoped-list rail clicks are inert while canonical ancestry is still loading (2.980458ms)
✔ global object jumps clear the previous ancestry and UrlTree parsing keeps query separators (21.038792ms)
✔ axes v4 sends Hypervisor to Portfolio while object lenses keep the selected System (2.327333ms)
✔ the selected System path rejects a Run query from another branch (4.939084ms)
✔ an unflagged workspace ignores routed axes and emits legacy object links (5.379958ms)
✔ nav v5 zone sommaire omits ?scope= (I5) (2.074375ms)
✔ Flow builder follows the proven System, else the scratchpad — never session memory (8.272417ms)
✔ parentUrl is the breadcrumb parent (D6) (3.154ms)
✔ parentUrl of a non-hierarchy object is its catalog list (4.60125ms)
✔ workspace reset clears synchronously and ignores the late graph from the old epoch (7.184583ms)
✔ an invocation absent from the authorized Run cannot inherit forged query parents (2.854875ms)
✔ signin presentation is selected by the explicit experience contract (0.543542ms)
✔ legacy Sentinel workspace links keep the same presentation without component slug logic (0.511666ms)
✔ unknown profile fails closed to standard and cannot reactivate a legacy alias (0.191125ms)
✔ historical demo-only link preserves its prefilled account (0.10575ms)
✔ Capabilities purges A, reloads B and follows focus across browser history (6.1485ms)
✔ Capability facets follow validated query state and tab changes merge the URL (9.429416ms)
✔ Capability facet routing leaves the historical gate-off behavior unchanged (1.092542ms)
✔ Capability falls back without an error panel when the server revokes its projection (4.605083ms)
✔ Capability loads its projection when the effective gate activates in the same workspace epoch (0.332666ms)
✔ a coverage gap is applied as the tier decision it is, not as 36 toggles (7.018292ms)
✔ the unclaimed group is the only gap that enables skills one by one (0.399208ms)
✔ enabling a hidden capability also lifts the hide that outranks it (0.367708ms)
✔ an app-written override is attributed to its app and cannot be removed here (0.520042ms)
✔ hiding a visible skill and enabling a filtered one write opposite levers (0.360916ms)
✔ the escape-hatch list stays closed until searched (0.413916ms)
✔ a failed write leaves the displayed policy untouched and says so (0.45525ms)
✔ switching workspace purges the coverage and reloads for the new one (0.289875ms)
✔ a read-only member sees the report without write affordances (0.167208ms)
✔ workspace switch closes the drawer, revokes its blob and ignores later preview data (5.918125ms)
✔ network recovery retains the exact idempotency request and session (9.041458ms)
✔ workspace changes discard late responses and scope changes do not share memory (0.900208ms)
✔ voice oracle timeline only uses registered Lucide icons (13.227417ms)
✔ a late session create from A cannot select, store or render the A session in B (6.715292ms)
✔ a late open-session response from A cannot restore its messages in B (1.332917ms)
✔ evaluation and Deep Search poll responses from A cannot mutate B (2.327917ms)
✔ HITL message polling is unique per session and Run, then refreshes the pending bubble (1.094ms)
✔ a HITL poll from a conversation left behind cannot mutate the active conversation (1.245708ms)
✔ spreadsheet citations preserve the sheet and cell range in the source preview request (1.182125ms)
✔ a fresh publication conversation ignores stored history but can select its newly created session (0.370875ms)
✔ publication context describes its collection rather than uploaded session files (0.456417ms)
✔ a late upload response from A cannot start an ephemeral context in B (28.183583ms)
✔ a late A context creation cannot attach its id or documents to B (18.215833ms)
✔ Client360 pins validateMapping -> reload/run to A and cancels the chain on A -> B (7.371417ms)
✔ Client360 pins and cancels every runEngine refresh read before it can mutate B (1.658083ms)
✔ Client360 annuaire selection pre-fills targeting and posts customer_keys on create (0.524792ms)
✔ Client360 surfaces dedup outcomes after campaign draft generation (0.735375ms)
✔ Client360 fiche next-due CTA targets the customer with a due window (0.295666ms)
✔ Client360 fiche loads in two phases: payload without AI summary, then async summary merge (0.407583ms)
✔ Client360 pins fiche and summary to one workspace epoch and purges them on switch (2.525167ms)
✔ Client360 fiche pages long lists client-side with show-more increments (0.515375ms)
✔ Client360 landing page collapses alerts to a digest and pages the table (1.598375ms)
✔ Client360 business selections use named keyboard controls instead of clickable rows (1.490792ms)
✔ Client360 pins syncFromCollection to A and cancels refresh on A -> B (4.1485ms)
✔ every Client360 network call is pinned to a workspace epoch and scoped by header (3.37825ms)
✔ classifies live SAP names as read or write without inventing aliases (0.53375ms)
✔ humanizes OData and custom-field names for the catalog (0.319791ms)
✔ groups header and item tools on the same object (10.344ms)
✔ hostname wins when a credential-file label would swap PR and PO (0.526958ms)
✔ falls back to the attached server id when the host is unknown (0.155917ms)
✔ readiness comes from live tool names, not invented PDF aliases (0.097792ms)
✔ orders the four Nawa servers as the PR to PO showcase (0.554792ms)
✔ only pending and ingesting keep a surface polling (0.990958ms)
✔ every dataset status is classified, so none can silently spin forever (0.414209ms)
✔ each origin gets its own icon so provenance reads without a legend (0.085917ms)
✔ the columns a model wrote are the ones it says it added (0.085916ms)
✔ a dataset nobody scored attributes nothing (0.066459ms)
✔ the credited model names its version, since promoting one changes answers (0.077667ms)
✔ a lineage block that names no model produces no half-written badge (0.069042ms)
✔ a dead link to a dataset says so, and offers the way back (0.334583ms)
✔ the detail page badges the scored columns and links back to the card (3.367834ms)
✔ a column header opens its own profile, and only when it has one (0.253917ms)
✔ the profile popover names every statistic it prints, in both languages (0.077584ms)
✔ the surfaces that show a preview tell the table how many rows there are (4.915125ms)
✔ the preview can be walked past the rows the ingest cached (0.215041ms)
✔ the ingest reads as a check-list, not as one line at a time (2.57025ms)
✔ a step from an older worker is refused rather than rendered raw (0.174583ms)
✔ every step has a sentence in both locales, counted and not (0.106333ms)
✔ a scored table reports its own steps, not the ingest’s (0.12275ms)
✔ a bar is a direction, not a rectangle (0.577375ms)
✔ the bars keep the two colours that mean something (0.334667ms)
✔ a bar arrives in rank order, on a delay the arithmetic decides (0.117541ms)
✔ a count and its share are typeset as two different things (0.18875ms)
✔ the matrix says the share its shading encodes (0.095875ms)
✔ the matrix uncovers itself across the diagonal (0.060583ms)
✔ a hovered cell is raised, never recoloured (0.087166ms)
✔ every entrance in the kit yields to a reader who asked for less motion (0.11525ms)
✔ a tooltip does not stand on the curve it is quoting (0.077417ms)
✔ a curve with nothing to draw yields nothing rather than a stray dot (3.50125ms)
✔ a regression fit is scaled to the target’s own units, not the unit square (0.367917ms)
✔ a degenerate domain is padded instead of dividing by zero (0.216875ms)
✔ a ROC’s reference is the diagonal of the box it is drawn in (0.400125ms)
✔ a prevalence level spans the plot, or is refused rather than clamped (0.242166ms)
✔ an identity reference is a series like any other, and is filtered like one (0.18225ms)
✔ a token becomes a colour a canvas can fill with (0.776166ms)
✔ a colour nothing can parse fills with nothing, not with everything (0.103375ms)
✔ the wash under a curve is spent against the line and none of it on the floor (0.295042ms)
✔ a wash nothing can parse is no wash, not an opaque one (0.218708ms)
✔ a reveal starts closed, ends open, and never reverses (0.11575ms)
✔ a reveal with no time to run is already over (0.057416ms)
✔ the confusion matrix is shaded per actual row, not per grand total (0.1435ms)
✔ a malformed or absent matrix renders nothing at all (0.073167ms)
✔ an empty row divides by nothing and stays at zero (0.0705ms)
✔ a cell that holds anything is tinted, and the diagonal is the green one (1.507125ms)
✔ a stagger a reader can follow, on a set of any size (0.08425ms)
✔ a long list compresses its step instead of outstaying its welcome (0.091041ms)
✔ a stagger only ever runs forwards (0.180583ms)
✔ an index past the end of its set waits no longer than the end does (0.044417ms)
✔ viewer stays in Work while reviewer can inspect the Studio inventory (0.435709ms)
✔ contributors and workspace administrators can edit Studio experiences (0.078584ms)
✔ result inspection follows its producing component and respects business navigation (3.676333ms)
✔ a chart with no binding draws the series the document shipped with (44.844ms)
✔ a run-output binding replaces the series the document shipped with (0.754875ms)
✔ a bound chart follows the run it waits on, not the series it was authored with (0.6845ms)
✔ a binding that resolved to something undrawable shows the empty state (1.168833ms)
✔ a chart reads the fields it was told to read, and label/value when it was told nothing (0.832833ms)
✔ an unrecognised kind draws bars rather than refusing the document (0.192708ms)
✔ a bar carries its share of the base, and only when there is a base (0.50175ms)
✔ a ramp is drawn only when the author said the bands are ordered (2.611792ms)
✔ a donut says what the ring adds up to (0.898292ms)
✔ a donut announces the numbers its canvas hides (0.217417ms)
✔ immutable renderer pins route to distinct catalogs and unknown pins fail closed (2.6345ms)
✔ versioned components keep distinct Angular style scopes (324.792083ms)
✔ a type the current catalog gained degrades on the renderer a release is pinned to (0.608458ms)
✔ fieldsFromSchema maps string/number/enum/date/boolean/file (1.658458ms)
✔ form presentation localizes copy without changing schema values (0.999917ms)
✔ certified no-code forms reject schema shapes the renderer cannot enforce (0.380667ms)
✔ schema identifiers keep payload keys but expose deterministic business labels (0.142209ms)
✔ selector-free template bindings project common output shapes (0.184583ms)
✔ a chart series scales its bars against the largest value it plots (0.321458ms)
✔ a share is only offered for a series that is a whole to take a share of (0.663667ms)
✔ a ramp spans its anchors however many bars the run came back with (2.290542ms)
✔ a ramp between two hues stays a colour instead of passing through grey (0.520167ms)
✔ a palette is opt-in, because a ramp claims an order the data may not have (0.154375ms)
✔ a chart drops rows no bar can honestly stand for (0.169042ms)
✔ over the cap a chart keeps the largest values in the order they arrived (0.122958ms)
✔ an unrecognised chart kind draws bars rather than nothing (0.086041ms)
✔ business results are bounded, nested and humanised without JSON fallback (0.392833ms)
✔ BRD text length constraints are enforced without truncation or UTF-16 counting (1.339875ms)
✔ validateValues flags required and invalid numbers, accepts a filled form (0.129583ms)
✔ the authoring catalog creates releases against renderer 0.2 (0.032375ms)
✔ document copy resolves explicit i18n refs with a controlled fallback (0.446209ms)
✔ data/query bindings are closed and selectors cannot traverse prototypes (0.173542ms)
✔ only an uploaded document id is a ready file reference (0.050958ms)
✔ after-success behavior is a closed catalog with safe page ids (0.106541ms)
✔ unknown types fall back; nested page is ignored (0.099042ms)
✔ renderableComponents drops an action_button that duplicates the form submit (0.088292ms)
✔ appearance props persist on a page and a node (0.096334ms)
✔ a width nobody wrote, or wrote wrong, is the whole row (0.044792ms)
✔ each width divides a page row with nothing left over (0.041084ms)
✔ a header keeps its row while the panels of a board may share one (0.033625ms)
✔ the page grid is cut into the tracks the width projection counts (0.510042ms)
✔ the renderer a pinned release draws through never learned about columns (0.158958ms)
✔ custom accents always choose the higher-contrast text colour (0.322291ms)
✔ a11y aria on a button and a form (0.1205ms)
✔ a block that draws nothing on a bad morning is offered the words to say so (0.0355ms)
✔ mapRunStatus uses business vocabulary; citations read output_ref (0.08725ms)
✔ firstManualIngress skips non-manual entries (2.267792ms)
✔ systemHomeBlocker rejects non-actionable one-click homes (0.7155ms)
✔ hasHitlHint reads graph kinds and ingress ids (0.334416ms)
✔ compileSystemHome builds form_result from the manual contract (0.674666ms)
✔ BRD text bounds reach the Work form unchanged (2.945667ms)
✔ compileSystemHome adds approval_card when a hitl hint is present (0.447125ms)
✔ remapSystemHomeBinding keeps the generated source on the replacement key (0.141875ms)
✔ unique identifiers stay within the backend regexes (0.313791ms)
✔ slugify strips accents and punctuation into a url token (1.65975ms)
✔ experienceSlug is a valid API slug and stays unique against taken values (0.202375ms)
✔ a binding key names its System entry point and never collides (0.123042ms)
✔ schema selector options keep no-code authors on compatible output paths (1.280542ms)
✔ wizard bindings hydrate the generated form and add usable extra actions (0.401125ms)
✔ a generated System Home keeps one source action and binds extra actions (0.166041ms)
✔ data-led templates wire their widgets to the linked action output (0.302625ms)
✔ data-led templates accept only outputs their generated widgets can render (0.14025ms)
✔ draft payload keeps localized copy dictionaries and references intact (0.144042ms)
✔ bindingSharedWith names the other applications a binding serves (0.138542ms)
✔ release review preserves a groups-only access policy (0.099334ms)
✔ deploying an existing release reviews its immutable snapshot (0.143375ms)
✔ release and rollback requests carry the state reviewed by the author (0.490542ms)
✔ deployment compares the channel head captured when review opens (0.31375ms)
✔ deployment conflicts refresh the CAS heads used by retry (0.195875ms)
✔ wizard metadata updates compare the row version last loaded by the author (0.096709ms)
✔ metadata responses cannot roll the local draft revision backwards (0.066083ms)
✔ draft history restore is append-only, confirmed and revision-safe (0.326334ms)
✔ applyPatch add/remove/rename and undo/redo on the revision stack (0.8925ms)
✔ pages can be added and removed, never below the last one (0.568625ms)
✔ move_component reorders inside a page and stops at the edges (0.356125ms)
✔ ready-check dialog cannot release with blockers or empty notes (0.180166ms)
✔ release review classifies semantic changes and marks user-impacting removals as breaking (0.818833ms)
✔ additive release changes do not require a breaking-change acknowledgement (0.08ms)
✔ publication review compares the exact saved snapshot before enabling release (0.080708ms)
✔ wizard makes creation and workspace-level binding effects explicit (0.138583ms)
✔ wizard refreshes stale System versions without retargeting shared bindings (0.108167ms)
✔ editor invalidates readiness while dirty and fails closed on shared binding catalog errors (0.108166ms)
✔ editor authors localized form copy without rewriting the executable schema (0.142958ms)
✔ editor route work is cancelled and readiness waits for the final queued save (0.16025ms)
✔ editor preserves the Work page context in both directions (0.976584ms)
✔ Work and Studio can roll out independently without breaking legacy workspaces (0.043292ms)
✔ data inspector keeps schema fields and result paths no-code while raw JSON stays advanced (0.092875ms)
✔ dirty or saving editor state blocks route and browser navigation until confirmed (0.072834ms)
✔ editor keyboard history maps Cmd or Ctrl+Z once and leaves form controls alone (0.079792ms)
✔ form binding changes wait for the latest ingress schema and fail closed (0.100208ms)
✔ wizard requires an explicit audience and exposes step semantics (0.098709ms)
✔ catalog failures propagate to distinct retryable states (0.113375ms)
✔ wizard stores published outputs and blocks data-led templates without a compatible source (0.117541ms)
✔ release and deployment remain two explicit actions (0.121667ms)
✔ inventory filters follow live > pilot > draft (0.094875ms)
✔ inventory audience distinguishes groups, open access, and absent draft policy (0.111125ms)
✔ Preview as evaluates access locally without impersonating or loading data (0.388125ms)
✔ reviewers receive a read-only review link for every inventory row (0.275791ms)
✔ viewHref resolves the immutable Work release before a dual-run redirect (0.393958ms)
✔ applying appearance props updates node and page (0.134375ms)
✔ Appearance owns only visual properties while localised copy stays in Content (0.192458ms)
✔ Appearance offers a width to the blocks that may share a row (0.106125ms)
✔ the palette is offered on charts, with the warning that earns the ramp (0.216958ms)
✔ application identity flows through create, metadata edit, and localised a11y authoring (0.314125ms)
✔ assistant patch reject unknown type (0.862167ms)
✔ assistant proposes local patches for empty-state, rename, approval_card (1.427834ms)
✔ the factory cycle is the live Experience binding, not a System API shortcut (1.118958ms)
✔ a cycle may start only when the work binding resolve is ok (0.255417ms)
✔ lineage hrefs stay on the System and the Run (0.215542ms)
✔ the factory portal bridge opens workspace chat on the System (0.222625ms)
✔ factory provenance is the Experience origin on the Run ingress (2.40925ms)
✔ security invariant: the browser has no SAP path — no MCP call, no BAPI body (9.335916ms)
✔ the studio node list mirrors the published DAG, one entry per node (1.420666ms)
✔ the launch payload carries only known guardrails and an optional pin (0.859875ms)
✔ a paused run projects to running-until-the-gate with the server calls verbatim (0.731333ms)
✔ a failed node reads as error with the walker message, not a silent skip (0.3235ms)
✔ the gate package comes from hitl.upstream and names every source (58.418167ms)
✔ a zero-price package is flagged the way SAP will refuse it (06/215) (2.401125ms)
✔ settled, busy and decided follow the HITL decision, not only the run status (1.159541ms)
✔ an approved run shows the create + commit pair and the PO number from the gate envelope (2.916875ms)
✔ sealed, blocked and refused writes keep their own verdicts (3.782291ms)
✔ the chat fact sheet is the run: open rows, majority terms, budget, proposal state (2.92675ms)
✔ the chat write dialogue follows the run: preparing → proposing → posting → posted (1.084917ms)
✔ invocation lookup takes the latest row for a node and calls are verbatim JSON (1.450834ms)
✔ launcher redirects when exactly one app is openable (1.9465ms)
✔ live_href on theme is the launch target for dual-run apps (0.160792ms)
✔ validations surface from pattern or certified nodes (0.467375ms)
✔ release theme and page links are safe, stable projections (0.326959ms)
✔ studioHref opens the editor and carries safe Work context (0.22425ms)
✔ author roles can edit; locale list keeps fr/en only (0.093708ms)
✔ Work renders the immutable release identity with a legacy fallback (1.052125ms)
✔ all Work chrome stays in business language in both locales (14.275375ms)
✔ runtime copy rendered inside Work stays in business language (0.564625ms)
✔ runtime failures never render raw backend detail to viewers (0.257292ms)
✔ validation loading failures stay distinct from an empty queue and can be retried (0.158542ms)
✔ Work hides Studio actions when authoring is disabled for the workspace (0.164083ms)
✔ Work editor links preserve the application ID and release context as router query parameters (1.600375ms)
✔ Experience governance is reviewer-plus and never broadens contributor access (0.453125ms)
✔ inventory reflects the effective channel and filters business names (0.947792ms)
✔ audit filtering relates lifecycle and binding events to the selected application (0.156833ms)
✔ audiences and drift stay compact governance projections (0.133666ms)
✔ unavailable drift data never renders a healthy zero or green state (0.286958ms)
✔ Govern navigation remains contained and keyboard-reachable on narrow viewports (0.117625ms)
✔ workspace app repair remains directly available to workspace admins (1.655708ms)
✔ invalid runtime sends non-admins to the isolated unavailable page (0.213583ms)
✔ legacy non-admin lifecycle access keeps its governance fallback (0.1335ms)
✔ admin UI performs exact plan/apply and reuses its Idempotency-Key after a failed retry (7.243166ms)
✔ workspace epoch reset atomically clears catalog, pending plan, receipt and retry state (0.411583ms)
✔ a delayed registry response from workspace A cannot replace the loaded workspace B catalog (0.5505ms)
✔ non-admin UI does not call the governance API even when reached directly (0.141375ms)
✔ catalog sorts strict semver and derives only valid authoritative transitions (1.515208ms)
✔ an absent app installs only the latest exact digest and never carries settings or entitlements (0.12425ms)
✔ an installed row whose digest is absent from the registry cannot be uninstalled from the UI (0.562708ms)
✔ response identity rejects an old workspace epoch even when a slug is reused (0.092792ms)
✔ apply retries reuse one key; success and workspace reset retire it (0.179292ms)
✔ a blueprint dry-run remains applicable only for its exact target and choices (0.908417ms)
✔ JSON edits and policy changes invalidate a blueprint plan (0.193625ms)
✔ computes a delta only when both measurements are present (1.1005ms)
✔ counts capabilities independently from any Run aggregate (0.339667ms)
✔ formats numeric impact values without changing the historical display (0.302542ms)
✔ renders descriptive impact values and rejects values that cannot be displayed (0.158459ms)
✔ portfolio value-loop summary preserves real zero risk and measured outcome (0.850041ms)
✔ portfolio value-loop summary never turns missing or unconfigured evidence into zero (0.228625ms)
✔ builds a UTC calendar from naive from/to and does not pad missing days (5.731ms)
✔ joins sparse buckets by date and never treats absence as not_configured zero (17.307583ms)
✔ partitions hors-denominateur on hours and keeps native units in-denominator (0.522084ms)
✔ runs projection is ink-only, never sums native units, and shares a dot step (1.674334ms)
✔ picks the peak day from measured+declared and marks stale systems (0.337ms)
✔ sankey widths are run counts and outside systems keep their native outcome (0.176792ms)
✔ rivers stack measured first, then declared by weight with alternating teal tones (0.17525ms)
✔ calendar ticks carry range bounds and ISO weeks without crowding the end (0.122792ms)
✔ week spark collapses the calendar from the end without fabricating cost (0.13925ms)
✔ foldFacts never returns a fabricated zero for a non-available fact (0.1235ms)
✔ sorts register rows with null facts last (0.12675ms)
✔ basis helpers treat status none as unusable (0.0565ms)
✔ ratio stays unset when cost is not measured (0.114959ms)
✔ parseViewsPayload falls back to Direction / Operations / Conformite defaults (1.282833ms)
✔ legacy units denominator is an alias of runs (0.099084ms)
✔ toggle and move keep the rest of the view intact (0.114458ms)
✔ replaceView is a full-list replace of one id (0.142959ms)
✔ workspace reset synchronously purges Capture tenant signals before B is published (5.919666ms)
✔ workspace reset during feed hydration neither mutates B nor opens session A transport (2.082167ms)
✔ a LiveKit connection created after A→B is immediately closed and never falls back (0.91025ms)
✔ a rejected LiveKit open after A→B cannot enter the backend fallback (0.927291ms)
✔ workspace reset invalidates an in-flight finalize recovery before its HTTP POST fallback (1.030458ms)
✔ publication requires an explicit accepted state, never triggers review (0.75575ms)
✔ a loaded publication restores its receipt and clears on session change (0.244458ms)
✔ a lost publication reply recovers the stored receipt without a second POST (0.34275ms)
✔ late publication replies cannot restore another workspace receipt (0.467ms)
✔ a proposal from another session cannot restore a publication (0.462709ms)
✔ a successful publication stores the canonical receipt without an implicit review (0.895833ms)
✔ FSE template plan remains blocked until its System is resolved (1.425ms)
✔ FSE template exposes three EX70 intervention types with plan seeds (0.592667ms)
✔ equipment_progress applies only to weekly_site and process (0.111625ms)
✔ seed defaults prefill HSE, distribution and site_modifications (0.209334ms)
✔ checkbox_group and equipment_progress fill rules (0.13475ms)
✔ weekLabelFromIsoDate returns ISO week (0.115625ms)
✔ FSE cartouche exposes week and issued_by (0.057709ms)
✔ coerceCaptureTemplate merges intervention_types and field options (0.2835ms)
✔ composePublicationName follows PROJECT-Supervisor-Week (0.121417ms)
✔ pickFseSystem uses template_id then name when no binding (0.79075ms)
✔ pickFseSystem prefers a bound id that is still in the list (0.108333ms)
✔ systemIdFromBindingResolve only accepts an ok binding (0.076208ms)
✔ publication opens only its confirmed collection, without interview memory or duplicate creation (7.557541ms)
✔ failed or wrong-scope context never opens chat and can be retried (0.39975ms)
✔ workspace, publication change, close and destruction cancel pending handoffs (0.438ms)
✔ the publication handoff stays within the existing adoption rollout (0.147958ms)
✔ unknown delivery reuses request identity and double click does not resubmit (13.490375ms)
✔ stale state is explained and a rejected request can be reviewed again (0.377958ms)
✔ workspace changes discard late retry responses (0.170916ms)
✔ non-admin, active, completed and governed ingestions cannot be retried from the panel (0.182625ms)
✔ every recovery label exists in both languages (0.229334ms)
✔ only a persisted missing-original diagnosis replaces the raw error (0.254958ms)
✔ timestamps respect the selected locale and naive server timestamps stay UTC (27.159583ms)
✔ source retrieval failure is not converted to an empty collection (0.237042ms)
✔ a resolved LiveKit A connection is closed before the consumer can fallback under B (0.989875ms)
✔ workspace reset during microphone enable cannot rearm capture in B (0.280584ms)
✔ command palette drops A index and rejects an old dynamic command after A→B (6.33475ms)
✔ Capability scope hides its own level and routes Systems inside the same ancestry (13.380875ms)
✔ clicking the active mini-rail scope is a strict no-op (1.579083ms)
✔ an unflagged workspace keeps the historical Operate section set (0.56625ms)
✔ the Flow entry reads Scratchpad only while it opens the scratchpad (0.8085ms)
✔ sections other than Flow are named from the catalog whatever the URL (1.029875ms)
✔ axes v4 exposes no object index under the Portfolio-only Hypervisor destination (0.424583ms)
✔ experience studio prepends Business application to the Create catalogues (0.203ms)
✔ nav v5 Operate sommaire has no object ladder and exposes a System facet branch (I1) (0.744958ms)
✔ breadcrumb renders only graph-proven nodes with their canonical labels and hrefs (3.420875ms)
✔ side rail delegates every lens route to the route-owned navigation projection (2.609833ms)
✔ demo rail uses Mission Room home only when the extension is enabled (0.306542ms)
✔ axes v4 makes Hypervisor the Portfolio home even in a demo workspace (0.17725ms)
✔ experience_v1 Build verb opens the Create hub (0.176666ms)
✔ TitleBar drops A telemetry atomically and reloads only B after a workspace switch (4.359083ms)
✔ TitleBar commits B only after the guarded exit from A succeeds (0.502667ms)
✔ a tenant without a light variant shows the same emblem in both themes (0.442208ms)
✔ a declared light variant is swapped in on the light theme, live (0.22125ms)
✔ a workspace with no brand at all keeps the Agentium mark (1.104333ms)
✔ generic provider renders only neutral copy and calls the exact core contracts (7.012541ms)
✔ generic provider purges atomically and rejects every late previous-workspace payload (0.483042ms)
✔ generic provider direct switch delegates only after its old epoch is purged (0.252875ms)
✔ unknown and specialized views never issue provider requests (4.629625ms)
✔ MissionRoom presentation uses runtime authority over crossed legacy settings (33.605166ms)
✔ MissionRoom direct construction stays neutral when enabled runtime authority is invalid (8.9555ms)
✔ MissionRoom observes the authoritative navigation payload only after installing it unchanged (11.043708ms)
✔ MissionRoom neither installs nor observes a navigation response invalidated by A -> B (17.412208ms)
✔ MissionRoom direct rail switch purges tenant state before publishing the next epoch (1.592084ms)
✔ MissionRoom continues the legacy payload flow when shadow observation throws (1.41425ms)
✔ MissionRoom cancels the scoped createAction refresh before late A reads can mutate B (3.163959ms)
✔ MissionRoom cancels action and pending-agenda continuations on A -> B (5.615917ms)
✔ MissionRoom startMeeting stays pinned to A and cannot navigate after A -> B (6.408083ms)
✔ MissionRoom cancels visual capture and image hydration before Sentinel can leak into Octocity (5.873542ms)
✔ MissionRoom cancels every agenda write continuation before Sentinel -> Octocity publication (5.805958ms)
✔ MissionRoom ignores a delayed search response across sentinel-ci -> octocity-mission-room (1.377083ms)
✔ MissionRoom ignores a delayed search response across octocity-mission-room -> sentinel-ci (0.797666ms)
✔ generic Agentium branding is not classified as the Octocity presentation (1.980292ms)
✔ Mission Room extension keeps the existing route and API contract (2.347334ms)
✔ Sentinel resolves its own brand, assistant and action packs (2.426125ms)
✔ Octocity resolves its own brand, assistant and action packs without Sentinel terms (0.362667ms)
✔ immersive shell is restricted to an enabled demo extension route (0.303583ms)
✔ legacy Sentinel demo profile resolves to the canonical extension profile (0.18825ms)
✔ authoritative Sentinel runtime ignores every tampered Octocity legacy field (0.854ms)
✔ authoritative Octocity runtime ignores every tampered Sentinel legacy field (0.404208ms)
✔ enabled Workspace App platform never falls back to legacy Mission Room settings (0.216416ms)
✔ generic 1.0 and 1.1 installs stay fail closed without a provider contract (0.304167ms)
✔ generic 1.2 runtime is enabled only by the exact provider contract (0.30025ms)
✔ Octocity last-mile presentation removes every Sentinel vocabulary family (0.582459ms)
✔ presentation is profile-scoped and bounded around the CI token (0.133458ms)
✔ Mission Room extension preserves its exact public route table (2.47625ms)
✔ macro strip renders nothing tenant-branded before its aggregate answers (6.266375ms)
✔ macro strip stays tenant-neutral when the aggregate fails (0.622375ms)
✔ macro strip renders the workspace payload it is actually served (21.530958ms)
✔ every key the serving surfaces name has FR and EN copy (1.43375ms)
✔ the card mounts the Playground on the read it already made (0.438708ms)
✔ the request the Playground sends is MLflow serving shape (0.139291ms)
✔ a card off the serving alias predicts from itself, form and snippet alike (0.996ms)
✔ an answer shows itself to whoever pressed the button (0.827083ms)
✔ the route and the header are the server’s facts, never retyped in the UI (0.237125ms)
✔ the key panel shows a prefix, and the secret only from the mint response (0.281417ms)
✔ a revoked key stays visible, because a demo has to show it stop answering (0.340875ms)
✔ the gauge animates, because the jump is the argument (0.459834ms)
✔ the dial is an instrument: a ramp, a glow, and a point to read it off (0.360708ms)
✔ one property carries the dial’s verdict to everything drawn from it (0.743209ms)
✔ each dial owns the gradient it paints itself with (0.323292ms)
✔ the explanation is asked for explicitly, and only for the one row on screen (0.136584ms)
✔ publishing links into the catalog and carries the model’s provenance (0.4735ms)
✔ the catalog card says which model a published skill answers from (8.636333ms)
✔ the monitoring tab reads the journal and closes the feedback loop (0.385167ms)
✔ the score tiles carry a delta and the comparison tab is mounted (0.309708ms)
✔ the card names the challenger, and takes that fact from the server (0.51675ms)
✔ promotion hands back both halves of the lineage (0.169375ms)
✔ the card says which version it is without opening a tab (0.115917ms)
✔ the hero says what kind of model this is, not only how it was fitted (0.182709ms)
✔ a dead link to a model says so, and offers the way back (0.259916ms)
✔ the card banner is the pipeline, not the version chain (0.176041ms)
✔ the lineage reads forwards, and marks the current and the serving one apart (0.202083ms)
✔ the model card draws its charts from the shared viz kit (0.214916ms)
✔ the curves are chart.js, and they are hoverable, because the elbow is the argument (0.541875ms)
✔ the comparison tab weighs a pair, and never one version against itself (0.16425ms)
✔ a fit reads as a check-list wherever it is watched, and says when it lands (0.418541ms)
✔ only a queued or running fit keeps a surface polling (1.917125ms)
✔ every model status is classified, so none can silently spin forever (1.230209ms)
✔ each algorithm family gets its own icon so the picker reads at a glance (0.133708ms)
✔ a metric is rendered in its own units, never as a bare ratio (15.375458ms)
✔ a missing score reads as absent rather than as a zero (0.0955ms)
✔ a verdict is only given where the metric scale is absolute (0.088708ms)
✔ higher-is-better is stated per metric, not assumed (0.060917ms)
✔ the row score prefers the list payload but falls back to the detail block (0.095041ms)
✔ the best score never ranks one metric against another (0.131708ms)
✔ the best score minimises a metric where lower is better (0.118416ms)
✔ an unfinished or unscored run cannot become the best score (0.075375ms)
✔ importances are normalized against the strongest column of the run (0.134667ms)
✔ a column that hurt the score is flagged, and still sized by magnitude (0.046584ms)
✔ importances are capped so a wide table cannot become the whole card (0.091958ms)
✔ class balance carries the share, which is what makes accuracy readable (0.100875ms)
✔ a knob is clamped the way the backend will clamp it (0.065333ms)
✔ a knob at its auto point reads as “let the estimator decide” (0.041459ms)
✔ knob defaults come from the descriptor, so the form opens where the server would (0.06525ms)
✔ the target picker offers only what can actually be predicted (0.054041ms)
✔ a numeric column stays offered however many values it holds (0.037208ms)
✔ plan columns project into the shared table without losing the profile (0.085459ms)
✔ features default to every column but the target, as the backend does (0.045834ms)
✔ every refusal the backend can raise has a sentence and a field (0.057208ms)
✔ a refusal renders next to the choice that caused it (0.044708ms)
✔ the identifier warning is named, so a leaky column is called out by name (0.047833ms)
✔ a worker error splits into the code the UI can name and the line it cannot (0.137375ms)
✔ a multi-line harness error keeps its tail, which is where the cause is (0.036292ms)
✔ every terminal failure the worker writes has a sentence of its own (0.048209ms)
✔ the form opens on the example the fit carried, not on the contract default (0.06ms)
✔ with no example the form still opens filled, from the typical row (0.032417ms)
✔ a field with neither example nor default opens empty rather than as "undefined" (0.035042ms)
✔ a numeric box is sent as a number and a cleared box as a hole (0.06625ms)
✔ a numeric field holding text is sent as it was typed, so the refusal names it (0.058917ms)
✔ the gauge is about the positive class, named, not a bare number (0.14ms)
✔ the dial is measured against the circle a browser actually draws (0.040125ms)
✔ the handle rides the tip of the stroke it terminates (0.168458ms)
✔ a full dial parks its handle a dot short of the pattern, not off the end (0.061458ms)
✔ landing outside the positive class reads as a probability of it, not of the answer (0.061542ms)
✔ with no positive class the gauge falls back to how sure the model is (0.051083ms)
✔ a row with nothing to show on the dial draws no dial at all (0.051416ms)
✔ contributions are normalized against the strongest effect on this row (0.119ms)
✔ the snippet is the request that was just made, key masked to its prefix (0.139542ms)
✔ a card that is not the one serving names its own version, so its form is judged against its own signature (0.040583ms)
✔ the snippet carries the same pin the button used, so a copy reproduces the answer (0.047542ms)
✔ the one response that carried a secret puts it in the snippet verbatim (0.82375ms)
✔ with no key at all the snippet says where one goes rather than looking done (0.060917ms)
✔ a provenance line names the serving version and quotes its score (0.122542ms)
✔ a provenance with no readable score still says which version answers (0.043333ms)
✔ the pipeline banner walks dataset, transform, this version and scored tables (0.107083ms)
✔ a card with only this version is not a pipeline (0.040417ms)
✔ a skill that answers from no model claims no provenance (0.034208ms)
✔ drift bars rank PSI the same way importances rank a feature (0.090584ms)
✔ the AUC trace is two points so the curve kit can draw the drop (0.065041ms)
✔ every coded serving refusal has a sentence of its own (0.057125ms)
✔ a delta is judged by the metric, so a smaller error is an improvement (0.121167ms)
✔ a move too small to mean anything is rendered flat, not as a win (0.030958ms)
✔ with nothing to compare against there is no delta rather than a fake zero (0.026084ms)
✔ a delta is measured against the newest trained version below this one (0.078208ms)
✔ a lineage of one has nothing to measure against (0.032041ms)
✔ a failed retrain never becomes the version a delta is read against (0.035ms)
✔ the version that serves compares against its contender, not against nothing (0.069625ms)
✔ a version with one below it still compares backwards (0.034708ms)
✔ a lineage of one, and a failed sibling, have nothing worth a table (0.030625ms)
✔ comparison aligns two versions and marks the side each metric favours (0.209042ms)
✔ a metric only one side produced is left out rather than shown as a drop to zero (0.035791ms)
✔ every key the model plane assembles at runtime has FR and EN copy (0.121709ms)
✔ every metric the card can score has a label and a hint in both locales (0.067958ms)
✔ a step brings the count that says how much of the wait is left (0.105292ms)
✔ the check-list follows the step the row claims, and invents none (0.161875ms)
✔ a line that will never tick is not drawn (0.074ms)
✔ the fold counter is live while the folds run, and never after (0.095208ms)
✔ the row count belongs to the fit, and to no other line (0.093708ms)
✔ every sentence the check-list can render exists in both languages (0.203666ms)
✔ a failed turn leaves the conversation open, and the next one is answered (20.366292ms)
✔ a synthesis failure keeps the room; the answer is already on screen (0.656167ms)
✔ an unreadable frame is survived without a word about it (0.412667ms)
✔ a lost room is given up, so the button means what it says (1.815167ms)
✔ a closed room is given up whatever it said on the way out (0.465709ms)
✔ a request for the live service is offered and nothing is started (3.999958ms)
✔ the identity reply fills the offer instead of reaching the engine (2.613875ms)
✔ the press takes the audited path, and forgets the code (4.789583ms)
✔ a spoken identity fills the same offer, so the press is the same (2.41925ms)
✔ nothing is offered where the workspace has no System to reach (8.829416ms)
✔ pressing again after a failed turn does not open a second room (1.156959ms)
✔ the NAWA transcript announces appended turns and its pending state (10.376416ms)
✔ the retrieval prefix is stripped, the section heading is kept (1.577584ms)
✔ a citation quotes the policy, not the document masthead (0.220417ms)
✔ front matter is never dropped to nothing (0.076417ms)
✔ a long passage is cut at a word and marked as cut (0.326208ms)
✔ the excerpt shows the sentence the answer rests on, not the chunk opening (0.202833ms)
✔ an excerpt whose opening does support the answer keeps its opening (0.09475ms)
✔ a passage that echoes nothing in the answer falls back to its beginning (0.0805ms)
✔ the excerpt obeys the same length budget as the prefix it replaces (0.134333ms)
✔ the excerpt comes from the published policy, verbatim (1.030417ms)
✔ the excerpt never quotes the document control block or a heading (0.421541ms)
✔ a policy that says nothing the answer echoes yields no excerpt (0.644833ms)
✔ file names are read as document titles (0.377542ms)
✔ elapsed time reads as a duration, never as a raw float (0.114791ms)
✔ every suggested question is a question a desk receives (0.20625ms)
✔ a staffing tally is the label plus a count and nothing else (0.596ms)
✔ the two readings partition the field, so nothing is lost by the toggle (0.460541ms)
✔ the card summary is the first prose line, never a headcount (0.280959ms)
✔ an entry the workbook left blank says nothing rather than something invented (0.169375ms)
✔ search reads the name and both process fields (0.193875ms)
✔ business totals count what is listed, missing figures included as zero (0.682291ms)
✔ the speed-up refuses to speak when the two columns do not support a claim (0.15925ms)
✔ every assistant line quotes a value the run produced (3.008209ms)
✔ the requester is quoted from the settings, never paraphrased (0.509875ms)
✔ the drafted message reaches the requester verbatim, exactly once (0.462333ms)
✔ a lane with no drafted message closes on the flow’s own outcome wording (0.189541ms)
✔ the classification is read out as the identifier the model returned (0.432917ms)
✔ no technical diagnostic reaches the conversation (0.207125ms)
✔ no bench vocabulary reaches the conversation (0.1495ms)
✔ no privileged action is narrated on a lane that performed none (0.138625ms)
✔ a paused run claims nothing while it waits (0.493584ms)
✔ an answered gate shows the decision that was recorded (0.122667ms)
✔ a queue selection with no run yet shows the request alone (0.69525ms)
✔ a System installed before the presets still renders the assistant side (0.090166ms)
✔ timestamps are clock readings, or absent (0.217333ms)
✔ 1 · the reset is recognised, offered, and not started (19.348833ms)
✔ 2 · the press composes the audited case, and never carries the code (5.720792ms)
✔ 2 · the run is read back off the run, line by line (1.096ms)
✔ 3 · a policy question is answered from the library, with its passage (0.708792ms)
✔ 4 · a planned service plays the customer’s own procedure (1.947292ms)
✔ 4 · approving resumes the walk and closes it; declining changes nothing (0.503667ms)
✔ the turns are one conversation, and the engine names it (0.438625ms)
✔ a new conversation drops the thread and sends none (1.518917ms)
✔ the same demonstration spoken renders the same turns (7.859375ms)
✔ what is spoken aloud is not what is on screen (1.523667ms)
✔ nothing in the demonstration names a provider or a model (1.588375ms)
✔ no turn of the demonstration claims an action it did not take (0.448541ms)
✔ a citation shows the passage the retrieval returned (4.10025ms)
✔ the response numbering wins, and the tool result supplies the text (1.443791ms)
✔ a citation with no chunk id is joined on its file and page (0.188791ms)
✔ a citation nothing can be quoted for is not offered (0.388542ms)
✔ the retrieval window is cut around the sentence the answer used (0.324084ms)
✔ the published policy is preferred over the retrieval window (0.1615ms)
✔ the elapsed time on screen is the wall clock the surface measured (1.588542ms)
✔ the documents a turn needs are named by bare file name (0.157167ms)
✔ the library is called unsupported only once it has been searched (0.125375ms)
✔ an engine that could not be reached says so, and claims nothing (0.166209ms)
✔ a previewed service is played from the catalogue entry the tool returned (1.8095ms)
✔ the family count comes from the catalogue the surface still holds (0.670625ms)
✔ a run the engine started is handed to the screen to follow (0.170792ms)
✔ a turn that started a run does not also play a preview of it (0.468875ms)
✔ the service that runs here is offered, not previewed (0.443167ms)
✔ the offer follows the hint when no tool named the service (0.425458ms)
✔ a service the rollout has not reached is played, never offered (1.546625ms)
✔ a question about the rules never sprouts a button (0.088833ms)
✔ the only service offered is the one this surface can actually launch (0.183458ms)
✔ a listed shortlist is shown as names (0.092791ms)
✔ a tool that refused is quoted refusing, in the engine’s own words (0.060958ms)
✔ nothing rendered names the model or the provider (0.132417ms)
✔ a spoken turn and a typed turn render identically (0.093ms)
✔ the gateway event is read as a turn, and nothing else is (0.061709ms)
✔ a payload with missing collections still renders (0.050125ms)
✔ the transcript events feed the composer while someone speaks (0.055542ms)
✔ the session id the engine returned is the one the next turn sends (0.061083ms)
✔ the header says which conversation is being remembered (0.069666ms)
✔ the catalogue is projected onto the four columns the tools read (0.087083ms)
✔ the catalogue is capped where the engine caps it (0.152458ms)
✔ an entry the engine could not project round-trips through a preview (0.201208ms)
✔ the hint and the catalogue travel together (0.201042ms)
✔ the room is opened in assistant mode, not merely on the assistant surface (0.044875ms)
✔ the gateway’s echo is what says which loop was started (0.047416ms)
✔ a failed turn is not a lost room (0.141875ms)
✔ a lost room is really lost, and unknown failures are treated as one (0.154916ms)
✔ nothing else is read as a failure of the session (0.032ms)
✔ what the room says about a failure never reaches the screen (0.039833ms)
✔ the context reaches the room in frames that reassemble into itself (0.418333ms)
✔ a frame stays under the transport’s packet ceiling, accents included (0.267625ms)
✔ a context that fits is still framed, so there is one shape and one path (0.048917ms)
✔ the catalogue the room receives is capped where the engine caps it (0.547875ms)
✔ a frame never splits a surrogate pair (0.090667ms)
✔ the chunk size is the transport’s, not a number the caller invents (0.098375ms)
✔ the remediation entry is not a waiting request (2.3945ms)
✔ dropping that row does not drop the remediation itself (1.753958ms)
✔ no catalogue vocabulary reaches a row (0.159542ms)
✔ an unauthored field is rendered as nothing, never as a stand-in (0.096167ms)
✔ a subject falls back to the request itself, truncated (0.100625ms)
✔ channels read as a service desk writes them (0.088792ms)
✔ arrival times survive both spellings the settings can carry (0.063541ms)
✔ a settings entry that is not an object is treated as absent (0.063333ms)
✔ the catalogue the harness reads is the shipped one (0.648125ms)
✔ the catalogue travels on every turn, hint or no hint (3.221625ms)
✔ a router with no opinion sends no hint at all (1.429792ms)
✔ a hint names a service and says whether it executes here (1.044208ms)
✔ the hint never names a tool (0.252708ms)
✔ requests point at the service they belong to (2.4195ms)
✔ what a microphone actually returns still points at the right service (0.68425ms)
✔ the phrasings the tables above did not think of also point somewhere (3.1065ms)
✔ questions about the rules carry no service hint (0.394583ms)
✔ every suggested request carries a hint (1.356791ms)
✔ nothing is hinted when the utterance states no need (0.2105ms)
✔ the live service is the one that runs here (0.789209ms)
✔ a planned service carries their procedure, verbatim (0.42175ms)
✔ a service of the shared pattern reports how many move with it (0.151291ms)
✔ the two proofs are read out of a reply typed any way round (1.617083ms)
✔ a proof that was not given is written as missing, not omitted (0.471375ms)
✔ the case carries the requester’s own words, judged by the System’s prompts (0.141584ms)
✔ no case is composed when the System carries no templates (0.047375ms)
✔ systemIdFromBindingResolve prefers an ok binding and ignores misses (0.417458ms)
✔ the conversation satisfies the step that asks for the request (1.245167ms)
✔ the decision is the step where IT checks an approval, and only that one (0.337667ms)
✔ a procedure with no approval step yields no decision (0.111833ms)
✔ a service nobody approves does not claim to have been approved (5.840625ms)
✔ the approvers are the roles the procedure names, in order (1.631208ms)
✔ a named subject is carried into the opening line (0.188167ms)
✔ the opening line takes charge, announces the count and the stop (0.508625ms)
✔ the decision names its step and states that nothing has changed (0.31025ms)
✔ the standing mark says what a preview is and what it is not (0.283709ms)
✔ the workbook still has three services with no written procedure (0.250209ms)
✔ every service in the catalogue produces a playable plan (0.678416ms)
✔ the four suggested requests all reach a plan (3.157583ms)
✔ the pre-fix rule turned dead branches green — the fixtures still catch it (2.7315ms)
✔ nominal projects onto the six steps as documented (1.232167ms)
✔ ambiguous projects onto the six steps as documented (0.227208ms)
✔ ad_unreachable projects onto the six steps as documented (0.177916ms)
✔ ad_unreachable_fallback projects onto the six steps as documented (0.153958ms)
✔ quality_guard projects onto the six steps as documented (0.233125ms)
✔ weak_identity_pending projects onto the six steps as documented (0.212042ms)
✔ weak_identity projects onto the six steps as documented (0.861ms)
✔ every fixture is covered by the expected table (0.203209ms)
✔ no step claims a privileged action the banner says did not happen (1.531125ms)
✔ a paused run claims no privileged action while it waits (0.202625ms)
✔ each lane resolves to its business outcome code (1.221375ms)
✔ the raw provider error never reaches the screen (1.2085ms)
✔ a short answer is spoken as written (1.146125ms)
✔ a long answer is cut at a sentence, never mid-word (0.794333ms)
✔ citation markers and markdown never reach the ear (0.077084ms)
✔ sources are mentioned only when the answer was shortened (0.0585ms)
✔ a procedure is spoken as a count, not as a list (0.077667ms)
✔ a single step is announced in the singular (0.059833ms)
✔ a service with no documented procedure says nothing extra (0.05125ms)
✔ an offer names the button, and says nothing has started (0.082458ms)
✔ an empty answer is admitted rather than mumbled (0.085125ms)
✔ an outcome keeps more room than a library answer (0.177542ms)
✔ unknown and invalid metrics never become a zero or perfect score (1.234542ms)
✔ timeline preserves parallel execution and does not add durations serially (0.282208ms)
✔ missing and reversed timestamps are not fabricated into intervals (0.738375ms)
✔ pending, failure and unknown platform codes stay readable in both languages (1.22125ms)
✔ legacy server errors and limitations resolve without displaying English as French primary copy (0.098291ms)
✔ localized decimal and cost displays preserve missing, zero and positive tiny amounts (14.433875ms)
▶ agent-loop inspector projection
  ✔ parses allowlist lines and drops blanks, dupes, and a 9th slug (1.333292ms)
  ✔ reads a fail-closed envelope when the config bag is thin (0.431083ms)
  ✔ clamps turns and confidence to the pinned envelope (0.074084ms)
  ✔ HumanGate prompt_kind falls back to approve_write (0.081792ms)
  ✔ ITSD overlay starter is Trigger → Agent loop → Human gate → Output with a 1–8 allowlist (0.417291ms)
  ✔ canvas line names the objective, budget, allowlist size and tier (0.127417ms)
  ✔ done_when keeps one criterion per line (0.082792ms)
  ✔ optional budget fields keep cost and a minute deadline or stay unset (0.096542ms)
✔ agent-loop inspector projection (4.26575ms)
✔ every node card exposes an accessible, lock-aware delete control (7.8925ms)
✔ the node trash keeps a 24px hit area that head-row crowding cannot shrink (1.7755ms)
✔ the inspector deletes the selected node through the same store mutation (13.702291ms)
✔ global Delete and Backspace use the interactive-surface guard (10.689917ms)
✔ toolbar keeps palette, inspector, focus, compact and workbench as explicit controls (11.618291ms)
✔ authoring is the default toolbar surface and operating is one disclosure away (6.715834ms)
✔ the runtime manifest is collapsed until asked for and the empty canvas offers one way in (7.667333ms)
✔ the inspector exposes the AgentLoop envelope and a HumanGate that resumes (1.793458ms)
✔ canvas and accessible outline are synchronized FlowStore projections (5.144417ms)
✔ outline connector picker mirrors rendered ports and filters self-loops and primitive mismatches (0.974792ms)
✔ palette search exposes one real combobox/listbox active-descendant contract (7.575792ms)
✔ builder focus mode has a native-fullscreen path and a CSS fallback (4.907459ms)
✔ builder mounts one ephemeral workbench and never exposes it on scratchpad (1.712083ms)
✔ closing the inspector preserves graph selection and later selection reopens it (0.395708ms)
✔ retrieval scope remains a per-node inspector contract (0.363166ms)
✔ version preview is semantic while unloaded rows are explicitly count-only (7.424916ms)
✔ catalog projection is stable and carries usage plus carriers (13.201834ms)
✔ the excluded rows are kept apart from what a Flow may drop (3.755334ms)
✔ loaded-empty and load-error are distinct, and Retry starts a fresh request (0.548916ms)
✔ collection catalogue loads once, merges both payload shapes and sorts unique slugs (22.55175ms)
✔ document catalogue is URL-scoped, paginated, deduplicated and sorted (1.347541ms)
✔ document error is explicit and force retry starts a fresh request (0.406625ms)
✔ workspace transition clears both catalogues and ignores late document responses (0.413125ms)
✔ derived ingress kind mirrors every branch of flow_contracts._ingress_kind (0.466084ms)
✔ a node that is not an executable source has no derived ingress kind (0.07675ms)
✔ ingress kind guard accepts exactly the backend enum (0.075458ms)
✔ schema derived from ports matches flow_contracts._ports_schema (2.206334ms)
✔ no required port means the derived schema omits required entirely (0.260709ms)
✔ condition names report what a Decision predicate reads (0.698667ms)
✔ condition names ignore an operator name hiding inside a string literal (0.285ms)
✔ reference selection waits for draft hydration and never replaces graph state (1.290667ms)
✔ applying a correction never replaces unsaved or saving editor state (0.174416ms)
✔ reference reads are isolated from draft hydration and reject another System (0.988041ms)
✔ scratch Flow Builder draft from A is not restored or copied into B (2.159875ms)
✔ ambiguous unsuffixed scratch draft is neutralized in a multi-workspace account (0.360708ms)
✔ untagged legacy scratch draft is not attributed to the last selected workspace (1.031ms)
✔ valid empty flow draft round-trips without being mistaken for a missing draft (0.195667ms)
✔ malformed scoped draft without an edges array is rejected and quarantined without throwing (0.453ms)
✔ legacy raw flow requires both graph arrays (0.190792ms)
✔ draft with a null port entry is rejected before renderer hydration (0.214958ms)
✔ connector ids are derived from (nodeId, port), not coordinates (0.811ms)
✔ source renders no input connector; sink renders no output connector (0.159083ms)
✔ EDGE STABILITY: connector source/target ids are invariant under node move / zoom / pan / resize (0.488375ms)
✔ toConnectionViews resolves to connectors the node actually renders (never dangles) (0.162209ms)
✔ connectorsToEdge round-trips and is order-defensive (0.135ms)
✔ view → connection → edge round-trip preserves endpoints (0.450542ms)
✔ Decision route handles create canonical branch edges and preserve labels (0.330583ms)
✔ legacy branch edges without from_port bind to their labelled Decision handle (0.302959ms)
✔ with no declared schema the ingress ports name the payload keys (0.585583ms)
✔ a declared schema seeds what it demands and never invents an optional value (0.461125ms)
✔ nothing is prefilled when the entry point is ambiguous or demands nothing (0.110541ms)
✔ Retrieval identity is task-only and supports runtime and Skill aliases (0.615125ms)
✔ per-node collections and document refs normalize without cross-node state (0.534375ms)
✔ persisted refs outside the bounded catalogue remain visible and deselectable (0.127583ms)
✔ persisted Retrieval collections remain visible when absent from the catalogue (0.086292ms)
✔ changing Retrieval collections prunes document refs outside the new scope (0.158625ms)
✔ document multi-select writes explicit collection/document pairs (0.123875ms)
✔ Retrieval picker rejects client scopes beyond the server bounds (0.423583ms)
✔ published Skill execution preview matches the exact node and Skill without changing the draft (0.136041ms)
✔ current Skill lookup remains read-only and distinguishes missing configuration from a pending response (1.1545ms)
✔ Skill lookups reject stale node, Skill, System and workspace responses (0.251792ms)
✔ global node deletion yields to native and ARIA interaction surfaces (0.669708ms)
✔ closest-based guard covers a nested icon inside a button or dialog (0.111209ms)
✔ scratchpad / no manifest → null (empty state) (2.733625ms)
✔ full manifest maps all four facets (0.723917ms)
✔ units chip falls back to unit_catalog length and warns when nothing is operational (0.398875ms)
✔ empty effective-config and missing retrieval → neutral fallbacks (1.217083ms)
✔ failed retrieval decision is toned negative (0.293667ms)
✔ a dropped training node carries its whole spec, unconfigured (2.079375ms)
✔ the two serving nodes drop with the params their own shape needs (0.20325ms)
✔ the inspector summarises a fit by what it predicts, and opens the studio (0.432833ms)
✔ a serving node is configured in the panel, with no dialog in the way (6.787792ms)
✔ choosing a lineage in the inspector is one undoable store write (0.885333ms)
✔ the training workshop is a modal dialog that edits the graph (8.345042ms)
✔ the studio is no-code because the server answers every edit (0.472542ms)
✔ the columns a fit is built from carry their shape, not just their name (7.375042ms)
✔ both training surfaces show the rows the fit will read, in the shared table (1.090333ms)
✔ the split, the folds and the knobs are bounded by the view model (1.038291ms)
✔ a fit in flight reads as work: a live check-list, and a stop (0.819083ms)
✔ the evidence is a score plus what it moved, and names what it registered (0.425416ms)
✔ the dataset a node fits on is picked from a list and pinned by slug (0.7495ms)
✔ a refused fit reaches the author as a sentence, never a raw code (3.736333ms)
✔ a fit is dispatched through the same endpoint the Models page calls (0.144084ms)
✔ the builder mounts one training studio for the selected node (0.373459ms)
✔ the rows a fit will read, and the rows a score wrote, use the one table (3.977875ms)
✔ the three model Skills are three roles, and nothing else is one (1.75625ms)
✔ a non-task node bound to a model Skill is not a model node (0.125916ms)
✔ the serving descriptor carries what differs, as data (3.527791ms)
✔ a dropped training node carries every key the _train block projects (1.054166ms)
✔ a dropped serving node carries only the keys its shape reads (0.257458ms)
✔ reading a training node normalises what an author can leave broken (0.456542ms)
✔ a pin is read under either spelling, because both are written (0.156166ms)
✔ reading a serving node keeps a version pin whole or drops it (0.08725ms)
✔ the split and the folds are clamped to what the studio offers (0.082ms)
✔ an unfinished training node is refused before a round-trip is spent (0.227208ms)
✔ a serving node has to name a model, and a score node a dataset (0.105834ms)
✔ the node keeps its own refusals and hands the rest to the model plane (2.848417ms)
✔ every code the model plane can emit resolves to a sentence, not a blank (38.129375ms)
✔ a code nobody named keeps the server’s own words (1.9415ms)
✔ a training node is summarised by what it predicts (0.373625ms)
✔ a serving summary distinguishes following from freezing (0.269583ms)
✔ the picker only offers models that can answer (12.628583ms)
✔ choosing a lineage follows it; pinning a version freezes it (0.197334ms)
✔ every step of a fit has copy in both languages (8.6835ms)
✔ a node_end frame becomes a run summary, badge block included (2.314708ms)
✔ a frame without a node id names nothing and is dropped (0.3565ms)
✔ a settled node with no status reads as completed (0.117875ms)
✔ the badge block refuses values it cannot render (0.154083ms)
✔ a badge block with nothing usable in it is absent, not empty (0.278417ms)
✔ a metric outranks every row count on the same node (20.693291ms)
✔ a transform badge reads as a transition, not as two numbers (0.125666ms)
✔ a node that only produced rows shows the count it wrote (0.086583ms)
✔ a single-record prediction counts its answers (0.078834ms)
✔ a node with no data still says how long it took (0.109459ms)
✔ a node that produced neither a figure nor a duration gets no badge (0.072042ms)
✔ a running node shows no figure, so the pulse is not contradicted (0.055667ms)
✔ a failed node keeps its figure and is flagged as failed (0.061667ms)
✔ a score keeps the decimals that distinguish two models (0.10725ms)
✔ a metric on the target scale is read as a quantity, not as a score (0.286958ms)
✔ a duration never asks the reader to count zeros (0.124667ms)
✔ a model chip names its version, and survives not having one (0.053708ms)
✔ a metric name resolves through the dictionary the model card uses (0.129834ms)
✔ every key a run badge names has FR and EN copy (0.190291ms)
✔ the run service records a node_end and clears the node on node_start (8.5085ms)
✔ a new run and a workspace switch both invalidate every figure (0.373958ms)
✔ the node card renders the badge it is given, and only then (0.658916ms)
✔ the default surface is Capabilities, not the registry (15.069916ms)
✔ the advanced level opens with every category collapsed (0.435958ms)
✔ the structural primitives open themselves only on an empty graph (0.973542ms)
✔ a query switches to one ranked list, announces the remainder and adds on Enter (0.642667ms)
✔ extending a node offers only what connects, and says so when nothing does (0.448625ms)
✔ a dead end names the lever that would release it, and never offers the row (0.447583ms)
✔ an industry an admin actually chose to exclude is not read as an omission (0.339542ms)
✔ the usage signal marks what runs here and what is already in this Flow (0.207708ms)
✔ search ranks the name above the description and requires every token (1.705083ms)
✔ search reaches the taxonomy and the carrying capability, and usage breaks ties (0.519125ms)
✔ capability groups carry every claimant, drop empty ones and end with the uncarried (0.899166ms)
✔ the advanced level keeps the canonical order and renders no empty category (0.13925ms)
✔ the usage shortcut disappears entirely when the workspace has no invocations (0.108667ms)
✔ an exclusion names one lever, and which one (0.398083ms)
✔ a filtered set is summarised per lever, not per reason code (13.950917ms)
✔ the hover detail carries what the row no longer spends a line on (0.6875ms)
✔ atomic promotion POST from A is cancelled before its late B callback (5.687125ms)
✔ successful promotion clears the captured A draft and never the current B slot (1.467334ms)
✔ backend save Subject from A cannot mutate UI state after switching to B (0.848958ms)
✔ Save blocks only hash-bound errors for the current validation result (0.603458ms)
✔ Validate is non-mutating and delegates the exact live revision to the sidecar (0.415209ms)
✔ bound hydration preserves an explicitly empty Flow without a starter fallback (0.317542ms)
✔ P1 hydration uses the server draft and never the System compatibility mirror (0.406333ms)
✔ P1 explicit false contract readiness overrides a raw contract hash (0.286417ms)
✔ P1 hydration barrier clears the previously pinned published contract (0.313583ms)
✔ P1 autosave is revisioned and stores an invalid draft without mutating Publish (2.10675ms)
✔ P1 draft 409 pauses writes and requires an authoritative reload (0.604833ms)
✔ P1 Publish requires rendered diff, release message and breaking acknowledgement (3.026083ms)
✔ P1 published application handoff reopens after reload or close without publishing again (2.57475ms)
✔ P1 migration baseline can be republished with an immutable contract at the same hash (2.89875ms)
✔ malformed bound Flow fails closed instead of becoming an editable scratchpad (0.280542ms)
✔ missing bound flow_definition is a protocol failure, not an empty Flow (0.153959ms)
✔ confirmed Clear pauses autosave and sends one explicit active replacement intent (0.381666ms)
✔ active mass import cannot save until a second explicit replacement confirmation (0.347083ms)
✔ late save acknowledgement cannot mark a newer graph revision as saved (0.339625ms)
✔ discard is the only non-save path that releases an import hold (0.244417ms)
✔ failed promotion keeps the local draft and does not navigate away (0.348ms)
✔ promotion acknowledgement for an older revision preserves the newer draft (2.119834ms)
✔ promotion keeps the draft when the atomic create response cannot prove the Flow (0.332959ms)
✔ shared flow is one-shot and Discard restores the durable workspace draft (0.47725ms)
✔ saving a shared flow consumes its hash so reload cannot reapply it (1.112292ms)
✔ malformed node ports fail closed before bound hydration (0.18475ms)
✔ active rollback options carry the hydrated hash and explicit intent (0.176542ms)
✔ Clear and mass import schedule no autosave while a meta-only edit does (0.670541ms)
✔ Workbench holds a dirty snapshot unsaved and resumes autosave on close (0.350625ms)
✔ stale save acknowledgement schedules exactly one follow-up autosave (2.063542ms)
✔ Decision palette seed is executable and fail-closed by default (2.346958ms)
✔ source and asset without inputs are not offered as targets (0.952875ms)
✔ sink without outputs is not offered as a source but keeps its input handle (1.790583ms)
✔ preconnect chooses the first compatible port, not the first declared port (0.322291ms)
✔ a port-less task uses its rendered implicit connector (0.206834ms)
✔ no compatible rendered port yields neither menu item nor edge (0.111167ms)
✔ preconnect from a Decision route creates a labelled branch edge (0.103584ms)
✔ inserting a Decision upstream uses its first route handle as a branch (0.406708ms)
✔ publication does not activate; explicit activation enables the existing application handoff (4.449375ms)
✔ active, unhydrated and unpublished systems cannot request activation (0.323125ms)
✔ permission and transport failures keep application creation blocked with an actionable error (0.6455ms)
✔ an unexpected response cannot report successful activation (0.514292ms)
✔ a concurrent publication conflict leaves activation and application creation blocked (0.512208ms)
✔ switching workspace, System or published version cancels activation and leaves the new target usable (0.745292ms)
✔ destroying the component cancels activation (0.183459ms)
✔ canonical status updates can propagate errors without changing legacy callers (1.777ms)
✔ the palette projection seeds an executable recipe node (1.073917ms)
✔ the inspector shows a recipe summary and one way into the workshop (0.688625ms)
✔ the builder mounts one workshop dialog for the selected recipe node (0.371208ms)
✔ the workshop is a modal dialog that edits the graph through the store (5.982208ms)
✔ machine failure codes reach the author as localized sentences (1.822667ms)
✔ the shared schema editor speaks the dictionary, not hardcoded English (1.726ms)
✔ the recipe poll budget outlasts an env build and names its own timeout label (4.354459ms)
✔ the shared code editor lazy-loads CodeMirror and keeps a textarea fallback (3.5065ms)
✔ isPythonRecipeNode matches only task nodes bound to the recipe skill (2.617375ms)
✔ readRecipeParams fills defaults and normalises whatever is unset or malformed (0.681208ms)
✔ recipeWorkshopTestInput seeds the Test tab from node data (0.137166ms)
✔ clampRecipeTimeout mirrors the server window (0.074ms)
✔ previewRequirements mirrors the server normalisation (comments, dedupe, sort, options) (0.474917ms)
✔ recipeSpecKey identifies the spec by its normalised fingerprint fields only (0.378542ms)
✔ every env and execution status resolves to FR and EN copy (0.414959ms)
✔ the execution timeline projects active, terminal and unknown statuses (0.231833ms)
✔ active statuses are exactly the cancellable ones (1.931958ms)
✔ display helpers stay defensive on absent values (0.687792ms)
✔ workspace reset rejects late trigger, HITL, step and nested getRun responses (9.097083ms)
✔ status: idle → running → done across a clean backend run (1.372375ms)
✔ publication Builder executes the saved server draft, never the published Run endpoint (1.258125ms)
✔ multiple draft ingresses stay ambiguous until the operator chooses one (0.121208ms)
✔ draft test ingress selection supports a sole non-manual adapter (0.192667ms)
✔ draft input modal blocks an ambiguous Flow until a real ingress is selected (0.87925ms)
✔ Decision terminal renders explicit resolution and branch label without values (0.764708ms)
✔ status: trigger failure → error (0.498583ms)
✔ HITL: pause → accept resolves and restarts the stream (0.819542ms)
✔ HITL: a refused decision does not log an approval or resume (1.293833ms)
✔ HITL: reject is forwarded; ignored when no pending gate (0.827833ms)
✔ debug: step then stop drives the debugger (1.66975ms)
✔ debug: continue forwards the live breakpoint set (0.435166ms)
✔ breakpoint debug cannot execute without a selected node (0.316625ms)
✔ breakpoints: add / remove + debug-mode cycle (0.2695ms)
✔ gating: invalid flow blocks the backend launch (0.245458ms)
✔ gating: scratchpad (no systemId) cannot Execute (0.181042ms)
✔ input editor accepts only JSON objects and reserves _debug (0.110791ms)
✔ service-owned debug metadata cannot be injected through a direct Execute call (0.14175ms)
✔ runtime badge accepts the three server modes and only falls back when canonical mode is absent (0.084125ms)
✔ gating: dirty, saving, save error, missing hash and stale manifest all fail closed (1.298958ms)
✔ Execute consumes only a current server validation for the saved hash (0.657167ms)
✔ debug is blocked in sequential legacy while normal Execute stays available (0.304125ms)
✔ 403/409/422 trigger errors stay distinct and keep operator input open (2.5395ms)
✔ authoritative hydration releases a 409 Execute latch even at the same Flow hash (0.429875ms)
✔ simulate: client-side dry run works without a System and skips the backend (0.789833ms)
✔ replay: re-emits the current run checkpoints into the terminal (0.240375ms)
✔ semantic diff detects same-count node kind, port and config changes (3.193667ms)
✔ semantic diff detects edge kind, branch and port changes with equal counts (2.622875ms)
✔ semantic diff treats executable node and edge ordering as observable (0.48775ms)
✔ semantic diff reports additions and removals rather than only count deltas (0.142708ms)
✔ semantic diff distinguishes changed and pinned-but-uncomparable contracts (0.1705ms)
✔ the palette projection seeds a runnable SQL transform node (2.770542ms)
✔ the palette projection seeds a runnable Polars transform node (0.281583ms)
✔ the palette projection seeds a runnable dbt transform node (0.480459ms)
✔ the engine identity is one fact: the palette and the workshop head agree (6.942208ms)
✔ the inspector shows an engine-aware summary and one way into the workshop (0.416959ms)
✔ the builder mounts one workshop for the selected transform node (0.417541ms)
✔ the workshop is a modal dialog that edits the graph through the store (0.436459ms)
✔ a queued run states its phase and can be stopped (0.204041ms)
✔ the libraries panel exists only for the engine that needs a venv (0.20475ms)
✔ a dbt project is authored as files, with the published model badged (0.315583ms)
✔ the dbt verdict is rendered on a refusal, not only on a success (14.14875ms)
✔ a refused program reaches the author as a sentence, never a raw code (0.365666ms)
✔ the preview never persists and never validates client-side (0.175792ms)
✔ the shared code editor lazy-loads each language and its schema completion (0.241792ms)
✔ isSqlTransformNode matches only task nodes bound to the transform skill (0.740583ms)
✔ reading the params falls back to the runnable starter statement (0.45425ms)
✔ reading the params keeps only pins that reference a dataset (0.163208ms)
✔ a legacy slug key on a pin is still resolved (0.083583ms)
✔ view names are duckdb-safe, accent-free and never collide (5.818042ms)
✔ the inspector summary skips the engine's own comment syntax (0.218292ms)
✔ the line count ignores a single trailing newline (0.111916ms)
✔ the preflight only blocks the two refusals an author hits by habit (0.1995ms)
✔ a coded refusal becomes a translated sentence, engine words kept where they help (0.131209ms)
✔ a refusal that names a place carries it, so the cursor can go there (0.170583ms)
✔ a coordinate is validated before it is used to move a caret (0.082292ms)
✔ every refusal code the workshop claims has FR and EN copy (0.094084ms)
✔ the completion schema exposes every name the statement can address (0.121167ms)
✔ the starter statement projects real columns, capped so it stays readable (0.083ms)
✔ the output name falls back to the node label, then to the caller default (0.04425ms)
✔ the engine is read off the bound skill, and only for authorable nodes (0.079792ms)
✔ a Polars node cannot add libraries; a dbt project can (0.049416ms)
✔ a dropped Polars node carries a runnable script and its environment (0.064542ms)
✔ the program is read from the engine's own params field (0.1ms)
✔ the timeout clamps to the platform window (0.037084ms)
✔ the Python preflight blocks an empty editor and a missing entry point (0.115334ms)
✔ a worker-side refusal parses back into its code and the author's words (0.075041ms)
✔ the Polars starter script addresses the source by its real name (0.059209ms)
✔ declared libraries drop blanks and comments (0.055ms)
✔ a dropped dbt node carries a staging model, a mart and a tests file (0.081792ms)
✔ a dbt node with no chosen mart still publishes its last model (0.098042ms)
✔ the file list is the project: models first, the tests gate last (0.122167ms)
✔ editing a file writes to the params path that file lives in (0.143ms)
✔ renaming a model follows its refs and its publication (0.203667ms)
✔ adding a model chains it onto the published one (0.094042ms)
✔ deleting a model hands the publication over, and the last one is kept (0.084375ms)
✔ publishing another model moves the port and absorbs its dataset tick (0.077875ms)
✔ ticking a model as a sibling dataset is reversible and refuses the port (0.072125ms)
✔ the extra selection survives a rename and a deletion, but not its model (0.097667ms)
✔ the stored extra selection is read deduplicated and without the port (0.081375ms)
✔ a ghost in the extra selection is refused before the round-trip (0.107ms)
✔ the dbt preflight refuses the project shapes dbt could not compile (0.135834ms)
✔ the dbt starter teaches source(), not the bare relation (0.053958ms)
✔ the build verdict is read off the row on success and on refusal alike (0.095ms)
✔ a worker-side dbt refusal parses back into its code and its words (0.040166ms)
✔ every engine label the workshop renders has FR and EN copy (0.089666ms)
✔ a preview says which phase it is in, and skips one it will never enter (0.113167ms)
✔ client diagnostics map into the strip vm with node ids (4.3285ms)
✔ clicking a node-scoped row selects the node and emits focusNode (1.040375ms)
✔ clicking a graph-level row (no node id) is inert (0.815166ms)
✔ a known code reads as a sentence naming the node, not as the code (0.694708ms)
✔ an unknown server code falls back to the server sentence, never to a key (0.329875ms)
✔ a node-scoped message with no node falls back rather than showing {name} (0.532833ms)
✔ vm reacts to graph edits (resolving the cycle drops the error) (1.420209ms)
✔ no issues → clean, empty rows, zero counts (1.272417ms)
✔ client issues map to rows; errors group before warnings with counts (0.2415ms)
✔ current server issues are authoritative; identical client preview is deduped (0.100917ms)
✔ node_id null/undefined normalize to null (0.1045ms)
✔ fingerprint is deterministic across object key order (1.30425ms)
✔ an edit masks accepted diagnostics synchronously (9.568375ms)
✔ a late response cannot replace diagnostics from the newer request (1.009ms)
✔ an out-of-order response is ignored even before the newer request resolves (0.964167ms)
✔ upstreamOutputs returns only ancestors of the selected node (1.555083ms)
✔ upstreamOutputs excludes self, downstream and parallel non-ancestors (0.184791ms)
✔ upstreamOutputs returns [] for a root node and for unknown selection (0.0835ms)
✔ upstreamOutputs enriches portless nodes from the manifest output_schema (0.272333ms)
✔ upstreamOutputs orders candidates by the supplied topological order (0.112833ms)
✔ filterCompatibleCandidates reuses the primitive-compat rule (0.11ms)
✔ encode/decode round-trips and variableRefFor builds a typed selector (0.11075ms)
✔ Published pointer identity is separate from current server draft identity (0.480458ms)
✔ exact rollback evidence validates immutable and draft identities and digests (0.224334ms)
✔ server diff summary exposes contract and executable order changes (0.097458ms)
✔ component gates rollback on dual exact evidence and revision-bound fences (0.220125ms)
✔ workbench JSON object parser accepts only a top-level object (1.746583ms)
✔ golden-set parser preserves expected values and enforces the bounded wire contract (0.739292ms)
✔ golden-set parser rejects ambiguous ids and malformed input_ref values (0.385042ms)
✔ isolated-node affordance accepts only task nodes with one coherent Skill slug (0.936583ms)
✔ workbench panel exposes the three preview modes and the unsaved boundary (1.565667ms)
✔ chat input follows the selected ingress schema without synthetic aliases (1.549916ms)
✔ real side-effect acknowledgement is required before validation or dispatch (6.538584ms)
✔ chat validates and hash-binds the exact dirty snapshot without saving it (3.1655ms)
✔ a graph edit during validation fences the request before dispatch (1.966625ms)
✔ multiple ingresses require an explicit stable selection (0.782125ms)
✔ isolated node execution keeps source hash evidence and projects its result (0.568167ms)
✔ golden batch uses server verdicts even when the local output would match differently (1.15925ms)
✔ golden polling follows the server queue instead of polling every case concurrently (1.417916ms)
✔ sequential legacy validation fails closed before any workbench endpoint (0.533208ms)
✔ golden polling has a distinct one-hour budget without changing interactive polling (121.436375ms)
✔ every Flow revision invalidates completed workbench evidence (0.546791ms)
✔ workspace reset clears workbench evidence and rejects a late validation (0.501792ms)
✔ golden workbench separates unevaluated, waiting and execution errors without client scoring (0.773292ms)
✔ selection is deterministic and synchronous (inspector updates within one frame) (5.274083ms)
✔ load resets dirty; a manifest write marks dirty; markSaved clears it (1.4515ms)
✔ revision is monotone and a stale save acknowledgement cannot clean a newer edit (0.458291ms)
✔ load and snapshot preserve known and unknown top-level sidecars without graph duplication (1.654209ms)
✔ replaceAsEdit is dirty and undo/redo restores the complete metadata sidecar (1.853083ms)
✔ clear is idempotent for an already empty graph (0.397125ms)
✔ TWO-WAY WIRING: top_k edit writes the exact nested path and round-trips on reload (0.568ms)
✔ skill param home: config.params.<key> writes + round-trips (PART A.4) (0.975458ms)
✔ undo/redo + connect/disconnect behave as single steps (0.784375ms)
✔ accessible outline reorder shares canonical order and one undo frame with the canvas (1.005875ms)
✔ task deletion cuts incident routes and undo restores the exact graph atomically (1.230667ms)
✔ Skill, Governance and ordinary tasks never reconnect compatible routes (0.640792ms)
✔ deletion preserves pre-existing non-incident routes without synthesising another (0.209417ms)
✔ clear is one revision and undo restores the graph (0.181875ms)
✔ edge identity includes kind, branch label and both ports (0.081666ms)
✔ Decision rename updates config, route handle, default and edges in one undo frame (0.629625ms)
✔ Decision delete removes its routes and default atomically; undo restores all (0.360333ms)
✔ Decision add, reorder and default selection each remain a single mutation (0.41775ms)
✔ two Decision labels may fan out to the same target without deduplication (0.228208ms)
✔ the canonical Skill taxonomy has the exact product order (1.349833ms)
✔ the palette section is the catalog category, never re-inferred (0.221166ms)
✔ uncategorised skills stay visible under Other (0.18675ms)
✔ skill projection exposes category/runtime without leaking palette-only top-level fields (1.469375ms)
✔ every trigger type the backend maps to an event is reachable from the palette (0.472667ms)
✔ the visibility verdict and the usage count travel with the palette entry (0.522042ms)
✔ Retrieval taxonomy is persisted as a shared canonical config marker (0.203042ms)
✔ a required Skill param fed by an upstream binding is valid while empty (0.585333ms)
✔ a required Skill param with neither value nor binding stays invalid (0.097167ms)
✔ a supplied value or an optional param is never flagged, whatever the bindings (0.065625ms)
✔ only Skill params read a binding; node config and data keep the plain test (0.070167ms)
✔ binding recognition accepts a typed ref or a legacy path, nothing else (0.073667ms)
✔ routing load failure leaves no invented draft and blocks saving (5.987375ms)
✔ permissions fail closed for configuration, credentials, serving and lifecycle (2.116209ms)
✔ catalog filters provider, task and runtime and preserves explicit empty fallback (2.346542ms)
✔ saved Azure metadata pre-fills without exposing or inventing secrets (1.265917ms)
✔ workspace transition purges secrets and rejects stale test targets (1.142459ms)
✔ canonical targets match the selected pair and form input preserves additional defaults (12.914291ms)
✔ test rejects missing acknowledgement, invalid JSON and absent required inputs (1.334875ms)
✔ catalog refresh preserves active test; clearing the selection removes previous result (10.64425ms)
✔ model and token evidence is canonical trace and metrics, never arbitrary output (0.923875ms)
✔ costs distinguish catalog calculation, provider-reported zero and missing measurement (24.2775ms)
✔ unreachable connections stay selectable but carry an explicit warning, including fallback (1.135917ms)
✔ a delayed initial distribution never overwrites a later selected window (0.755666ms)
✔ a slow canonical Run read is allowed to finish without polling cancellation (1105.586292ms)
✔ Skill creation keeps Govern context and model parameters in the query, not the route path (5.472584ms)
✔ invocation evidence links preserve Govern as a query parameter (0.420917ms)
✔ connector configs and app toggles are isolated by active workspace (1.541209ms)
✔ CONNECTORS has one generic MCP card, not SAP posting or HIKMA (0.129ms)
✔ apply requires explicit review and prevents duplicate dispatch while in flight (3.041917ms)
✔ a response from the previous workspace does not change current proposal or emit application (0.167959ms)
✔ restoring a saved proposal selects its diff without applying and rejects another System (0.139708ms)
✔ Run facets track history, merge tab changes and refresh can force store invalidation (10.250583ms)
✔ Run loads its projection when the effective gate activates in the same workspace epoch (0.917875ms)
✔ Experience origins are exact API filters built from safe application slugs (0.715083ms)
✔ non-Experience and malformed origins never reach the Runs API (0.270167ms)
✔ each Run exposes a native keyboard link to its detail (4.911458ms)
✔ the status selector invalidates the visible Runs projection (0.306834ms)
✔ Runs API failures remain distinct from an empty successful list (2.0895ms)
✔ SkillInvocation is a dedicated Run child resource before the generic Run route (211.461333ms)
✔ SkillInvocation facets follow validated deep links and preserve query context on tab changes (5.59325ms)
✔ SkillInvocation loads its projection when the effective gate activates in the same workspace epoch (0.688791ms)
✔ Invocation audit uses only the authorized Run payload when projections are off and clears stale evidence (0.692041ms)
✔ creating a draft requires explicit review and suppresses duplicate sends (4.7715ms)
✔ a late response cannot cross the workspace boundary (0.350875ms)
✔ uncertain generation retries retain their key; changing inputs starts another request (3.957208ms)
✔ uncertain suite execution retries keep the same frozen request and workspace scope (1.398375ms)
✔ reopening a completed BRD job restores its batch without executing again (24.325542ms)
✔ requirement links only use test evidence from this exact BRD proposal (0.336834ms)
✔ the runtime controls are read from the descriptor, not from a local copy (6.090458ms)
✔ the runtime is named in plain words with the raw kind still available (0.36575ms)
✔ a contract cannot be invalid JSON any more, because it is never text (0.721125ms)
✔ preset inputs are a form derived from the wrapped skill own contract (0.444833ms)
✔ a preset value the target contract does not declare is named, not dropped (0.850458ms)
✔ preset inputs written by hand are still checked before they are sent (0.673458ms)
✔ a runtime parameter the descriptor requires blocks the submission (0.533709ms)
✔ switching runtime drops the parameters the previous one owned (0.16975ms)
✔ a preset picks the runtime and proposes the contract, all of it editable (0.266041ms)
✔ a complete draft posts exactly what the workspace decided (0.522375ms)
✔ no capability named means no claim asked for (0.190709ms)
✔ editing the same screens patches the row and never renames the slug (0.415375ms)
✔ a refusal is shown in the server’s own words (0.438208ms)
✔ an imported requirement opens the wizard already filled in (0.187667ms)
✔ the New skill affordance appears only when the server grants skill.admin (1.86075ms)
✔ a Portal model seeds an executable prompt Skill, preserves its model and clears it on provider change (0.157292ms)
✔ the Skill picker excludes non-generative and unconfigured models, and ignores stale workspace responses (0.258625ms)
✔ Portal authoring entry requires the current workspace and server authoring right (0.490291ms)
✔ Run model summaries use recorded resolution and never infer a provider from an arbitrary model name (0.099458ms)
✔ an unknown authoring right fails closed rather than assuming an admin (0.24275ms)
✔ an authored skill lands in the registry and is selected (0.36225ms)
✔ a refused capability claim is said out loud, and the skill is still there (0.251416ms)
✔ edit and delete are offered on the rows this workspace owns, and only those (0.908833ms)
✔ a delete the API refuses is reported in the API own words (0.858167ms)
✔ a delete the API accepts clears the selection and re-reads the list (2.389458ms)
✔ an imported row opens the wizard as a draft rather than creating anything (1.065917ms)
✔ only a capability this workspace owns is offered as a carrier (0.222ms)
✔ switching workspace withdraws the authoring right until B answers (0.670792ms)
✔ Skill costs distinguish missing, zero and positive amounts below display precision (34.147709ms)
✔ Observed Skill costs never substitute a catalog price or unmeasured default (0.155084ms)
✔ Skill view purges A synchronously and only accepts the B reload (11.428625ms)
✔ Skill detail requires both the server editing right and workspace ownership (7.969417ms)
✔ Skill detail edits prompt_template through the existing wizard without losing contracts or params (3.431167ms)
✔ Skill detail edits registry_call through the existing wizard without losing contracts or params (0.41525ms)
✔ Skill detail skips registry loading when only a prompt executor is available and keeps create at Intent (0.245542ms)
✔ Skill detail reports a failed registry load and allows a fresh attempt (0.253042ms)
✔ Skill detail purges editing rights, targets, notices and stale updates on workspace change (0.257291ms)
✔ Skill detail discards a pending edit and old reads when navigating to another Skill (0.230292ms)
✔ review queue inherits scope and ignores a response from the previous scope (1.543375ms)
✔ canonical review queue serializes the System and period scope (3.484167ms)
✔ Runner JSON parser rejects malformed, null, arrays and primitives without coercion (1.712084ms)
✔ Systems routing exposes the Runner before the generic System detail route (0.105667ms)
✔ Runner live-state detector keeps polling only for non-terminal Runs (0.113792ms)
✔ an inactive durable session is never executable client-side (4.692ms)
✔ invalid editor JSON performs zero execute requests (0.524709ms)
✔ execute binds the immutable published version and hash to the request (7.625167ms)
✔ 409 latches published authority until overview and session reload both succeed (6.118042ms)
✔ session changes are fail-closed and a late previous session cannot win (1.583ms)
✔ workspace reset invalidates an in-flight Runner overview before it can populate state (0.745042ms)
✔ route load resumes the latest durable Runner session (0.604333ms)
✔ a Flow Builder graph with declared ingresses is flow-backed (1.880667ms)
✔ the System Builder form projection keeps its RAG rendering (0.137333ms)
✔ the workspace chat System is never described as a graph (0.131375ms)
✔ variants that already own a bespoke rendering are left alone (0.112875ms)
✔ absent, empty or unauthored graphs fall back to the existing behaviour (0.119ms)
✔ the server manifest can only narrow the verdict, never open it (0.22275ms)
✔ manifest runtime status is projected onto the matching step (0.144625ms)
✔ publication evidence and scratchpad provenance are surfaced verbatim (0.144917ms)
✔ an unpublished flow-backed System reports the draft badge (0.140959ms)
✔ a source node without config.ingress_kind reports the kind publication derives (0.392458ms)
✔ a source node declaring an unknown ingress kind is not counted as a trigger (0.091625ms)
✔ an explicit rag_mode still wins for systems that are not flow-backed (0.056166ms)
✔ value-loop helpers distinguish simulation, missing measurement and observed evidence (1.560583ms)
✔ value-loop progress advances only through persisted scenario states (0.265375ms)
✔ baseline selector trusts the server eligibility flag and excludes operator, seed and canary runs (0.931209ms)
✔ late value-loop responses are rejected after a workspace, System or request change (0.275166ms)
✔ command ledger reuses an idempotency key across retries and rotates after success or context reset (0.334833ms)
✔ System value-loop visibility is authorized only by the current server Steer projection (0.57975ms)
✔ all System stage links keep their context outside the router path (2.317916ms)
✔ Design shows the server draft while the published System remains unchanged (2.871ms)
✔ Design refuses wrong identity and failed reads, and ignores late workspace responses (0.444ms)
✔ explicit feature opt-out and specialist/360 surfaces keep their existing projections (0.219459ms)
✔ ChatKnowledge cancels the A write chain before a late response can continue in B (18.470042ms)
✔ ChatKnowledge pins and cancels post-save reloads so late A reads cannot repopulate B (1.107583ms)
✔ ChatKnowledge keeps guide writes and their refresh in one cancellable A scope (0.7295ms)
✔ Members displays and sends a manifest-defined non-Andritz entitlement on invite (7.435417ms)
✔ Governance toggle preserves a future active key and saves it unchanged (0.778792ms)
✔ memoizeLayout rebuilds only when the key changes (0.60375ms)
✔ shouldRebuildLayout ignores hover-only input names (0.092209ms)
✔ nearestDayIndex snaps a pointer x onto the closest day (0.082125ms)
✔ placeTooltip flips at the viewport edges and stays inside (0.468ms)
✔ wrapLabelLines keeps short names and wraps long System names to two lines (0.193583ms)
✔ easeOutProgress lands on 0 and 1 (0.065583ms)
✔ dense layout reproduces the approved scale and stacks stubs under the hours node (1.448291ms)
✔ a single converging source still curves into a lower hours node and is capped (1.983541ms)
✔ stub-only sources render without hours or value nodes (0.553875ms)
✔ truncateLabel keeps short names and ellipsises long ones (0.4395ms)
✔ niceStep picks round gridline steps that give about four lines (0.996416ms)
✔ spreadLabelRows pushes overlapping labels apart inside the plot (1.044209ms)
✔ cubicSmoothPath uses horizontal midpoints between consecutive points (0.454958ms)
✔ cubicSmoothAreaPath closes to a lower band or a baseline (0.16225ms)
✔ sankeyRibbonPath is a cubic band between two node segments (0.097125ms)
✔ radial spoke math matches the approved 30-day clock (0.180625ms)
✔ accumulateStackedSeries builds lower and upper bands per series (0.200916ms)
✔ primary CTA text meets WCAG AA in dark and light themes (1.332208ms)
✔ secondary text meets WCAG AA on cockpit panels (0.7635ms)
✔ secondary text meets WCAG AA on raised surfaces too (0.125375ms)
✔ every cockpit token a component names is a token the theme defines (171.315333ms)
✔ a connection link in a new tab leaves the Skill draft in its current tab (6.466167ms)
✔ a small negative declaration keeps the correct inequality at display precision (15.611084ms)
✔ NorthForge unset value is absent, not zero business value or zero efficiency (0.394041ms)
✔ declared and estimated zeros remain values; unavailable cost cannot yield efficiency (0.765416ms)
✔ input updates and language changes refresh all cached Run summaries (0.878209ms)
✔ nonfinite values and invalid confidence never become economic or quality indicators (0.274334ms)
✔ invocation costs distinguish configured calculations, old zeros, missing evidence and tiny amounts (0.287416ms)
✔ every state maps to a painter at both tuned sizes (1.868084ms)
✔ each painter puts ink inside the canvas box (15.761333ms)
✔ dark and light are the same drawing in opposite ink (1.893959ms)
✔ resolving a preset twice hands back the cached tuning (0.071042ms)
✔ renders yields below the ceiling exactly as measured (0.479834ms)
✔ keeps the ceiling itself in full and bounds everything above it (0.086ms)
✔ renders a missing or unusable measurement as an em dash (0.081792ms)
✔ bounds the ratios observed in production instead of printing them (0.402209ms)
✔ a contract the rows can hold projects with nothing left over (1.942833ms)
✔ writing the rows back preserves the keys the rows never knew about (1.924708ms)
✔ an edit through the rows changes only what it touched (0.13ms)
✔ a construct no row can hold is named, not flattened (0.434375ms)
✔ an empty contract is a clean slate, not a complaint (0.279667ms)
✔ a row with no name is dropped rather than writing an empty key (0.164959ms)
✔ preset inputs are derived from the target contract and typed on the way in (0.670292ms)
✔ numeric columns draw their histogram, normalized to the tallest bucket (0.613458ms)
✔ categorical columns draw their top values instead of a histogram (1.10975ms)
✔ a column with no profile draws nothing rather than a fake baseline (0.129417ms)
✔ a histogram bin with no upper edge still labels its bucket (0.467583ms)
✔ null ratios become whole percentages, and a clean column reports zero (0.230125ms)
✔ only integer and float count as numeric for alignment and histograms (0.223958ms)
✔ every column kind has a header glyph so no column renders unlabelled (0.100375ms)
✔ a numeric profile states counts, then range, then central tendency (0.222083ms)
✔ a categorical profile leaves out the statistics that would be meaningless (0.461709ms)
✔ a clean column still says so, because "no missing values" is a finding (0.148875ms)
✔ a datetime column keeps its range without inventing an average (0.090666ms)
✔ a column with no profile at all offers no facts to open (0.06075ms)
✔ a row count is only stated when it is one (0.07625ms)
✔ top values rank widest first, relative to the most frequent one (0.191917ms)
✔ a high-cardinality column still shows shape, not seven empty slivers (0.11125ms)
✔ a numeric column has no top values, so its popover shows only figures (0.112334ms)
✔ byte sizes read as volumes, keeping a decimal only where it informs (15.565709ms)
✔ a column click replaces, toggles or leaves the selection alone (0.350125ms)
✔ the table states its own shape, so no caller can forget to (0.405625ms)
✔ every icon name used in a template resolves in the registry (42.846083ms)
✔ every icon name declared as data resolves in the registry too (31.887542ms)
✔ no registry key is written in a form the lookup can never reach (0.274834ms)
✔ authoring and confirmation modals own focus, Escape and an accessible name (3.331958ms)
✔ the BRD upload uses a keyboard button and a focusable visually-hidden input (0.65ms)
✔ shared modal and contextual help keep locale and pointer focus semantics (0.731ms)
✔ AuthStore advances an opaque epoch and resets principal caches atomically (2.162042ms)
ℹ tests 1512
ℹ suites 1
ℹ pass 1512
ℹ fail 0
ℹ cancelled 0
ℹ skipped 0
ℹ todo 0
ℹ duration_ms 8094.092625
