
> agentium@0.1.0 test:unit
> node scripts/run-unit.mjs

✔ POST composes an explicit workspace with an idempotency header (7.456167ms)
✔ 401 refresh retry preserves the active X-Workspace-Slug (5.43025ms)
✔ an explicit workspace header wins over the current workspace and survives retry (24.826542ms)
✔ a wrapped 500 auth error preserves the historical refresh retry (0.37975ms)
✔ concurrent 401 retries preserve the workspace on every queued request (0.438166ms)
✔ HttpClient and direct fetch share one refresh while retaining distinct workspaces (2.681583ms)
✔ a late 401 reuses the token refreshed by an earlier request (0.950041ms)
✔ a failed shared refresh rejects every concurrent request and expires once (1.018584ms)
✔ cancelling the refresh leader does not strand a concurrent follower (0.33125ms)
✔ a started refresh survives cancellation and a later 401 joins it (0.283542ms)
✔ a 401 from the retried business request does not clear the refreshed session (0.584875ms)
✔ a 403 from the retried business request does not clear the refreshed session (1.010291ms)
✔ a 500 from the retried business request does not clear the refreshed session (0.364ms)
✔ appearance accepts bounded options and never exposes arbitrary CSS or native profiles (2.425791ms)
✔ preview and runtime use the same palette, contrast choice and logo fallback (1.228417ms)
✔ custom mid-tone accents keep readable text at the contrast boundary (0.185083ms)
✔ listSkills keeps the backwards-compatible empty fallback by default (8.302709ms)
✔ listSkills can propagate transport errors to truth-sensitive catalogs (1.834625ms)
✔ listSystems preserves fallback compatibility but can fail closed for Studio (0.343583ms)
✔ the shared model catalogue propagates failures and resolves with the explicit System context (0.760208ms)
✔ version history keeps backwards-compatible empty/null fallbacks by default (4.862208ms)
✔ truth-sensitive version history can propagate list and preview failures (1.165ms)
✔ round-trip: nodes.<id>.data.retrieval_defaults.top_k survives normalize (load) (2.246875ms)
✔ round-trip: annotateSidecars (save path) does not drop node data/config (0.2075ms)
✔ normalize is idempotent for the budget flow (load → snapshot → load fidelity) (0.688791ms)
✔ PART A.4: skill config.params.<key> is the shared home and round-trips (0.31125ms)
✔ validateFlow flags a task node with no skill bound (1.577333ms)
✔ validateFlow accepts a bound skill task with no warnings for it (1.48425ms)
✔ validateFlow rejects duplicate node ids before ambiguous map construction (0.2085ms)
✔ edge identity is structured, collision-free and rejects true duplicates (0.741625ms)
✔ strict Flow requires exactly one explicit output sink (2.364375ms)
✔ Decision condition structural validation accepts the runtime DSL and rejects unsafe syntax (2.312625ms)
✔ validateFlow accepts a fully wired Decision contract (0.280834ms)
✔ validateFlow mirrors Decision contract diagnostics (0.137041ms)
✔ validateFlow reports unwired Decision routes and foreign branch edges (22.944083ms)
✔ validateFlow pairs fork/join by real reconvergence, not global counts (0.349292ms)
✔ validateFlow accepts a labelled fork whose lanes post-dominate at a join (0.138583ms)
✔ normalize backfills schema_version 3 idempotently (v2 -> v3) (0.288042ms)
✔ normalize infers typed ports from data edges that name a port (idempotent) (0.19225ms)
✔ normalize leaves legacy inputs_map dot-path strings intact (0.054334ms)
✔ validateFlow: port_type_mismatch warns on incompatible primitives only (0.12075ms)
✔ validateFlow: port_type_mismatch silent on numeric widening + portless edges (0.069542ms)
✔ validateFlow: variable_unresolved warns on unknown/non-upstream refs, silent for reserved + legacy (0.151542ms)
✔ VariableRef JSON shape matches the backend strict contract (0.063542ms)
✔ validateFlow rejects the same malformed VariableRefs as the backend (0.091375ms)
✔ strict dot-path conversion refuses empty path segments (0.25625ms)
✔ topoSort returns an order for a DAG and null for a cycle (0.552917ms)
✔ ingress kind typos and inbound source nodes are blocking (0.159208ms)
✔ agent loop requires a turn budget and a compact allowlist (0.099833ms)
✔ loop and retry budgets must be finite positive integers (0.118584ms)
✔ every lexicon entry is complete in both languages (0.696708ms)
✔ definitions stay one line of plain language (0.402541ms)
✔ concept ids are unique (0.290833ms)
✔ a forbidden word belongs to exactly one concept (0.693042ms)
✔ the canonical term of a concept is never itself forbidden (0.261625ms)
✔ lookups fall back instead of throwing on an unknown concept (0.392584ms)
✔ the dictionary keeps FR/EN parity across every domain (25.416666ms)
✔ each key lives in the domain module that owns its prefix (11.15975ms)
✔ no key is defined by two domains, so the merge order never decides (3.697334ms)
✔ the interpolation placeholders of a key match across locales (19.215208ms)
✔ the English PR to PO desk does not keep French dossier or terrain (11.508833ms)
✔ LiveKit workspace invalidation suppresses queued data synchronously (1.372333ms)
✔ session.start carries the mode the caller asked the room for (3.027417ms)
✔ a control frame with no dedicated helper travels with its payload intact (0.129916ms)
✔ a framed answer reaches the surface as one whole event (0.30375ms)
✔ a one-frame payload takes the same path as a large one (0.115166ms)
✔ an interrupted push is dropped rather than half-delivered (0.113875ms)
✔ opening a room asks for its mode from the very first hop (2.931458ms)
✔ a rejected LiveKit await after A→B is surfaced as workspace cancellation (0.778667ms)
✔ navigation guard observes V2 after the legacy decision and executes only legacy output (1.651333ms)
✔ an unexpected shadow exception never interrupts legacy navigation (0.228917ms)
✔ a direct legacy decision remains direct even when shadow reports a divergence (0.149459ms)
✔ business profile resolves the Andritz applications in their stable order (15.565959ms)
✔ a partial legacy profile cannot hide an app before the entitlement flag (1.388541ms)
✔ admin keeps the full Agentium shell unless business preview is enabled (9.169167ms)
✔ business allowed paths remain stable inputs for the navigation resolver (2.438833ms)
✔ V2 produces the business shell policy when its workspace flag is enabled (5.183292ms)
✔ app entitlements filter both legacy and V2 profiles and missing grants fail closed (1.269084ms)
✔ NavigationProfile consumes installed app authority when the platform gate is active (3.724333ms)
✔ platform authority never exposes an installed business app without a member grant (0.285667ms)
✔ NavigationProfile never revives the legacy shell when enabled platform authority is invalid (0.185458ms)
✔ business policy matrix is owned once and every destination is terminal (11.178084ms)
✔ business policy keeps the admin shell until preview is explicitly enabled (1.893417ms)
✔ V2 business redirects are executed only by the navigation resolver (1.205417ms)
✔ enabled Workspace App authority redirects every invalid runtime surface to a terminal unavailable shell (6.505541ms)
✔ invalid runtime exposes the isolated repair route only to workspace admins (2.932125ms)
✔ the unavailable page cannot masquerade as workspace state once platform authority is healthy or disabled (12.615875ms)
✔ app entitlements redirect denied business surfaces to an entitled terminal route (2.775625ms)
✔ an unsafe or self-referential business default falls back to chat (0.265083ms)
✔ demo hypervisor resolves once to the configured default route (0.305167ms)
✔ axes v4 owns legacy hypervisor object links and keeps Hypervisor at Portfolio (0.290833ms)
✔ builder + nav v5 sends Portfolio home to /create (D4) (0.165875ms)
✔ legacy focus and tab queries rewrite to the v5 grammar (0.14175ms)
✔ Mission Room fallback and deep links require the workspace extension (0.240667ms)
✔ a stale Mission Room default cannot loop while the extension is disabled (0.125792ms)
✔ business policy resolves a Mission Room deep link directly to its terminal surface (5.158917ms)
✔ demo entry aliases cannot create a self redirect or an Angular alias cycle (0.337292ms)
✔ workspace entrypoint resolves once with an encoded active slug (0.420666ms)
✔ workspace query on a product route activates that tenant (0.6055ms)
✔ workspace deep links activate their tenant before component construction (0.472042ms)
✔ unknown workspace deep links resolve back to the active workspace (0.274583ms)
✔ workspace load failure fallback remains owned by the navigation resolver (0.260292ms)
✔ business policy has deterministic precedence over demo and workspace entrypoints (0.677792ms)
✔ adoption generic home follows the task and retains authorized deep links (1.121291ms)
✔ an unavailable application is never bypassed by the adoption home (0.500042ms)
✔ direct navigation emits one workspace-scoped event without query or fragment (16.607791ms)
✔ explicit redirect keeps the original request, owner and typed reason (7.130375ms)
✔ explicit redirect records the final destination after a chained Angular redirect (3.893667ms)
✔ workspace extension rejection emits the resolver-owned audit reason (1.047583ms)
✔ explicit redirect survives a superseded navigation when its replacement wins (1.752667ms)
✔ a superseded redirect cannot leak into a different replacement destination (2.022625ms)
✔ cancelled or failed redirects cannot leak into a later navigation (1.334583ms)
✔ static Angular redirect is inferred from urlAfterRedirects (0.487209ms)
✔ public/auth routes and navigations without a workspace are not emitted (0.464875ms)
✔ the first NavigationEnd is safely backfilled after workspace loading (0.960291ms)
✔ privacy and surface helpers redact identifiers and reuse the catalog ids (3.3855ms)
✔ navigation.transition is off unless the workspace opts in (0.947542ms)
✔ navigation.transition records zone, depth and inferred trigger behind the flag (8.353417ms)
✔ popstate navigations classify as history without leaking query text (2.460458ms)
✔ the Flow entry is named after the destination it resolves to (6.861333ms)
✔ destination naming exposes a dedicated key so a locale can override it (0.322709ms)
✔ sections without a dynamic destination keep their catalog naming (0.095291ms)
✔ Client360 stays classified under Operate in the standard admin cockpit (0.517208ms)
✔ Andritz business app catalog keeps its stable routes and API prefixes (0.528833ms)
✔ surface registry owns unique ids and every rail section references it (0.177041ms)
✔ lens changes preserve Capability, System, Run and SkillInvocation identity (15.673333ms)
✔ scope routes retain the real current ancestry (3.39025ms)
✔ object builders use canonical locators and business guards match registered surfaces (3.325125ms)
✔ axes v4 has four object lenses and a distinct Portfolio destination (0.716708ms)
✔ unknown navigation query values never influence the cockpit projection (0.43425ms)
✔ experience studio adds one Create entry and keeps the zone catalogues (0.478875ms)
✔ the data plane is one Build entry that owns both of its routes (0.2835ms)
✔ Lot 6 orphan leaves are catalogued (0.430042ms)
✔ legacy query aliases hydrate the canonical grammar (0.398667ms)
✔ nav v5 sommaire has no object-type index outside Create (I1) (0.117917ms)
✔ OBJECT_FACETS lists System descendants used by the sommaire branch (0.315125ms)
✔ a page link keeps lens and ancestry (I3) (2.228125ms)
✔ every catalogued surface route is reachable through a declared route (1.267084ms)
✔ every surface and leaf route is absolute (0.122333ms)
✔ planned orphan leaves have a catalog entry (0.166791ms)
✔ every Router path has a catalog entry or a named exemption (18.713125ms)
✔ ObjectPerspectiveStore validates, preloads and caches one invariant four-lens bundle (7.673542ms)
✔ a late server gate revocation purges the projection and refreshes workspace authority (1.638875ms)
✔ concurrent non-force loads share one authoritative four-lens request (0.634917ms)
✔ a newer force refresh wins even when it completes before the older request (1.395375ms)
✔ one snapshot mismatch retries all four reads once in the same request generation (0.353209ms)
✔ a persistent snapshot mismatch fails after one complete retry (0.290875ms)
✔ cache TTL is finite and forceRefresh atomically invalidates a fresh bundle (0.583709ms)
✔ the cache key includes workspace epoch even before a reset notification (0.603958ms)
✔ the cache key includes workspace identity when a slug is recreated in the same epoch (0.33525ms)
✔ logout and a new principal cannot reuse the previous principal cache (0.485125ms)
✔ a late response from principal A is rejected after principal B logs in (0.949459ms)
✔ a late 410 from principal A cannot revoke the projection for principal B (0.74775ms)
✔ a workspace reset rejects late responses and cannot repopulate the cache (3.917417ms)
✔ a late 410 from workspace A cannot revoke the projection in workspace B (1.139334ms)
✔ schema and cross-lens invariant violations never populate the cache (2.778833ms)
✔ a SkillInvocation request without its parent Run fails before an API call (0.151334ms)
✔ a workspace without the setting keeps the Agentium chrome (0.50375ms)
✔ the immersive workspace-app brand never rebrands the platform chrome (0.075333ms)
✔ a label and an emblem together carry the tenant identity (0.405458ms)
✔ a tenant may declare a second artwork for light surfaces (0.319459ms)
✔ the light variant alone never makes a brand whole (0.26725ms)
✔ a malformed or blank light variant falls back to the single emblem (0.193583ms)
✔ half a declaration is refused rather than mixed with our own brand (0.1625ms)
✔ a malformed setting cannot break the chrome (0.231042ms)
✔ the return route is kept only when it is an in-app absolute path (0.101958ms)
✔ a fresh browser follows the operating system (0.461416ms)
✔ an explicit preference on the unified key is honoured (0.067208ms)
✔ the business-shell key is adopted when the unified key is unset (0.058416ms)
✔ the pin's constant dark loses to a real business-shell choice (0.051791ms)
✔ a non-dark unified value outranks the legacy key (0.05625ms)
✔ garbage in either key never escapes the tri-state (0.208042ms)
✔ dispose discards recorder A without emitting a final chunk or endpoint (0.837625ms)
✔ hard stop invalidates a getUserMedia request still arming in workspace A (4.906875ms)
✔ normal endpoint still flushes audio and calls onEndpoint once (2.855833ms)
✔ the direct WebSocket lane carries the assistant mode and its session context (41.109125ms)
✔ the direct lane rejoins a framed answer exactly as the LiveKit lane does (0.513292ms)
✔ voice WebSocket pins the captured workspace query and closes on switch (3.484917ms)
✔ a rejected play promise from workspace A cannot advance or finish the B queue (3.138375ms)
✔ business proof requires a declared and granted primary entitlement (12.629042ms)
✔ business proof never downgrades to a route-only check (0.116542ms)
✔ immersive proof requires an entitlement-free extension boundary (0.101ms)
✔ immersive proof targets the manifest that owns the Mission Room projection (0.079208ms)
✔ standard proof also fails closed on an unenforced entitlement declaration (0.160125ms)
✔ shadow runtime records a match against the exact legacy redirect decision (21.38375ms)
✔ shadow runtime reports but never applies a divergent legacy decision (2.986417ms)
✔ workspace entrypoint blocks a cross-workspace target before slug redaction (1.510459ms)
✔ system capture keeps only equality/presence proofs and never retains its query value (2.328083ms)
✔ system capture blocks a different forwarded System id without retaining either id (5.262666ms)
✔ system capture without the semantic systemId key is an observed divergence (1.809083ms)
✔ unknown runtime configuration is fail-closed evidence instead of a thrown error (0.935416ms)
✔ workspace reset atomically clears reports and rejects late A observations (1.189333ms)
✔ current complete Sentinel payload marks both critical scenarios observed without mutation (1.86275ms)
✔ sealed Mission Room proofs aggregate across workspaces and invalidate on config drift (6.951ms)
✔ sealed proof does not survive workspace recreation with the same slug and config (4.264041ms)
✔ raw Mission Room observation cannot be resealed after same-id config drift (8.310334ms)
✔ a synthetic projection cannot overwrite an observed runtime divergence (26.917916ms)
✔ Mission Room rejects an old workspace id after same-slug recreation without epoch change (7.765958ms)
✔ Sentinel observation with an absent brand remains invalid and fail-closed (1.882958ms)
✔ Sentinel observation with a primitive brand remains invalid and fail-closed (7.369542ms)
✔ Octocity non-empty brand without style is compared as the Sentinel UI fallback (26.005667ms)
✔ Octocity contradictory brand label is retained only as a private fingerprint input (3.024875ms)
✔ Mission Room brand label/style fields fail closed when present with invalid types (1.0145ms)
✔ Mission Room observation error is preserved as fail-closed evidence (1.802625ms)
✔ Mission Room payload with a slug inconsistent with its scope is ignored (0.316166ms)
✔ registry IDs are unique and deterministically ordered by priority (1.373583ms)
✔ Andritz member keeps the rendered business experience and hard-coded surface order (1.554042ms)
✔ app entitlements filter the V2 business policy in canonical order and fail closed (0.238458ms)
✔ app entitlement payload is ignored until its feature flag is enabled (0.109708ms)
✔ workspace app runtime is a strict no-op while its feature flag is off (2.159667ms)
✔ authoritative business installations own surfaces and routes without legacy fallback (9.238ms)
✔ authoritative business installations require grants even when the legacy entitlement flag is off (0.210375ms)
✔ three Andritz installations expose four entitled surfaces without a fourth app (0.201708ms)
✔ authoritative Mission Room projection isolates Sentinel and Octocity from crossed legacy terms (3.472917ms)
✔ runtime bootstrap transports the generic provider contract and rejects malformed endpoints (2.208875ms)
✔ enabled platform fails closed to an isolated unavailable shell when runtime authority is absent or invalid (0.33425ms)
✔ invalid runtime keeps the unavailable page terminal and grants only admins the isolated repair route (0.107042ms)
✔ Andritz admin remains standard while admin preview restores business (2.495458ms)
✔ workspace_admin role template is classified as admin (2.647625ms)
✔ unsupported admin shorthand is not broader than WorkspaceService.isAdmin (0.179833ms)
✔ custom primary_surfaces and link/hidden access do not drive legacy shell or routes (0.253792ms)
✔ business compatibility aliases remain route-sensitive and canonical (0.933625ms)
✔ configured business defaults never retain query values in either projection (0.226208ms)
✔ system capture compares semantic query presence without retaining its value or System id (1.141959ms)
✔ observed system capture compares a decoded query to an encoded route segment (0.143917ms)
✔ workspace entrypoint comparison preserves tenant equality without retaining the target slug (0.26475ms)
✔ comparator consumes the decision actually observed from NavigationResolverService (0.177791ms)
✔ legacy Showcase portfolio projects standard chrome and all five cockpit verbs (0.67775ms)
✔ Sentinel API observation maps app label separately from assistant and ignores Systems ownership (0.322291ms)
✔ Octocity API observation is selected by settings, never by slug (0.151625ms)
✔ Octocity compatibility defaults are profile-driven after a workspace rename (0.128834ms)
✔ Mission Room compares the effective rendered brand label and style (0.277125ms)
✔ candidate and independent legacy oracle honor Mission Room label as assistant fallback (0.11625ms)
✔ immersive workspace app is scoped to final Mission Room route only (0.93575ms)
✔ overlap precedence composes profiles then workspace app then active business (0.150625ms)
✔ malformed settings and unknown adapters are reported fail-closed without throwing (0.237667ms)
✔ comparator emits sorted canonical paths and explanations require exact triple (0.833667ms)
✔ explanations require complete non-empty governance and exactly one exact match (2.672417ms)
✔ fingerprint is canonical, exact, and changes with any compared value (0.2075ms)
✔ public diffs redact values while the exact raw mismatch still changes the fingerprint (0.176666ms)
✔ MissionNavigation observation detects exact item order but never resolves backend Systems (0.249167ms)
✔ MissionNavigation proof fails closed when items or required app fields are absent or malformed (0.478083ms)
✔ MissionNavigation observation preserves extra keys and duplicates so drift remains visible (0.176417ms)
✔ exported critical matrices are complete and produce parity (0.359875ms)
✔ rollout gate opens only with one current valid observed proof per critical scenario (0.631042ms)
✔ rollout gate blocks wrong versions, stale epoch, unknown adapter and missing MR observation (1.81175ms)
✔ rollout gate blocks an expired explanation and an unexplained divergence (1.27225ms)
✔ rollout gate rejects tampered comparison identities and internally inconsistent statuses (1.3185ms)
✔ scenario key drops query/fragment and canonicalizes dynamic workspace and System segments (0.272541ms)
✔ legacy projection is independent from the exported adapter registry (2.863292ms)
✔ legacy oracle has no structural dependency on candidate registry or policy functions (0.888084ms)
✔ legacy oracle is anchored directly to NavigationProfile, Shell, SideRail and Mission Room UI (1.738666ms)
✔ independent legacy parsing can expose candidate drift instead of producing a synthetic match (1.279834ms)
✔ candidate constant drift cannot move the independent legacy UI oracle (0.48325ms)
✔ the current workspace is captured before dispatch and pinned across a 401 retry (29.362417ms)
✔ an explicit X-Workspace-Slug header wins over requested and current workspaces (0.391208ms)
✔ a repeated 401 is returned after one retry and is never replayed again (0.897167ms)
✔ concurrent direct requests share one refresh exchange (0.932791ms)
✔ an abort during refresh prevents the retry dispatch (1.633917ms)
✔ evaluation context written in workspace A is never read or posted in B (0.903708ms)
✔ ambiguous legacy evaluation context is consumed without adoption (0.086667ms)
✔ a tagged legacy evaluation context migrates only to its origin workspace (0.080125ms)
✔ untagged Settings preferences may migrate for a sole known workspace (1.061083ms)
✔ untagged System drafts are not attributed to the last selected workspace (0.131458ms)
✔ a workspace declares the language its pages open in (0.415958ms)
✔ a workspace that declares nothing gets no opinion (0.072125ms)
✔ a locale the product does not have is not a locale (0.063583ms)
✔ a presentation block that is not a block is ignored, not trusted (0.057708ms)
✔ workspace Chat is not reused when the deep-link slug changes (1.052458ms)
✔ workspace Chat remains reusable inside the same workspace (0.105584ms)
✔ workspace shell is recreated from workspace A settings to workspace B settings (0.070458ms)
✔ hierarchy detail components are recreated when their route-owned id changes (0.064125ms)
✔ Experience Studio editor is recreated when its application id changes (0.08325ms)
✔ unrelated parameterized routes keep Angular default reuse semantics (0.115167ms)
✔ a stale preset list rejects instead of triggering a B fallback for an A id (11.034625ms)
✔ a late maritime snapshot completes without reaching public subscribers (3.625875ms)
✔ HelpService pins A and completes a stale public load without replaying it in B (1.180416ms)
✔ RuntimeHealthService pins A and hides a late A response from signals and subscribers (0.776875ms)
✔ PermissionsService pins A and suppresses a late IAM matrix after A→B (0.853042ms)
✔ SystemsStore pins load/getById to A and exposes no late A system in B (2.337459ms)
✔ POST and Run SSE streams use the workspace captured at subscription time (33.983875ms)
✔ a workspace switch aborts an open POST stream without leaking an error frame (0.8075ms)
✔ a workspace switch aborts an open Run stream without a late event (0.650208ms)
✔ WorkspaceViewContext clears A synchronously and reloads only after B is published (1.420583ms)
✔ WorkspaceViewContext rejects a late route id and skips superseded reload epochs (0.360041ms)
✔ runtime entitlement catalog accepts a future key and keeps the four Andritz labels compatible (2.773833ms)
✔ toggling a known entitlement preserves valid active keys absent from the runtime catalog (0.321959ms)
✔ workspace switch clears registered context before publishing one new slug/epoch (5.26075ms)
✔ workspace app platform authority enables member entitlement administration without the legacy flag (0.526ms)
✔ same-slug workspace recreation invalidates the old identity atomically (0.943083ms)
✔ a late workspace response cannot repopulate context after a switch (1.208041ms)
✔ workspace settings writes can pin an explicit workspace header (0.878167ms)
✔ member administration sends an explicit canonical app entitlement decision (0.7455ms)
✔ a storage write failure cannot split the workspace transaction (0.305292ms)
✔ effective feature revocation is synchronous, same-epoch and idempotent (0.317583ms)
✔ Run deep link resolves the real Capability → System → Run graph and keeps the lens (13.623542ms)
✔ SkillInvocation deep link resolves a runtime leaf without becoming a catalog Skill (9.446542ms)
✔ a catalog Skill is not attached to a Run that never invoked it (3.126458ms)
✔ a Skill configured on the System is still rejected when the selected Run never invoked it (3.699375ms)
✔ a scoped Skill list cannot forge a Skill edge under a Run that never invoked it (4.925458ms)
✔ scoped-list rail clicks are inert while canonical ancestry is still loading (1.070166ms)
✔ global object jumps clear the previous ancestry and UrlTree parsing keeps query separators (5.450834ms)
✔ axes v4 sends Hypervisor to Portfolio while object lenses keep the selected System (1.811083ms)
✔ the selected System path rejects a Run query from another branch (6.552791ms)
✔ an unflagged workspace ignores routed axes and emits legacy object links (1.855125ms)
✔ nav v5 zone sommaire omits ?scope= (I5) (4.651958ms)
✔ Flow builder follows the proven System, else the scratchpad — never session memory (6.096583ms)
✔ parentUrl is the breadcrumb parent (D6) (6.329792ms)
✔ parentUrl of a non-hierarchy object is its catalog list (1.733042ms)
✔ workspace reset clears synchronously and ignores the late graph from the old epoch (6.431292ms)
✔ an invocation absent from the authorized Run cannot inherit forged query parents (5.93475ms)
✔ signin presentation is selected by the explicit experience contract (0.715917ms)
✔ legacy Sentinel workspace links keep the same presentation without component slug logic (0.143791ms)
✔ unknown profile fails closed to standard and cannot reactivate a legacy alias (0.0725ms)
✔ historical demo-only link preserves its prefilled account (0.061416ms)
✔ Capabilities purges A, reloads B and follows focus across browser history (7.085083ms)
✔ Capability facets follow validated query state and tab changes merge the URL (4.584334ms)
✔ Capability facet routing leaves the historical gate-off behavior unchanged (0.395792ms)
✔ Capability falls back without an error panel when the server revokes its projection (0.355667ms)
✔ Capability loads its projection when the effective gate activates in the same workspace epoch (0.30625ms)
✔ a coverage gap is applied as the tier decision it is, not as 36 toggles (6.347125ms)
✔ the unclaimed group is the only gap that enables skills one by one (0.831667ms)
✔ enabling a hidden capability also lifts the hide that outranks it (0.928084ms)
✔ an app-written override is attributed to its app and cannot be removed here (0.7565ms)
✔ hiding a visible skill and enabling a filtered one write opposite levers (0.676291ms)
✔ the escape-hatch list stays closed until searched (1.139292ms)
✔ a failed write leaves the displayed policy untouched and says so (0.64975ms)
✔ switching workspace purges the coverage and reloads for the new one (0.726ms)
✔ a read-only member sees the report without write affordances (0.482167ms)
✔ workspace switch closes the drawer, revokes its blob and ignores later preview data (3.872459ms)
✔ network recovery retains the exact idempotency request and session (10.887084ms)
✔ workspace changes discard late responses and scope changes do not share memory (0.452625ms)
✔ voice oracle timeline only uses registered Lucide icons (10.118709ms)
✔ a late session create from A cannot select, store or render the A session in B (2.987334ms)
✔ a late open-session response from A cannot restore its messages in B (1.279791ms)
✔ evaluation and Deep Search poll responses from A cannot mutate B (1.222875ms)
✔ HITL message polling is unique per session and Run, then refreshes the pending bubble (2.542167ms)
✔ a HITL poll from a conversation left behind cannot mutate the active conversation (0.956084ms)
✔ spreadsheet citations preserve the sheet and cell range in the source preview request (0.763041ms)
✔ a late upload response from A cannot start an ephemeral context in B (23.765834ms)
✔ a late A context creation cannot attach its id or documents to B (27.569375ms)
✔ Client360 pins validateMapping -> reload/run to A and cancels the chain on A -> B (22.837709ms)
✔ Client360 pins and cancels every runEngine refresh read before it can mutate B (1.280875ms)
✔ Client360 annuaire selection pre-fills targeting and posts customer_keys on create (0.549584ms)
✔ Client360 surfaces dedup outcomes after campaign draft generation (1.448917ms)
✔ Client360 fiche next-due CTA targets the customer with a due window (0.280083ms)
✔ Client360 fiche loads in two phases: payload without AI summary, then async summary merge (0.43ms)
✔ Client360 pins fiche and summary to one workspace epoch and purges them on switch (0.354125ms)
✔ Client360 fiche pages long lists client-side with show-more increments (0.496459ms)
✔ Client360 landing page collapses alerts to a digest and pages the table (2.447959ms)
✔ Client360 business selections use named keyboard controls instead of clickable rows (7.275792ms)
✔ Client360 pins syncFromCollection to A and cancels refresh on A -> B (0.960334ms)
✔ every Client360 network call is pinned to a workspace epoch and scoped by header (2.72975ms)
✔ classifies live SAP names as read or write without inventing aliases (1.633333ms)
✔ humanizes OData and custom-field names for the catalog (0.463334ms)
✔ groups header and item tools on the same object (10.740625ms)
✔ hostname wins when a credential-file label would swap PR and PO (1.316ms)
✔ falls back to the attached server id when the host is unknown (0.138167ms)
✔ readiness comes from live tool names, not invented PDF aliases (0.766167ms)
✔ orders the four Nawa servers as the PR to PO showcase (0.907084ms)
✔ only pending and ingesting keep a surface polling (1.597125ms)
✔ every dataset status is classified, so none can silently spin forever (1.436709ms)
✔ each origin gets its own icon so provenance reads without a legend (0.099792ms)
✔ the columns a model wrote are the ones it says it added (0.094625ms)
✔ a dataset nobody scored attributes nothing (0.068125ms)
✔ the credited model names its version, since promoting one changes answers (0.07775ms)
✔ a lineage block that names no model produces no half-written badge (0.063625ms)
✔ a dead link to a dataset says so, and offers the way back (0.610084ms)
✔ the detail page badges the scored columns and links back to the card (0.19325ms)
✔ a column header opens its own profile, and only when it has one (0.495458ms)
✔ the profile popover names every statistic it prints, in both languages (0.083958ms)
✔ the surfaces that show a preview tell the table how many rows there are (1.596375ms)
✔ the preview can be walked past the rows the ingest cached (0.362958ms)
✔ the ingest reads as a check-list, not as one line at a time (0.2065ms)
✔ a step from an older worker is refused rather than rendered raw (0.078875ms)
✔ every step has a sentence in both locales, counted and not (0.093458ms)
✔ a scored table reports its own steps, not the ingest’s (0.091833ms)
✔ a bar is a direction, not a rectangle (0.562167ms)
✔ the bars keep the two colours that mean something (0.143584ms)
✔ a bar arrives in rank order, on a delay the arithmetic decides (0.078ms)
✔ a count and its share are typeset as two different things (0.153833ms)
✔ the matrix says the share its shading encodes (0.087ms)
✔ the matrix uncovers itself across the diagonal (0.060167ms)
✔ a hovered cell is raised, never recoloured (0.078792ms)
✔ every entrance in the kit yields to a reader who asked for less motion (0.108ms)
✔ a tooltip does not stand on the curve it is quoting (0.069417ms)
✔ a curve with nothing to draw yields nothing rather than a stray dot (2.050084ms)
✔ a regression fit is scaled to the target’s own units, not the unit square (0.494417ms)
✔ a degenerate domain is padded instead of dividing by zero (0.112875ms)
✔ a ROC’s reference is the diagonal of the box it is drawn in (0.125084ms)
✔ a prevalence level spans the plot, or is refused rather than clamped (0.097125ms)
✔ an identity reference is a series like any other, and is filtered like one (0.084ms)
✔ a token becomes a colour a canvas can fill with (0.362625ms)
✔ a colour nothing can parse fills with nothing, not with everything (0.063917ms)
✔ the wash under a curve is spent against the line and none of it on the floor (0.206959ms)
✔ a wash nothing can parse is no wash, not an opaque one (0.1855ms)
✔ a reveal starts closed, ends open, and never reverses (0.109125ms)
✔ a reveal with no time to run is already over (0.055834ms)
✔ the confusion matrix is shaded per actual row, not per grand total (0.121542ms)
✔ a malformed or absent matrix renders nothing at all (0.072917ms)
✔ an empty row divides by nothing and stays at zero (0.062ms)
✔ a cell that holds anything is tinted, and the diagonal is the green one (0.564542ms)
✔ a stagger a reader can follow, on a set of any size (0.1285ms)
✔ a long list compresses its step instead of outstaying its welcome (0.166958ms)
✔ a stagger only ever runs forwards (0.40675ms)
✔ an index past the end of its set waits no longer than the end does (0.11375ms)
✔ viewer stays in Work while reviewer can inspect the Studio inventory (0.403583ms)
✔ contributors and workspace administrators can edit Studio experiences (0.097541ms)
✔ result inspection follows its producing component and respects business navigation (61.177084ms)
✔ a chart with no binding draws the series the document shipped with (15.438708ms)
✔ a run-output binding replaces the series the document shipped with (0.419417ms)
✔ a bound chart follows the run it waits on, not the series it was authored with (0.315458ms)
✔ a binding that resolved to something undrawable shows the empty state (0.994209ms)
✔ a chart reads the fields it was told to read, and label/value when it was told nothing (0.74575ms)
✔ an unrecognised kind draws bars rather than refusing the document (0.382166ms)
✔ a bar carries its share of the base, and only when there is a base (0.829042ms)
✔ a ramp is drawn only when the author said the bands are ordered (1.336667ms)
✔ a donut says what the ring adds up to (0.585125ms)
✔ a donut announces the numbers its canvas hides (0.4715ms)
✔ immutable renderer pins route to distinct catalogs and unknown pins fail closed (0.467625ms)
✔ versioned components keep distinct Angular style scopes (166.53825ms)
✔ a type the current catalog gained degrades on the renderer a release is pinned to (0.503ms)
✔ fieldsFromSchema maps string/number/enum/date/boolean/file (4.105333ms)
✔ form presentation localizes copy without changing schema values (0.420333ms)
✔ certified no-code forms reject schema shapes the renderer cannot enforce (0.282875ms)
✔ schema identifiers keep payload keys but expose deterministic business labels (0.106375ms)
✔ selector-free template bindings project common output shapes (0.114916ms)
✔ a chart series scales its bars against the largest value it plots (0.183583ms)
✔ a share is only offered for a series that is a whole to take a share of (0.214416ms)
✔ a ramp spans its anchors however many bars the run came back with (1.903625ms)
✔ a ramp between two hues stays a colour instead of passing through grey (1.121ms)
✔ a palette is opt-in, because a ramp claims an order the data may not have (0.181625ms)
✔ a chart drops rows no bar can honestly stand for (0.4025ms)
✔ over the cap a chart keeps the largest values in the order they arrived (0.31ms)
✔ an unrecognised chart kind draws bars rather than nothing (0.28275ms)
✔ business results are bounded, nested and humanised without JSON fallback (0.512125ms)
✔ BRD text length constraints are enforced without truncation or UTF-16 counting (1.007958ms)
✔ validateValues flags required and invalid numbers, accepts a filled form (0.267458ms)
✔ the authoring catalog creates releases against renderer 0.2 (0.075834ms)
✔ document copy resolves explicit i18n refs with a controlled fallback (0.338542ms)
✔ data/query bindings are closed and selectors cannot traverse prototypes (0.384208ms)
✔ only an uploaded document id is a ready file reference (0.10425ms)
✔ after-success behavior is a closed catalog with safe page ids (0.286209ms)
✔ unknown types fall back; nested page is ignored (0.231125ms)
✔ renderableComponents drops an action_button that duplicates the form submit (0.208208ms)
✔ appearance props persist on a page and a node (0.225667ms)
✔ a width nobody wrote, or wrote wrong, is the whole row (0.120208ms)
✔ each width divides a page row with nothing left over (0.104209ms)
✔ a header keeps its row while the panels of a board may share one (0.083709ms)
✔ the page grid is cut into the tracks the width projection counts (0.806834ms)
✔ the renderer a pinned release draws through never learned about columns (0.20025ms)
✔ custom accents always choose the higher-contrast text colour (0.265583ms)
✔ a11y aria on a button and a form (0.618167ms)
✔ a block that draws nothing on a bad morning is offered the words to say so (0.055125ms)
✔ mapRunStatus uses business vocabulary; citations read output_ref (0.111ms)
✔ firstManualIngress skips non-manual entries (1.824875ms)
✔ systemHomeBlocker rejects non-actionable one-click homes (0.223959ms)
✔ hasHitlHint reads graph kinds and ingress ids (0.188167ms)
✔ compileSystemHome builds form_result from the manual contract (0.569083ms)
✔ BRD text bounds reach the Work form unchanged (0.147458ms)
✔ compileSystemHome adds approval_card when a hitl hint is present (0.119875ms)
✔ remapSystemHomeBinding keeps the generated source on the replacement key (0.112042ms)
✔ unique identifiers stay within the backend regexes (0.520334ms)
✔ slugify strips accents and punctuation into a url token (1.594708ms)
✔ experienceSlug is a valid API slug and stays unique against taken values (0.441792ms)
✔ a binding key names its System entry point and never collides (0.274792ms)
✔ schema selector options keep no-code authors on compatible output paths (0.840959ms)
✔ wizard bindings hydrate the generated form and add usable extra actions (0.3895ms)
✔ a generated System Home keeps one source action and binds extra actions (0.162666ms)
✔ data-led templates wire their widgets to the linked action output (0.304208ms)
✔ data-led templates accept only outputs their generated widgets can render (0.141125ms)
✔ draft payload keeps localized copy dictionaries and references intact (0.152334ms)
✔ bindingSharedWith names the other applications a binding serves (0.150708ms)
✔ release review preserves a groups-only access policy (0.097625ms)
✔ deploying an existing release reviews its immutable snapshot (0.139292ms)
✔ release and rollback requests carry the state reviewed by the author (0.1595ms)
✔ deployment compares the channel head captured when review opens (0.197167ms)
✔ deployment conflicts refresh the CAS heads used by retry (0.106041ms)
✔ wizard metadata updates compare the row version last loaded by the author (0.3315ms)
✔ metadata responses cannot roll the local draft revision backwards (0.192ms)
✔ draft history restore is append-only, confirmed and revision-safe (0.452542ms)
✔ applyPatch add/remove/rename and undo/redo on the revision stack (0.360125ms)
✔ pages can be added and removed, never below the last one (0.162083ms)
✔ move_component reorders inside a page and stops at the edges (0.193542ms)
✔ ready-check dialog cannot release with blockers or empty notes (0.090584ms)
✔ release review classifies semantic changes and marks user-impacting removals as breaking (0.625375ms)
✔ additive release changes do not require a breaking-change acknowledgement (0.075208ms)
✔ publication review compares the exact saved snapshot before enabling release (0.190083ms)
✔ wizard makes creation and workspace-level binding effects explicit (0.25475ms)
✔ wizard refreshes stale System versions without retargeting shared bindings (0.155875ms)
✔ editor invalidates readiness while dirty and fails closed on shared binding catalog errors (0.167209ms)
✔ editor authors localized form copy without rewriting the executable schema (1.013625ms)
✔ editor route work is cancelled and readiness waits for the final queued save (0.7515ms)
✔ editor preserves the Work page context in both directions (1.039208ms)
✔ Work and Studio can roll out independently without breaking legacy workspaces (0.071958ms)
✔ data inspector keeps schema fields and result paths no-code while raw JSON stays advanced (0.108ms)
✔ dirty or saving editor state blocks route and browser navigation until confirmed (0.078625ms)
✔ editor keyboard history maps Cmd or Ctrl+Z once and leaves form controls alone (0.090459ms)
✔ form binding changes wait for the latest ingress schema and fail closed (0.291417ms)
✔ wizard requires an explicit audience and exposes step semantics (0.113208ms)
✔ catalog failures propagate to distinct retryable states (0.123375ms)
✔ wizard stores published outputs and blocks data-led templates without a compatible source (0.11325ms)
✔ release and deployment remain two explicit actions (0.136875ms)
✔ inventory filters follow live > pilot > draft (0.102458ms)
✔ inventory audience distinguishes groups, open access, and absent draft policy (0.113125ms)
✔ Preview as evaluates access locally without impersonating or loading data (0.127584ms)
✔ reviewers receive a read-only review link for every inventory row (0.039916ms)
✔ viewHref resolves the immutable Work release before a dual-run redirect (0.09125ms)
✔ applying appearance props updates node and page (0.073875ms)
✔ Appearance owns only visual properties while localised copy stays in Content (0.122458ms)
✔ Appearance offers a width to the blocks that may share a row (0.069917ms)
✔ the palette is offered on charts, with the warning that earns the ramp (0.066209ms)
✔ application identity flows through create, metadata edit, and localised a11y authoring (0.106ms)
✔ assistant patch reject unknown type (0.343791ms)
✔ assistant proposes local patches for empty-state, rename, approval_card (0.272458ms)
✔ the factory cycle is the live Experience binding, not a System API shortcut (0.762625ms)
✔ a cycle may start only when the work binding resolve is ok (0.078834ms)
✔ lineage hrefs stay on the System and the Run (0.086875ms)
✔ the factory portal bridge opens workspace chat on the System (0.176459ms)
✔ factory provenance is the Experience origin on the Run ingress (0.087959ms)
✔ security invariant: the browser has no SAP path — no MCP call, no BAPI body (2.911416ms)
✔ the studio node list mirrors the published DAG, one entry per node (0.966459ms)
✔ the launch payload carries only known guardrails and an optional pin (1.049ms)
✔ a paused run projects to running-until-the-gate with the server calls verbatim (1.711792ms)
✔ a failed node reads as error with the walker message, not a silent skip (0.563166ms)
✔ the gate package comes from hitl.upstream and names every source (132.277125ms)
✔ a zero-price package is flagged the way SAP will refuse it (06/215) (0.154709ms)
✔ settled, busy and decided follow the HITL decision, not only the run status (0.145709ms)
✔ an approved run shows the create + commit pair and the PO number from the gate envelope (0.68125ms)
✔ sealed, blocked and refused writes keep their own verdicts (1.686666ms)
✔ the chat fact sheet is the run: open rows, majority terms, budget, proposal state (1.168541ms)
✔ the chat write dialogue follows the run: preparing → proposing → posting → posted (0.358125ms)
✔ invocation lookup takes the latest row for a node and calls are verbatim JSON (0.165959ms)
✔ launcher redirects when exactly one app is openable (3.187125ms)
✔ live_href on theme is the launch target for dual-run apps (0.172083ms)
✔ validations surface from pattern or certified nodes (0.335791ms)
✔ release theme and page links are safe, stable projections (1.173208ms)
✔ studioHref opens the editor and carries safe Work context (0.576792ms)
✔ author roles can edit; locale list keeps fr/en only (0.122208ms)
✔ Work renders the immutable release identity with a legacy fallback (0.47475ms)
✔ all Work chrome stays in business language in both locales (9.670666ms)
✔ runtime copy rendered inside Work stays in business language (10.373375ms)
✔ runtime failures never render raw backend detail to viewers (0.358625ms)
✔ validation loading failures stay distinct from an empty queue and can be retried (0.229041ms)
✔ Work hides Studio actions when authoring is disabled for the workspace (0.162208ms)
✔ Work editor links preserve the application ID and release context as router query parameters (9.578709ms)
✔ Experience governance is reviewer-plus and never broadens contributor access (0.748834ms)
✔ inventory reflects the effective channel and filters business names (1.047375ms)
✔ audit filtering relates lifecycle and binding events to the selected application (0.15225ms)
✔ audiences and drift stay compact governance projections (0.1275ms)
✔ unavailable drift data never renders a healthy zero or green state (0.6265ms)
✔ Govern navigation remains contained and keyboard-reachable on narrow viewports (0.363167ms)
✔ workspace app repair remains directly available to workspace admins (1.388709ms)
✔ invalid runtime sends non-admins to the isolated unavailable page (0.207333ms)
✔ legacy non-admin lifecycle access keeps its governance fallback (0.1205ms)
✔ admin UI performs exact plan/apply and reuses its Idempotency-Key after a failed retry (23.583958ms)
✔ workspace epoch reset atomically clears catalog, pending plan, receipt and retry state (0.417334ms)
✔ a delayed registry response from workspace A cannot replace the loaded workspace B catalog (1.142709ms)
✔ non-admin UI does not call the governance API even when reached directly (0.124ms)
✔ catalog sorts strict semver and derives only valid authoritative transitions (1.255625ms)
✔ an absent app installs only the latest exact digest and never carries settings or entitlements (0.125083ms)
✔ an installed row whose digest is absent from the registry cannot be uninstalled from the UI (0.841667ms)
✔ response identity rejects an old workspace epoch even when a slug is reused (0.290416ms)
✔ apply retries reuse one key; success and workspace reset retire it (0.439542ms)
✔ a blueprint dry-run remains applicable only for its exact target and choices (0.409916ms)
✔ JSON edits and policy changes invalidate a blueprint plan (0.079417ms)
✔ computes a delta only when both measurements are present (0.436833ms)
✔ counts capabilities independently from any Run aggregate (0.094ms)
✔ formats numeric impact values without changing the historical display (0.291917ms)
✔ renders descriptive impact values and rejects values that cannot be displayed (0.4ms)
✔ portfolio value-loop summary preserves real zero risk and measured outcome (0.850125ms)
✔ portfolio value-loop summary never turns missing or unconfigured evidence into zero (0.169167ms)
✔ builds a UTC calendar from naive from/to and does not pad missing days (6.526084ms)
✔ joins sparse buckets by date and never treats absence as not_configured zero (14.457542ms)
✔ partitions hors-denominateur on hours and keeps native units in-denominator (0.672667ms)
✔ runs projection is ink-only, never sums native units, and shares a dot step (0.358834ms)
✔ picks the peak day from measured+declared and marks stale systems (1.265042ms)
✔ sankey widths are run counts and outside systems keep their native outcome (0.611458ms)
✔ rivers stack measured first, then declared by weight with alternating teal tones (0.531125ms)
✔ calendar ticks carry range bounds and ISO weeks without crowding the end (0.314666ms)
✔ week spark collapses the calendar from the end without fabricating cost (4.256625ms)
✔ foldFacts never returns a fabricated zero for a non-available fact (0.21975ms)
✔ sorts register rows with null facts last (0.758125ms)
✔ basis helpers treat status none as unusable (0.23525ms)
✔ ratio stays unset when cost is not measured (0.836709ms)
✔ parseViewsPayload falls back to Direction / Operations / Conformite defaults (1.575167ms)
✔ legacy units denominator is an alias of runs (0.45875ms)
✔ toggle and move keep the rest of the view intact (0.32875ms)
✔ replaceView is a full-list replace of one id (0.311ms)
✔ workspace reset synchronously purges Capture tenant signals before B is published (8.101ms)
✔ workspace reset during feed hydration neither mutates B nor opens session A transport (1.027959ms)
✔ a LiveKit connection created after A→B is immediately closed and never falls back (1.387416ms)
✔ a rejected LiveKit open after A→B cannot enter the backend fallback (0.909ms)
✔ workspace reset invalidates an in-flight finalize recovery before its HTTP POST fallback (1.197542ms)
✔ publication requires an explicit accepted state, never triggers review (1.16425ms)
✔ a loaded publication restores its receipt and clears on session change (0.668584ms)
✔ a lost publication reply recovers the stored receipt without a second POST (0.923ms)
✔ late publication replies cannot restore another workspace receipt (0.447583ms)
✔ a proposal from another session cannot restore a publication (0.529458ms)
✔ a successful publication stores the canonical receipt without an implicit review (0.678417ms)
✔ FSE template plan remains blocked until its System is resolved (1.327583ms)
✔ FSE template exposes three EX70 intervention types with plan seeds (0.665125ms)
✔ equipment_progress applies only to weekly_site and process (0.196625ms)
✔ seed defaults prefill HSE, distribution and site_modifications (0.257208ms)
✔ checkbox_group and equipment_progress fill rules (0.163875ms)
✔ weekLabelFromIsoDate returns ISO week (0.131083ms)
✔ FSE cartouche exposes week and issued_by (0.068042ms)
✔ coerceCaptureTemplate merges intervention_types and field options (0.318292ms)
✔ composePublicationName follows PROJECT-Supervisor-Week (0.145291ms)
✔ pickFseSystem uses template_id then name when no binding (0.768584ms)
✔ pickFseSystem prefers a bound id that is still in the list (0.08925ms)
✔ systemIdFromBindingResolve only accepts an ok binding (0.081292ms)
✔ unknown delivery reuses request identity and double click does not resubmit (9.295208ms)
✔ stale state is explained and a rejected request can be reviewed again (0.7395ms)
✔ workspace changes discard late retry responses (2.422292ms)
✔ non-admin, active, completed and governed ingestions cannot be retried from the panel (21.728791ms)
✔ every recovery label exists in both languages (2.258708ms)
✔ only a persisted missing-original diagnosis replaces the raw error (0.782333ms)
✔ timestamps respect the selected locale and naive server timestamps stay UTC (25.026458ms)
✔ source retrieval failure is not converted to an empty collection (0.6215ms)
✔ a resolved LiveKit A connection is closed before the consumer can fallback under B (0.785208ms)
✔ workspace reset during microphone enable cannot rearm capture in B (0.211458ms)
✔ command palette drops A index and rejects an old dynamic command after A→B (5.417917ms)
✔ Capability scope hides its own level and routes Systems inside the same ancestry (8.281ms)
✔ clicking the active mini-rail scope is a strict no-op (1.7975ms)
✔ an unflagged workspace keeps the historical Operate section set (1.113791ms)
✔ the Flow entry reads Scratchpad only while it opens the scratchpad (0.793958ms)
✔ sections other than Flow are named from the catalog whatever the URL (0.155084ms)
✔ axes v4 exposes no object index under the Portfolio-only Hypervisor destination (0.146041ms)
✔ experience studio prepends Business application to the Create catalogues (0.177166ms)
✔ nav v5 Operate sommaire has no object ladder and exposes a System facet branch (I1) (0.734833ms)
✔ breadcrumb renders only graph-proven nodes with their canonical labels and hrefs (5.88975ms)
✔ side rail delegates every lens route to the route-owned navigation projection (7.273833ms)
✔ demo rail uses Mission Room home only when the extension is enabled (1.299125ms)
✔ axes v4 makes Hypervisor the Portfolio home even in a demo workspace (0.239667ms)
✔ experience_v1 Build verb opens the Create hub (1.048333ms)
✔ TitleBar drops A telemetry atomically and reloads only B after a workspace switch (6.914292ms)
✔ TitleBar commits B only after the guarded exit from A succeeds (0.517542ms)
✔ a tenant without a light variant shows the same emblem in both themes (0.445ms)
✔ a declared light variant is swapped in on the light theme, live (0.237833ms)
✔ a workspace with no brand at all keeps the Agentium mark (0.175375ms)
✔ generic provider renders only neutral copy and calls the exact core contracts (5.110417ms)
✔ generic provider purges atomically and rejects every late previous-workspace payload (0.4955ms)
✔ generic provider direct switch delegates only after its old epoch is purged (0.256292ms)
✔ unknown and specialized views never issue provider requests (0.187209ms)
✔ MissionRoom presentation uses runtime authority over crossed legacy settings (38.250708ms)
✔ MissionRoom direct construction stays neutral when enabled runtime authority is invalid (1.57425ms)
✔ MissionRoom observes the authoritative navigation payload only after installing it unchanged (2.276542ms)
✔ MissionRoom neither installs nor observes a navigation response invalidated by A -> B (2.176ms)
✔ MissionRoom direct rail switch purges tenant state before publishing the next epoch (1.015916ms)
✔ MissionRoom continues the legacy payload flow when shadow observation throws (2.011ms)
✔ MissionRoom cancels the scoped createAction refresh before late A reads can mutate B (1.492417ms)
✔ MissionRoom cancels action and pending-agenda continuations on A -> B (1.346667ms)
✔ MissionRoom startMeeting stays pinned to A and cannot navigate after A -> B (0.766916ms)
✔ MissionRoom cancels visual capture and image hydration before Sentinel can leak into Octocity (1.865209ms)
✔ MissionRoom cancels every agenda write continuation before Sentinel -> Octocity publication (1.604958ms)
✔ MissionRoom ignores a delayed search response across sentinel-ci -> octocity-mission-room (1.329458ms)
✔ MissionRoom ignores a delayed search response across octocity-mission-room -> sentinel-ci (1.232375ms)
✔ generic Agentium branding is not classified as the Octocity presentation (0.38275ms)
✔ Mission Room extension keeps the existing route and API contract (1.34725ms)
✔ Sentinel resolves its own brand, assistant and action packs (0.389666ms)
✔ Octocity resolves its own brand, assistant and action packs without Sentinel terms (0.151292ms)
✔ immersive shell is restricted to an enabled demo extension route (0.108958ms)
✔ legacy Sentinel demo profile resolves to the canonical extension profile (0.080417ms)
✔ authoritative Sentinel runtime ignores every tampered Octocity legacy field (0.283459ms)
✔ authoritative Octocity runtime ignores every tampered Sentinel legacy field (0.171458ms)
✔ enabled Workspace App platform never falls back to legacy Mission Room settings (0.136458ms)
✔ generic 1.0 and 1.1 installs stay fail closed without a provider contract (0.224958ms)
✔ generic 1.2 runtime is enabled only by the exact provider contract (0.261792ms)
✔ Octocity last-mile presentation removes every Sentinel vocabulary family (0.562541ms)
✔ presentation is profile-scoped and bounded around the CI token (0.132584ms)
✔ Mission Room extension preserves its exact public route table (2.30025ms)
✔ macro strip renders nothing tenant-branded before its aggregate answers (4.787958ms)
✔ macro strip stays tenant-neutral when the aggregate fails (1.557959ms)
✔ macro strip renders the workspace payload it is actually served (31.06225ms)
✔ every key the serving surfaces name has FR and EN copy (3.74025ms)
✔ the card mounts the Playground on the read it already made (0.8905ms)
✔ the request the Playground sends is MLflow serving shape (0.490667ms)
✔ a card off the serving alias predicts from itself, form and snippet alike (0.355208ms)
✔ an answer shows itself to whoever pressed the button (0.505625ms)
✔ the route and the header are the server’s facts, never retyped in the UI (0.149083ms)
✔ the key panel shows a prefix, and the secret only from the mint response (0.110416ms)
✔ a revoked key stays visible, because a demo has to show it stop answering (0.126417ms)
✔ the gauge animates, because the jump is the argument (0.215791ms)
✔ the dial is an instrument: a ramp, a glow, and a point to read it off (0.188458ms)
✔ one property carries the dial’s verdict to everything drawn from it (0.1505ms)
✔ each dial owns the gradient it paints itself with (0.438416ms)
✔ the explanation is asked for explicitly, and only for the one row on screen (0.153083ms)
✔ publishing links into the catalog and carries the model’s provenance (0.533417ms)
✔ the catalog card says which model a published skill answers from (6.74075ms)
✔ the monitoring tab reads the journal and closes the feedback loop (0.172042ms)
✔ the score tiles carry a delta and the comparison tab is mounted (0.114916ms)
✔ the card names the challenger, and takes that fact from the server (0.170667ms)
✔ promotion hands back both halves of the lineage (0.053ms)
✔ the card says which version it is without opening a tab (0.036292ms)
✔ the hero says what kind of model this is, not only how it was fitted (0.077042ms)
✔ a dead link to a model says so, and offers the way back (0.119292ms)
✔ the card banner is the pipeline, not the version chain (0.063583ms)
✔ the lineage reads forwards, and marks the current and the serving one apart (0.10475ms)
✔ the model card draws its charts from the shared viz kit (0.0855ms)
✔ the curves are chart.js, and they are hoverable, because the elbow is the argument (0.27575ms)
✔ the comparison tab weighs a pair, and never one version against itself (0.08325ms)
✔ a fit reads as a check-list wherever it is watched, and says when it lands (0.149959ms)
✔ only a queued or running fit keeps a surface polling (0.96525ms)
✔ every model status is classified, so none can silently spin forever (0.529959ms)
✔ each algorithm family gets its own icon so the picker reads at a glance (0.1055ms)
✔ a metric is rendered in its own units, never as a bare ratio (18.192541ms)
✔ a missing score reads as absent rather than as a zero (0.231417ms)
✔ a verdict is only given where the metric scale is absolute (0.207208ms)
✔ higher-is-better is stated per metric, not assumed (0.163125ms)
✔ the row score prefers the list payload but falls back to the detail block (0.226417ms)
✔ the best score never ranks one metric against another (0.456ms)
✔ the best score minimises a metric where lower is better (0.402541ms)
✔ an unfinished or unscored run cannot become the best score (0.257583ms)
✔ importances are normalized against the strongest column of the run (0.507583ms)
✔ a column that hurt the score is flagged, and still sized by magnitude (0.078417ms)
✔ importances are capped so a wide table cannot become the whole card (0.169917ms)
✔ class balance carries the share, which is what makes accuracy readable (0.128875ms)
✔ a knob is clamped the way the backend will clamp it (0.169167ms)
✔ a knob at its auto point reads as “let the estimator decide” (0.059708ms)
✔ knob defaults come from the descriptor, so the form opens where the server would (0.0855ms)
✔ the target picker offers only what can actually be predicted (0.062416ms)
✔ a numeric column stays offered however many values it holds (0.0405ms)
✔ plan columns project into the shared table without losing the profile (0.117333ms)
✔ features default to every column but the target, as the backend does (0.055375ms)
✔ every refusal the backend can raise has a sentence and a field (0.061042ms)
✔ a refusal renders next to the choice that caused it (0.046792ms)
✔ the identifier warning is named, so a leaky column is called out by name (0.05025ms)
✔ a worker error splits into the code the UI can name and the line it cannot (0.358083ms)
✔ a multi-line harness error keeps its tail, which is where the cause is (0.162209ms)
✔ every terminal failure the worker writes has a sentence of its own (0.068709ms)
✔ the form opens on the example the fit carried, not on the contract default (0.069292ms)
✔ with no example the form still opens filled, from the typical row (0.035834ms)
✔ a field with neither example nor default opens empty rather than as "undefined" (0.131666ms)
✔ a numeric box is sent as a number and a cleared box as a hole (0.09ms)
✔ a numeric field holding text is sent as it was typed, so the refusal names it (0.042917ms)
✔ the gauge is about the positive class, named, not a bare number (0.196167ms)
✔ the dial is measured against the circle a browser actually draws (0.038292ms)
✔ the handle rides the tip of the stroke it terminates (0.184333ms)
✔ a full dial parks its handle a dot short of the pattern, not off the end (0.063083ms)
✔ landing outside the positive class reads as a probability of it, not of the answer (0.057167ms)
✔ with no positive class the gauge falls back to how sure the model is (0.053834ms)
✔ a row with nothing to show on the dial draws no dial at all (0.051167ms)
✔ contributions are normalized against the strongest effect on this row (0.251708ms)
✔ the snippet is the request that was just made, key masked to its prefix (0.170791ms)
✔ a card that is not the one serving names its own version, so its form is judged against its own signature (0.051417ms)
✔ the snippet carries the same pin the button used, so a copy reproduces the answer (0.060041ms)
✔ the one response that carried a secret puts it in the snippet verbatim (0.066ms)
✔ with no key at all the snippet says where one goes rather than looking done (0.032125ms)
✔ a provenance line names the serving version and quotes its score (0.118416ms)
✔ a provenance with no readable score still says which version answers (0.040834ms)
✔ the pipeline banner walks dataset, transform, this version and scored tables (0.170416ms)
✔ a card with only this version is not a pipeline (0.047458ms)
✔ a skill that answers from no model claims no provenance (0.037208ms)
✔ drift bars rank PSI the same way importances rank a feature (0.215958ms)
✔ the AUC trace is two points so the curve kit can draw the drop (0.103125ms)
✔ every coded serving refusal has a sentence of its own (0.073209ms)
✔ a delta is judged by the metric, so a smaller error is an improvement (0.379708ms)
✔ a move too small to mean anything is rendered flat, not as a win (0.034ms)
✔ with nothing to compare against there is no delta rather than a fake zero (0.02825ms)
✔ a delta is measured against the newest trained version below this one (0.082417ms)
✔ a lineage of one has nothing to measure against (0.030875ms)
✔ a failed retrain never becomes the version a delta is read against (0.035791ms)
✔ the version that serves compares against its contender, not against nothing (0.083541ms)
✔ a version with one below it still compares backwards (0.244166ms)
✔ a lineage of one, and a failed sibling, have nothing worth a table (0.139084ms)
✔ comparison aligns two versions and marks the side each metric favours (0.429ms)
✔ a metric only one side produced is left out rather than shown as a drop to zero (0.040667ms)
✔ every key the model plane assembles at runtime has FR and EN copy (0.126708ms)
✔ every metric the card can score has a label and a hint in both locales (0.073ms)
✔ a step brings the count that says how much of the wait is left (0.110084ms)
✔ the check-list follows the step the row claims, and invents none (0.163958ms)
✔ a line that will never tick is not drawn (0.079084ms)
✔ the fold counter is live while the folds run, and never after (0.151542ms)
✔ the row count belongs to the fit, and to no other line (0.697375ms)
✔ every sentence the check-list can render exists in both languages (0.557209ms)
✔ a failed turn leaves the conversation open, and the next one is answered (22.286834ms)
✔ a synthesis failure keeps the room; the answer is already on screen (1.781666ms)
✔ an unreadable frame is survived without a word about it (6.427ms)
✔ a lost room is given up, so the button means what it says (8.002125ms)
✔ a closed room is given up whatever it said on the way out (1.145167ms)
✔ a request for the live service is offered and nothing is started (8.093917ms)
✔ the identity reply fills the offer instead of reaching the engine (2.070541ms)
✔ the press takes the audited path, and forgets the code (2.902458ms)
✔ a spoken identity fills the same offer, so the press is the same (0.711583ms)
✔ nothing is offered where the workspace has no System to reach (3.178583ms)
✔ pressing again after a failed turn does not open a second room (0.3265ms)
✔ the NAWA transcript announces appended turns and its pending state (1.016292ms)
✔ the retrieval prefix is stripped, the section heading is kept (0.777416ms)
✔ a citation quotes the policy, not the document masthead (0.133292ms)
✔ front matter is never dropped to nothing (0.059541ms)
✔ a long passage is cut at a word and marked as cut (0.234375ms)
✔ the excerpt shows the sentence the answer rests on, not the chunk opening (0.179291ms)
✔ an excerpt whose opening does support the answer keeps its opening (0.095125ms)
✔ a passage that echoes nothing in the answer falls back to its beginning (0.240417ms)
✔ the excerpt obeys the same length budget as the prefix it replaces (0.415208ms)
✔ the excerpt comes from the published policy, verbatim (2.076584ms)
✔ the excerpt never quotes the document control block or a heading (0.750542ms)
✔ a policy that says nothing the answer echoes yields no excerpt (0.200958ms)
✔ file names are read as document titles (0.301542ms)
✔ elapsed time reads as a duration, never as a raw float (0.073167ms)
✔ every suggested question is a question a desk receives (0.107417ms)
✔ a staffing tally is the label plus a count and nothing else (0.594417ms)
✔ the two readings partition the field, so nothing is lost by the toggle (0.470958ms)
✔ the card summary is the first prose line, never a headcount (0.326334ms)
✔ an entry the workbook left blank says nothing rather than something invented (0.180625ms)
✔ search reads the name and both process fields (0.210208ms)
✔ business totals count what is listed, missing figures included as zero (0.287542ms)
✔ the speed-up refuses to speak when the two columns do not support a claim (0.299708ms)
✔ every assistant line quotes a value the run produced (4.303084ms)
✔ the requester is quoted from the settings, never paraphrased (1.909667ms)
✔ the drafted message reaches the requester verbatim, exactly once (0.315833ms)
✔ a lane with no drafted message closes on the flow’s own outcome wording (0.134208ms)
✔ the classification is read out as the identifier the model returned (0.147167ms)
✔ no technical diagnostic reaches the conversation (0.177291ms)
✔ no bench vocabulary reaches the conversation (0.147916ms)
✔ no privileged action is narrated on a lane that performed none (0.321917ms)
✔ a paused run claims nothing while it waits (2.57625ms)
✔ an answered gate shows the decision that was recorded (0.508292ms)
✔ a queue selection with no run yet shows the request alone (0.315ms)
✔ a System installed before the presets still renders the assistant side (0.132417ms)
✔ timestamps are clock readings, or absent (0.22ms)
✔ 1 · the reset is recognised, offered, and not started (9.118ms)
✔ 2 · the press composes the audited case, and never carries the code (2.588375ms)
✔ 2 · the run is read back off the run, line by line (1.200542ms)
✔ 3 · a policy question is answered from the library, with its passage (0.630542ms)
✔ 4 · a planned service plays the customer’s own procedure (1.472875ms)
✔ 4 · approving resumes the walk and closes it; declining changes nothing (1.554542ms)
✔ the turns are one conversation, and the engine names it (1.326792ms)
✔ a new conversation drops the thread and sends none (1.827875ms)
✔ the same demonstration spoken renders the same turns (2.346708ms)
✔ what is spoken aloud is not what is on screen (3.9895ms)
✔ nothing in the demonstration names a provider or a model (1.718542ms)
✔ no turn of the demonstration claims an action it did not take (0.686917ms)
✔ a citation shows the passage the retrieval returned (4.003208ms)
✔ the response numbering wins, and the tool result supplies the text (1.505208ms)
✔ a citation with no chunk id is joined on its file and page (0.192042ms)
✔ a citation nothing can be quoted for is not offered (0.378875ms)
✔ the retrieval window is cut around the sentence the answer used (0.323125ms)
✔ the published policy is preferred over the retrieval window (0.166834ms)
✔ the elapsed time on screen is the wall clock the surface measured (2.98ms)
✔ the documents a turn needs are named by bare file name (0.1575ms)
✔ the library is called unsupported only once it has been searched (0.142ms)
✔ an engine that could not be reached says so, and claims nothing (0.172125ms)
✔ a previewed service is played from the catalogue entry the tool returned (1.342125ms)
✔ the family count comes from the catalogue the surface still holds (0.634542ms)
✔ a run the engine started is handed to the screen to follow (0.070916ms)
✔ a turn that started a run does not also play a preview of it (0.054542ms)
✔ the service that runs here is offered, not previewed (0.601458ms)
✔ the offer follows the hint when no tool named the service (0.240833ms)
✔ a service the rollout has not reached is played, never offered (1.743292ms)
✔ a question about the rules never sprouts a button (0.0805ms)
✔ the only service offered is the one this surface can actually launch (0.668542ms)
✔ a listed shortlist is shown as names (0.245709ms)
✔ a tool that refused is quoted refusing, in the engine’s own words (0.145833ms)
✔ nothing rendered names the model or the provider (0.250667ms)
✔ a spoken turn and a typed turn render identically (0.218875ms)
✔ the gateway event is read as a turn, and nothing else is (0.209708ms)
✔ a payload with missing collections still renders (0.21475ms)
✔ the transcript events feed the composer while someone speaks (0.195167ms)
✔ the session id the engine returned is the one the next turn sends (0.184125ms)
✔ the header says which conversation is being remembered (0.230875ms)
✔ the catalogue is projected onto the four columns the tools read (0.37025ms)
✔ the catalogue is capped where the engine caps it (0.556125ms)
✔ an entry the engine could not project round-trips through a preview (0.722041ms)
✔ the hint and the catalogue travel together (0.719958ms)
✔ the room is opened in assistant mode, not merely on the assistant surface (0.15225ms)
✔ the gateway’s echo is what says which loop was started (0.168ms)
✔ a failed turn is not a lost room (0.659667ms)
✔ a lost room is really lost, and unknown failures are treated as one (0.33625ms)
✔ nothing else is read as a failure of the session (0.092ms)
✔ what the room says about a failure never reaches the screen (0.111291ms)
✔ the context reaches the room in frames that reassemble into itself (1.316667ms)
✔ a frame stays under the transport’s packet ceiling, accents included (2.486583ms)
✔ a context that fits is still framed, so there is one shape and one path (0.579167ms)
✔ the catalogue the room receives is capped where the engine caps it (1.683125ms)
✔ a frame never splits a surrogate pair (0.585333ms)
✔ the chunk size is the transport’s, not a number the caller invents (0.284583ms)
✔ the remediation entry is not a waiting request (0.703333ms)
✔ dropping that row does not drop the remediation itself (1.950542ms)
✔ no catalogue vocabulary reaches a row (0.380625ms)
✔ an unauthored field is rendered as nothing, never as a stand-in (0.331625ms)
✔ a subject falls back to the request itself, truncated (0.267625ms)
✔ channels read as a service desk writes them (0.220541ms)
✔ arrival times survive both spellings the settings can carry (0.162ms)
✔ a settings entry that is not an object is treated as absent (0.199459ms)
✔ the catalogue the harness reads is the shipped one (2.448042ms)
✔ the catalogue travels on every turn, hint or no hint (8.898542ms)
✔ a router with no opinion sends no hint at all (2.912541ms)
✔ a hint names a service and says whether it executes here (0.527042ms)
✔ the hint never names a tool (0.543458ms)
✔ requests point at the service they belong to (3.66575ms)
✔ what a microphone actually returns still points at the right service (0.636042ms)
✔ the phrasings the tables above did not think of also point somewhere (3.056417ms)
✔ questions about the rules carry no service hint (0.890209ms)
✔ every suggested request carries a hint (1.51225ms)
✔ nothing is hinted when the utterance states no need (0.3105ms)
✔ the live service is the one that runs here (0.970542ms)
✔ a planned service carries their procedure, verbatim (0.401917ms)
✔ a service of the shared pattern reports how many move with it (0.255ms)
✔ the two proofs are read out of a reply typed any way round (3.821042ms)
✔ a proof that was not given is written as missing, not omitted (0.247125ms)
✔ the case carries the requester’s own words, judged by the System’s prompts (0.479292ms)
✔ no case is composed when the System carries no templates (0.177958ms)
✔ systemIdFromBindingResolve prefers an ok binding and ignores misses (0.525875ms)
✔ the conversation satisfies the step that asks for the request (1.247875ms)
✔ the decision is the step where IT checks an approval, and only that one (0.241625ms)
✔ a procedure with no approval step yields no decision (0.250625ms)
✔ a service nobody approves does not claim to have been approved (5.3135ms)
✔ the approvers are the roles the procedure names, in order (0.78525ms)
✔ a named subject is carried into the opening line (0.183833ms)
✔ the opening line takes charge, announces the count and the stop (0.702333ms)
✔ the decision names its step and states that nothing has changed (0.561709ms)
✔ the standing mark says what a preview is and what it is not (0.305ms)
✔ the workbook still has three services with no written procedure (0.328834ms)
✔ every service in the catalogue produces a playable plan (1.01525ms)
✔ the four suggested requests all reach a plan (2.143083ms)
✔ the pre-fix rule turned dead branches green — the fixtures still catch it (2.819708ms)
✔ nominal projects onto the six steps as documented (1.118ms)
✔ ambiguous projects onto the six steps as documented (0.146208ms)
✔ ad_unreachable projects onto the six steps as documented (0.146209ms)
✔ ad_unreachable_fallback projects onto the six steps as documented (0.166417ms)
✔ quality_guard projects onto the six steps as documented (0.12425ms)
✔ weak_identity_pending projects onto the six steps as documented (0.079833ms)
✔ weak_identity projects onto the six steps as documented (0.677125ms)
✔ every fixture is covered by the expected table (0.082125ms)
✔ no step claims a privileged action the banner says did not happen (0.887625ms)
✔ a paused run claims no privileged action while it waits (0.148083ms)
✔ each lane resolves to its business outcome code (1.05125ms)
✔ the raw provider error never reaches the screen (1.738542ms)
✔ a short answer is spoken as written (1.724625ms)
✔ a long answer is cut at a sentence, never mid-word (1.058875ms)
✔ citation markers and markdown never reach the ear (0.09425ms)
✔ sources are mentioned only when the answer was shortened (0.42025ms)
✔ a procedure is spoken as a count, not as a list (0.342708ms)
✔ a single step is announced in the singular (0.175709ms)
✔ a service with no documented procedure says nothing extra (0.190333ms)
✔ an offer names the button, and says nothing has started (0.302292ms)
✔ an empty answer is admitted rather than mumbled (0.264583ms)
✔ an outcome keeps more room than a library answer (0.512334ms)
✔ unknown and invalid metrics never become a zero or perfect score (1.032542ms)
✔ timeline preserves parallel execution and does not add durations serially (0.318917ms)
✔ missing and reversed timestamps are not fabricated into intervals (0.716ms)
✔ pending, failure and unknown platform codes stay readable in both languages (2.324708ms)
✔ legacy server errors and limitations resolve without displaying English as French primary copy (0.429875ms)
✔ localized decimal and cost displays preserve missing, zero and positive tiny amounts (24.582166ms)
▶ agent-loop inspector projection
  ✔ parses allowlist lines and drops blanks, dupes, and a 9th slug (0.918125ms)
  ✔ reads a fail-closed envelope when the config bag is thin (0.191167ms)
  ✔ clamps turns and confidence to the pinned envelope (0.06975ms)
  ✔ HumanGate prompt_kind falls back to approve_write (0.070875ms)
  ✔ ITSD overlay starter is Trigger → Agent loop → Human gate → Output with a 1–8 allowlist (0.211083ms)
  ✔ canvas line names the objective, budget, allowlist size and tier (0.104166ms)
  ✔ done_when keeps one criterion per line (0.068583ms)
  ✔ optional budget fields keep cost and a minute deadline or stay unset (0.09325ms)
✔ agent-loop inspector projection (2.875833ms)
✔ every node card exposes an accessible, lock-aware delete control (1.431875ms)
✔ the node trash keeps a 24px hit area that head-row crowding cannot shrink (0.579625ms)
✔ the inspector deletes the selected node through the same store mutation (1.284375ms)
✔ global Delete and Backspace use the interactive-surface guard (0.795667ms)
✔ toolbar keeps palette, inspector, focus, compact and workbench as explicit controls (0.491917ms)
✔ authoring is the default toolbar surface and operating is one disclosure away (0.600166ms)
✔ the runtime manifest is collapsed until asked for and the empty canvas offers one way in (1.088833ms)
✔ the inspector exposes the AgentLoop envelope and a HumanGate that resumes (0.569333ms)
✔ canvas and accessible outline are synchronized FlowStore projections (2.559125ms)
✔ outline connector picker mirrors rendered ports and filters self-loops and primitive mismatches (1.83425ms)
✔ palette search exposes one real combobox/listbox active-descendant contract (0.54175ms)
✔ builder focus mode has a native-fullscreen path and a CSS fallback (0.544583ms)
✔ builder mounts one ephemeral workbench and never exposes it on scratchpad (1.370458ms)
✔ closing the inspector preserves graph selection and later selection reopens it (0.517875ms)
✔ retrieval scope remains a per-node inspector contract (0.283791ms)
✔ version preview is semantic while unloaded rows are explicitly count-only (0.7785ms)
✔ catalog projection is stable and carries usage plus carriers (17.097417ms)
✔ the excluded rows are kept apart from what a Flow may drop (4.135167ms)
✔ loaded-empty and load-error are distinct, and Retry starts a fresh request (0.642167ms)
✔ collection catalogue loads once, merges both payload shapes and sorts unique slugs (11.876125ms)
✔ document catalogue is URL-scoped, paginated, deduplicated and sorted (0.576ms)
✔ document error is explicit and force retry starts a fresh request (1.7155ms)
✔ workspace transition clears both catalogues and ignores late document responses (1.477708ms)
✔ derived ingress kind mirrors every branch of flow_contracts._ingress_kind (0.503292ms)
✔ a node that is not an executable source has no derived ingress kind (0.088667ms)
✔ ingress kind guard accepts exactly the backend enum (0.076458ms)
✔ schema derived from ports matches flow_contracts._ports_schema (0.999833ms)
✔ no required port means the derived schema omits required entirely (0.115917ms)
✔ condition names report what a Decision predicate reads (0.267125ms)
✔ condition names ignore an operator name hiding inside a string literal (0.07525ms)
✔ reference selection waits for draft hydration and never replaces graph state (1.379417ms)
✔ applying a correction never replaces unsaved or saving editor state (0.176292ms)
✔ reference reads are isolated from draft hydration and reject another System (1.756167ms)
✔ scratch Flow Builder draft from A is not restored or copied into B (1.209666ms)
✔ ambiguous unsuffixed scratch draft is neutralized in a multi-workspace account (0.336ms)
✔ untagged legacy scratch draft is not attributed to the last selected workspace (1.390667ms)
✔ valid empty flow draft round-trips without being mistaken for a missing draft (0.134833ms)
✔ malformed scoped draft without an edges array is rejected and quarantined without throwing (1.001125ms)
✔ legacy raw flow requires both graph arrays (0.368541ms)
✔ draft with a null port entry is rejected before renderer hydration (0.118709ms)
✔ connector ids are derived from (nodeId, port), not coordinates (2.487375ms)
✔ source renders no input connector; sink renders no output connector (0.433958ms)
✔ EDGE STABILITY: connector source/target ids are invariant under node move / zoom / pan / resize (0.386917ms)
✔ toConnectionViews resolves to connectors the node actually renders (never dangles) (0.117292ms)
✔ connectorsToEdge round-trips and is order-defensive (0.212ms)
✔ view → connection → edge round-trip preserves endpoints (0.151083ms)
✔ Decision route handles create canonical branch edges and preserve labels (0.131166ms)
✔ legacy branch edges without from_port bind to their labelled Decision handle (0.164334ms)
✔ with no declared schema the ingress ports name the payload keys (1.326584ms)
✔ a declared schema seeds what it demands and never invents an optional value (1.223333ms)
✔ nothing is prefilled when the entry point is ambiguous or demands nothing (0.263834ms)
✔ Retrieval identity is task-only and supports runtime and Skill aliases (0.628792ms)
✔ per-node collections and document refs normalize without cross-node state (0.544542ms)
✔ persisted refs outside the bounded catalogue remain visible and deselectable (0.136334ms)
✔ persisted Retrieval collections remain visible when absent from the catalogue (0.093208ms)
✔ changing Retrieval collections prunes document refs outside the new scope (0.538709ms)
✔ document multi-select writes explicit collection/document pairs (0.49675ms)
✔ Retrieval picker rejects client scopes beyond the server bounds (0.523916ms)
✔ published Skill execution preview matches the exact node and Skill without changing the draft (0.193333ms)
✔ current Skill lookup remains read-only and distinguishes missing configuration from a pending response (0.73375ms)
✔ Skill lookups reject stale node, Skill, System and workspace responses (0.526083ms)
✔ global node deletion yields to native and ARIA interaction surfaces (0.585625ms)
✔ closest-based guard covers a nested icon inside a button or dialog (0.095875ms)
✔ scratchpad / no manifest → null (empty state) (0.522417ms)
✔ full manifest maps all four facets (0.313166ms)
✔ units chip falls back to unit_catalog length and warns when nothing is operational (0.088333ms)
✔ empty effective-config and missing retrieval → neutral fallbacks (0.655958ms)
✔ failed retrieval decision is toned negative (0.237ms)
✔ a dropped training node carries its whole spec, unconfigured (1.191ms)
✔ the two serving nodes drop with the params their own shape needs (0.197042ms)
✔ the inspector summarises a fit by what it predicts, and opens the studio (0.445917ms)
✔ a serving node is configured in the panel, with no dialog in the way (1.156ms)
✔ choosing a lineage in the inspector is one undoable store write (0.366292ms)
✔ the training workshop is a modal dialog that edits the graph (0.723791ms)
✔ the studio is no-code because the server answers every edit (0.342917ms)
✔ the columns a fit is built from carry their shape, not just their name (1.062958ms)
✔ both training surfaces show the rows the fit will read, in the shared table (1.48575ms)
✔ the split, the folds and the knobs are bounded by the view model (1.130209ms)
✔ a fit in flight reads as work: a live check-list, and a stop (0.304125ms)
✔ the evidence is a score plus what it moved, and names what it registered (0.226875ms)
✔ the dataset a node fits on is picked from a list and pinned by slug (0.319625ms)
✔ a refused fit reaches the author as a sentence, never a raw code (0.435125ms)
✔ a fit is dispatched through the same endpoint the Models page calls (0.127416ms)
✔ the builder mounts one training studio for the selected node (0.332208ms)
✔ the rows a fit will read, and the rows a score wrote, use the one table (0.53475ms)
✔ the three model Skills are three roles, and nothing else is one (0.813375ms)
✔ a non-task node bound to a model Skill is not a model node (0.096833ms)
✔ the serving descriptor carries what differs, as data (3.189542ms)
✔ a dropped training node carries every key the _train block projects (0.468666ms)
✔ a dropped serving node carries only the keys its shape reads (0.537875ms)
✔ reading a training node normalises what an author can leave broken (0.388833ms)
✔ a pin is read under either spelling, because both are written (0.156667ms)
✔ reading a serving node keeps a version pin whole or drops it (0.08475ms)
✔ the split and the folds are clamped to what the studio offers (0.086792ms)
✔ an unfinished training node is refused before a round-trip is spent (0.207291ms)
✔ a serving node has to name a model, and a score node a dataset (0.090041ms)
✔ the node keeps its own refusals and hands the rest to the model plane (2.467542ms)
✔ every code the model plane can emit resolves to a sentence, not a blank (22.975542ms)
✔ a code nobody named keeps the server’s own words (0.81ms)
✔ a training node is summarised by what it predicts (0.140084ms)
✔ a serving summary distinguishes following from freezing (0.199625ms)
✔ the picker only offers models that can answer (8.507542ms)
✔ choosing a lineage follows it; pinning a version freezes it (0.0755ms)
✔ every step of a fit has copy in both languages (7.896792ms)
✔ a node_end frame becomes a run summary, badge block included (0.935292ms)
✔ a frame without a node id names nothing and is dropped (0.083917ms)
✔ a settled node with no status reads as completed (0.060667ms)
✔ the badge block refuses values it cannot render (0.071334ms)
✔ a badge block with nothing usable in it is absent, not empty (0.0715ms)
✔ a metric outranks every row count on the same node (13.241917ms)
✔ a transform badge reads as a transition, not as two numbers (0.211625ms)
✔ a node that only produced rows shows the count it wrote (0.110417ms)
✔ a single-record prediction counts its answers (0.090834ms)
✔ a node with no data still says how long it took (0.126708ms)
✔ a node that produced neither a figure nor a duration gets no badge (0.085041ms)
✔ a running node shows no figure, so the pulse is not contradicted (0.059666ms)
✔ a failed node keeps its figure and is flagged as failed (0.0535ms)
✔ a score keeps the decimals that distinguish two models (0.117167ms)
✔ a metric on the target scale is read as a quantity, not as a score (0.115375ms)
✔ a duration never asks the reader to count zeros (0.088334ms)
✔ a model chip names its version, and survives not having one (0.994875ms)
✔ a metric name resolves through the dictionary the model card uses (1.601584ms)
✔ every key a run badge names has FR and EN copy (0.126625ms)
✔ the run service records a node_end and clears the node on node_start (1.603416ms)
✔ a new run and a workspace switch both invalidate every figure (0.208375ms)
✔ the node card renders the badge it is given, and only then (0.198834ms)
✔ the default surface is Capabilities, not the registry (20.669542ms)
✔ the advanced level opens with every category collapsed (0.386708ms)
✔ the structural primitives open themselves only on an empty graph (0.317542ms)
✔ a query switches to one ranked list, announces the remainder and adds on Enter (1.222708ms)
✔ extending a node offers only what connects, and says so when nothing does (0.891958ms)
✔ a dead end names the lever that would release it, and never offers the row (0.431333ms)
✔ an industry an admin actually chose to exclude is not read as an omission (0.153167ms)
✔ the usage signal marks what runs here and what is already in this Flow (0.206875ms)
✔ search ranks the name above the description and requires every token (3.185708ms)
✔ search reaches the taxonomy and the carrying capability, and usage breaks ties (0.282958ms)
✔ capability groups carry every claimant, drop empty ones and end with the uncarried (1.93775ms)
✔ the advanced level keeps the canonical order and renders no empty category (0.340167ms)
✔ the usage shortcut disappears entirely when the workspace has no invocations (0.251917ms)
✔ an exclusion names one lever, and which one (0.294459ms)
✔ a filtered set is summarised per lever, not per reason code (12.153042ms)
✔ the hover detail carries what the row no longer spends a line on (0.277917ms)
✔ atomic promotion POST from A is cancelled before its late B callback (15.485625ms)
✔ successful promotion clears the captured A draft and never the current B slot (2.169875ms)
✔ backend save Subject from A cannot mutate UI state after switching to B (0.781667ms)
✔ Save blocks only hash-bound errors for the current validation result (1.783167ms)
✔ Validate is non-mutating and delegates the exact live revision to the sidecar (1.027458ms)
✔ bound hydration preserves an explicitly empty Flow without a starter fallback (1.249958ms)
✔ P1 hydration uses the server draft and never the System compatibility mirror (2.579833ms)
✔ P1 explicit false contract readiness overrides a raw contract hash (0.929667ms)
✔ P1 hydration barrier clears the previously pinned published contract (0.808416ms)
✔ P1 autosave is revisioned and stores an invalid draft without mutating Publish (0.740459ms)
✔ P1 draft 409 pauses writes and requires an authoritative reload (2.541083ms)
✔ P1 Publish requires rendered diff, release message and breaking acknowledgement (1.044625ms)
✔ P1 published application handoff reopens after reload or close without publishing again (0.377333ms)
✔ P1 migration baseline can be republished with an immutable contract at the same hash (0.605625ms)
✔ malformed bound Flow fails closed instead of becoming an editable scratchpad (0.229458ms)
✔ missing bound flow_definition is a protocol failure, not an empty Flow (0.127917ms)
✔ confirmed Clear pauses autosave and sends one explicit active replacement intent (0.34025ms)
✔ active mass import cannot save until a second explicit replacement confirmation (0.32125ms)
✔ late save acknowledgement cannot mark a newer graph revision as saved (0.311958ms)
✔ discard is the only non-save path that releases an import hold (0.278708ms)
✔ failed promotion keeps the local draft and does not navigate away (0.222958ms)
✔ promotion acknowledgement for an older revision preserves the newer draft (0.230875ms)
✔ promotion keeps the draft when the atomic create response cannot prove the Flow (0.227291ms)
✔ shared flow is one-shot and Discard restores the durable workspace draft (0.667917ms)
✔ saving a shared flow consumes its hash so reload cannot reapply it (0.392584ms)
✔ malformed node ports fail closed before bound hydration (0.167208ms)
✔ active rollback options carry the hydrated hash and explicit intent (0.171959ms)
✔ Clear and mass import schedule no autosave while a meta-only edit does (0.71ms)
✔ Workbench holds a dirty snapshot unsaved and resumes autosave on close (0.298709ms)
✔ stale save acknowledgement schedules exactly one follow-up autosave (0.836667ms)
✔ Decision palette seed is executable and fail-closed by default (1.532708ms)
✔ source and asset without inputs are not offered as targets (0.809291ms)
✔ sink without outputs is not offered as a source but keeps its input handle (1.804208ms)
✔ preconnect chooses the first compatible port, not the first declared port (0.287459ms)
✔ a port-less task uses its rendered implicit connector (0.132458ms)
✔ no compatible rendered port yields neither menu item nor edge (0.110917ms)
✔ preconnect from a Decision route creates a labelled branch edge (0.1005ms)
✔ inserting a Decision upstream uses its first route handle as a branch (0.130583ms)
✔ publication does not activate; explicit activation enables the existing application handoff (10.679875ms)
✔ active, unhydrated and unpublished systems cannot request activation (0.309666ms)
✔ permission and transport failures keep application creation blocked with an actionable error (1.190709ms)
✔ an unexpected response cannot report successful activation (1.027ms)
✔ a concurrent publication conflict leaves activation and application creation blocked (0.743917ms)
✔ switching workspace, System or published version cancels activation and leaves the new target usable (2.255083ms)
✔ destroying the component cancels activation (0.567542ms)
✔ canonical status updates can propagate errors without changing legacy callers (1.880166ms)
✔ the palette projection seeds an executable recipe node (1.465125ms)
✔ the inspector shows a recipe summary and one way into the workshop (0.620375ms)
✔ the builder mounts one workshop dialog for the selected recipe node (0.389667ms)
✔ the workshop is a modal dialog that edits the graph through the store (0.721084ms)
✔ machine failure codes reach the author as localized sentences (0.487667ms)
✔ the shared schema editor speaks the dictionary, not hardcoded English (0.510125ms)
✔ the recipe poll budget outlasts an env build and names its own timeout label (0.459042ms)
✔ the shared code editor lazy-loads CodeMirror and keeps a textarea fallback (0.332791ms)
✔ isPythonRecipeNode matches only task nodes bound to the recipe skill (10.6805ms)
✔ readRecipeParams fills defaults and normalises whatever is unset or malformed (0.773209ms)
✔ recipeWorkshopTestInput seeds the Test tab from node data (0.102292ms)
✔ clampRecipeTimeout mirrors the server window (0.072666ms)
✔ previewRequirements mirrors the server normalisation (comments, dedupe, sort, options) (0.662167ms)
✔ recipeSpecKey identifies the spec by its normalised fingerprint fields only (0.126ms)
✔ every env and execution status resolves to FR and EN copy (0.13475ms)
✔ the execution timeline projects active, terminal and unknown statuses (0.57775ms)
✔ active statuses are exactly the cancellable ones (0.285208ms)
✔ display helpers stay defensive on absent values (0.57125ms)
✔ workspace reset rejects late trigger, HITL, step and nested getRun responses (12.840667ms)
✔ status: idle → running → done across a clean backend run (3.704916ms)
✔ publication Builder executes the saved server draft, never the published Run endpoint (0.805917ms)
✔ multiple draft ingresses stay ambiguous until the operator chooses one (0.233542ms)
✔ draft test ingress selection supports a sole non-manual adapter (0.11975ms)
✔ draft input modal blocks an ambiguous Flow until a real ingress is selected (1.40075ms)
✔ Decision terminal renders explicit resolution and branch label without values (0.750459ms)
✔ status: trigger failure → error (0.512ms)
✔ HITL: pause → accept resolves and restarts the stream (0.827375ms)
✔ HITL: a refused decision does not log an approval or resume (1.182833ms)
✔ HITL: reject is forwarded; ignored when no pending gate (0.321875ms)
✔ debug: step then stop drives the debugger (0.606917ms)
✔ debug: continue forwards the live breakpoint set (0.322333ms)
✔ breakpoint debug cannot execute without a selected node (0.267958ms)
✔ breakpoints: add / remove + debug-mode cycle (0.348542ms)
✔ gating: invalid flow blocks the backend launch (0.240458ms)
✔ gating: scratchpad (no systemId) cannot Execute (0.478083ms)
✔ input editor accepts only JSON objects and reserves _debug (0.316333ms)
✔ service-owned debug metadata cannot be injected through a direct Execute call (0.444042ms)
✔ runtime badge accepts the three server modes and only falls back when canonical mode is absent (0.130375ms)
✔ gating: dirty, saving, save error, missing hash and stale manifest all fail closed (0.886834ms)
✔ Execute consumes only a current server validation for the saved hash (0.316916ms)
✔ debug is blocked in sequential legacy while normal Execute stays available (0.708625ms)
✔ 403/409/422 trigger errors stay distinct and keep operator input open (2.5615ms)
✔ authoritative hydration releases a 409 Execute latch even at the same Flow hash (0.329708ms)
✔ simulate: client-side dry run works without a System and skips the backend (0.892ms)
✔ replay: re-emits the current run checkpoints into the terminal (0.247917ms)
✔ semantic diff detects same-count node kind, port and config changes (2.761834ms)
✔ semantic diff detects edge kind, branch and port changes with equal counts (3.482417ms)
✔ semantic diff treats executable node and edge ordering as observable (0.507583ms)
✔ semantic diff reports additions and removals rather than only count deltas (0.18075ms)
✔ semantic diff distinguishes changed and pinned-but-uncomparable contracts (0.206ms)
✔ the palette projection seeds a runnable SQL transform node (1.91175ms)
✔ the palette projection seeds a runnable Polars transform node (0.128208ms)
✔ the palette projection seeds a runnable dbt transform node (0.224542ms)
✔ the engine identity is one fact: the palette and the workshop head agree (1.00975ms)
✔ the inspector shows an engine-aware summary and one way into the workshop (0.3775ms)
✔ the builder mounts one workshop for the selected transform node (0.365042ms)
✔ the workshop is a modal dialog that edits the graph through the store (0.423334ms)
✔ a queued run states its phase and can be stopped (0.567875ms)
✔ the libraries panel exists only for the engine that needs a venv (0.489791ms)
✔ a dbt project is authored as files, with the published model badged (0.827334ms)
✔ the dbt verdict is rendered on a refusal, not only on a success (0.701292ms)
✔ a refused program reaches the author as a sentence, never a raw code (0.27625ms)
✔ the preview never persists and never validates client-side (0.152917ms)
✔ the shared code editor lazy-loads each language and its schema completion (0.287166ms)
✔ isSqlTransformNode matches only task nodes bound to the transform skill (0.904875ms)
✔ reading the params falls back to the runnable starter statement (0.486959ms)
✔ reading the params keeps only pins that reference a dataset (0.171666ms)
✔ a legacy slug key on a pin is still resolved (0.086ms)
✔ view names are duckdb-safe, accent-free and never collide (0.621458ms)
✔ the inspector summary skips the engine's own comment syntax (0.146708ms)
✔ the line count ignores a single trailing newline (0.082125ms)
✔ the preflight only blocks the two refusals an author hits by habit (0.16625ms)
✔ a coded refusal becomes a translated sentence, engine words kept where they help (0.119459ms)
✔ a refusal that names a place carries it, so the cursor can go there (0.146417ms)
✔ a coordinate is validated before it is used to move a caret (0.082875ms)
✔ every refusal code the workshop claims has FR and EN copy (0.087208ms)
✔ the completion schema exposes every name the statement can address (0.1255ms)
✔ the starter statement projects real columns, capped so it stays readable (0.094208ms)
✔ the output name falls back to the node label, then to the caller default (0.046333ms)
✔ the engine is read off the bound skill, and only for authorable nodes (0.079416ms)
✔ a Polars node cannot add libraries; a dbt project can (0.037625ms)
✔ a dropped Polars node carries a runnable script and its environment (0.062416ms)
✔ the program is read from the engine's own params field (0.106416ms)
✔ the timeout clamps to the platform window (0.038167ms)
✔ the Python preflight blocks an empty editor and a missing entry point (0.096916ms)
✔ a worker-side refusal parses back into its code and the author's words (0.154542ms)
✔ the Polars starter script addresses the source by its real name (0.086417ms)
✔ declared libraries drop blanks and comments (0.072042ms)
✔ a dropped dbt node carries a staging model, a mart and a tests file (0.100209ms)
✔ a dbt node with no chosen mart still publishes its last model (0.109084ms)
✔ the file list is the project: models first, the tests gate last (0.351ms)
✔ editing a file writes to the params path that file lives in (0.463375ms)
✔ renaming a model follows its refs and its publication (0.837542ms)
✔ adding a model chains it onto the published one (0.13025ms)
✔ deleting a model hands the publication over, and the last one is kept (0.104041ms)
✔ publishing another model moves the port and absorbs its dataset tick (0.090333ms)
✔ ticking a model as a sibling dataset is reversible and refuses the port (0.29625ms)
✔ the extra selection survives a rename and a deletion, but not its model (0.212458ms)
✔ the stored extra selection is read deduplicated and without the port (0.099417ms)
✔ a ghost in the extra selection is refused before the round-trip (0.127375ms)
✔ the dbt preflight refuses the project shapes dbt could not compile (0.143791ms)
✔ the dbt starter teaches source(), not the bare relation (0.065458ms)
✔ the build verdict is read off the row on success and on refusal alike (0.102708ms)
✔ a worker-side dbt refusal parses back into its code and its words (0.045917ms)
✔ every engine label the workshop renders has FR and EN copy (0.094166ms)
✔ a preview says which phase it is in, and skips one it will never enter (0.236958ms)
✔ client diagnostics map into the strip vm with node ids (5.083833ms)
✔ clicking a node-scoped row selects the node and emits focusNode (0.446208ms)
✔ clicking a graph-level row (no node id) is inert (0.274792ms)
✔ a known code reads as a sentence naming the node, not as the code (0.372666ms)
✔ an unknown server code falls back to the server sentence, never to a key (0.1765ms)
✔ a node-scoped message with no node falls back rather than showing {name} (0.158791ms)
✔ vm reacts to graph edits (resolving the cycle drops the error) (0.395917ms)
✔ no issues → clean, empty rows, zero counts (0.515958ms)
✔ client issues map to rows; errors group before warnings with counts (0.132625ms)
✔ current server issues are authoritative; identical client preview is deduped (0.093958ms)
✔ node_id null/undefined normalize to null (0.095875ms)
✔ fingerprint is deterministic across object key order (1.167792ms)
✔ an edit masks accepted diagnostics synchronously (5.844375ms)
✔ a late response cannot replace diagnostics from the newer request (0.717709ms)
✔ an out-of-order response is ignored even before the newer request resolves (1.217708ms)
✔ upstreamOutputs returns only ancestors of the selected node (0.945125ms)
✔ upstreamOutputs excludes self, downstream and parallel non-ancestors (0.15ms)
✔ upstreamOutputs returns [] for a root node and for unknown selection (0.08475ms)
✔ upstreamOutputs enriches portless nodes from the manifest output_schema (0.156917ms)
✔ upstreamOutputs orders candidates by the supplied topological order (0.10575ms)
✔ filterCompatibleCandidates reuses the primitive-compat rule (0.112875ms)
✔ encode/decode round-trips and variableRefFor builds a typed selector (0.112459ms)
✔ Published pointer identity is separate from current server draft identity (1.408625ms)
✔ exact rollback evidence validates immutable and draft identities and digests (0.271291ms)
✔ server diff summary exposes contract and executable order changes (0.110708ms)
✔ component gates rollback on dual exact evidence and revision-bound fences (0.174625ms)
✔ workbench JSON object parser accepts only a top-level object (0.8645ms)
✔ golden-set parser preserves expected values and enforces the bounded wire contract (0.27725ms)
✔ golden-set parser rejects ambiguous ids and malformed input_ref values (0.115125ms)
✔ isolated-node affordance accepts only task nodes with one coherent Skill slug (0.125917ms)
✔ workbench panel exposes the three preview modes and the unsaved boundary (2.090541ms)
✔ chat input follows the selected ingress schema without synthetic aliases (1.23625ms)
✔ real side-effect acknowledgement is required before validation or dispatch (4.765583ms)
✔ chat validates and hash-binds the exact dirty snapshot without saving it (1.70075ms)
✔ a graph edit during validation fences the request before dispatch (0.824125ms)
✔ multiple ingresses require an explicit stable selection (0.804542ms)
✔ isolated node execution keeps source hash evidence and projects its result (0.608083ms)
✔ golden batch uses server verdicts even when the local output would match differently (1.007084ms)
✔ golden polling follows the server queue instead of polling every case concurrently (0.868667ms)
✔ sequential legacy validation fails closed before any workbench endpoint (0.474333ms)
✔ golden polling has a distinct one-hour budget without changing interactive polling (113.885ms)
✔ every Flow revision invalidates completed workbench evidence (0.588542ms)
✔ workspace reset clears workbench evidence and rejects a late validation (0.351583ms)
✔ golden workbench separates unevaluated, waiting and execution errors without client scoring (0.797208ms)
✔ selection is deterministic and synchronous (inspector updates within one frame) (3.065708ms)
✔ load resets dirty; a manifest write marks dirty; markSaved clears it (0.423417ms)
✔ revision is monotone and a stale save acknowledgement cannot clean a newer edit (0.311875ms)
✔ load and snapshot preserve known and unknown top-level sidecars without graph duplication (0.673292ms)
✔ replaceAsEdit is dirty and undo/redo restores the complete metadata sidecar (0.671166ms)
✔ clear is idempotent for an already empty graph (0.655625ms)
✔ TWO-WAY WIRING: top_k edit writes the exact nested path and round-trips on reload (0.502583ms)
✔ skill param home: config.params.<key> writes + round-trips (PART A.4) (0.435708ms)
✔ undo/redo + connect/disconnect behave as single steps (0.934875ms)
✔ accessible outline reorder shares canonical order and one undo frame with the canvas (0.6675ms)
✔ task deletion cuts incident routes and undo restores the exact graph atomically (0.393833ms)
✔ Skill, Governance and ordinary tasks never reconnect compatible routes (0.366542ms)
✔ deletion preserves pre-existing non-incident routes without synthesising another (0.145958ms)
✔ clear is one revision and undo restores the graph (0.491292ms)
✔ edge identity includes kind, branch label and both ports (0.270583ms)
✔ Decision rename updates config, route handle, default and edges in one undo frame (2.027791ms)
✔ Decision delete removes its routes and default atomically; undo restores all (0.376791ms)
✔ Decision add, reorder and default selection each remain a single mutation (0.319ms)
✔ two Decision labels may fan out to the same target without deduplication (1.47975ms)
✔ the canonical Skill taxonomy has the exact product order (0.972791ms)
✔ the palette section is the catalog category, never re-inferred (0.11925ms)
✔ uncategorised skills stay visible under Other (0.080375ms)
✔ skill projection exposes category/runtime without leaking palette-only top-level fields (1.320333ms)
✔ every trigger type the backend maps to an event is reachable from the palette (0.18575ms)
✔ the visibility verdict and the usage count travel with the palette entry (0.343125ms)
✔ Retrieval taxonomy is persisted as a shared canonical config marker (0.111ms)
✔ a required Skill param fed by an upstream binding is valid while empty (0.582ms)
✔ a required Skill param with neither value nor binding stays invalid (0.312959ms)
✔ a supplied value or an optional param is never flagged, whatever the bindings (0.207666ms)
✔ only Skill params read a binding; node config and data keep the plain test (0.164291ms)
✔ binding recognition accepts a typed ref or a legacy path, nothing else (0.163334ms)
✔ routing load failure leaves no invented draft and blocks saving (9.658875ms)
✔ permissions fail closed for configuration, credentials, serving and lifecycle (1.002667ms)
✔ catalog filters provider, task and runtime and preserves explicit empty fallback (1.860333ms)
✔ saved Azure metadata pre-fills without exposing or inventing secrets (0.457333ms)
✔ workspace transition purges secrets and rejects stale test targets (1.212167ms)
✔ canonical targets match the selected pair and form input preserves additional defaults (14.379625ms)
✔ test rejects missing acknowledgement, invalid JSON and absent required inputs (3.7785ms)
✔ catalog refresh preserves active test; clearing the selection removes previous result (15.373ms)
✔ model and token evidence is canonical trace and metrics, never arbitrary output (0.582833ms)
✔ costs distinguish catalog calculation, provider-reported zero and missing measurement (29.184875ms)
✔ unreachable connections stay selectable but carry an explicit warning, including fallback (1.939417ms)
✔ a delayed initial distribution never overwrites a later selected window (1.184625ms)
✔ a slow canonical Run read is allowed to finish without polling cancellation (1102.314708ms)
✔ Skill creation keeps Govern context and model parameters in the query, not the route path (2.02475ms)
✔ invocation evidence links preserve Govern as a query parameter (0.544792ms)
✔ connector configs and app toggles are isolated by active workspace (2.427417ms)
✔ CONNECTORS has one generic MCP card, not SAP posting or HIKMA (0.127125ms)
✔ apply requires explicit review and prevents duplicate dispatch while in flight (3.020708ms)
✔ a response from the previous workspace does not change current proposal or emit application (0.293458ms)
✔ restoring a saved proposal selects its diff without applying and rejects another System (0.162375ms)
✔ Run facets track history, merge tab changes and refresh can force store invalidation (5.050167ms)
✔ Run loads its projection when the effective gate activates in the same workspace epoch (0.694542ms)
✔ Experience origins are exact API filters built from safe application slugs (2.118167ms)
✔ non-Experience and malformed origins never reach the Runs API (0.094625ms)
✔ each Run exposes a native keyboard link to its detail (1.198208ms)
✔ the status selector invalidates the visible Runs projection (0.165667ms)
✔ Runs API failures remain distinct from an empty successful list (1.112875ms)
✔ SkillInvocation is a dedicated Run child resource before the generic Run route (193.319042ms)
✔ SkillInvocation facets follow validated deep links and preserve query context on tab changes (7.891166ms)
✔ SkillInvocation loads its projection when the effective gate activates in the same workspace epoch (0.601416ms)
✔ Invocation audit uses only the authorized Run payload when projections are off and clears stale evidence (1.730834ms)
✔ creating a draft requires explicit review and suppresses duplicate sends (4.217916ms)
✔ a late response cannot cross the workspace boundary (0.651875ms)
✔ uncertain generation retries retain their key; changing inputs starts another request (3.017791ms)
✔ uncertain suite execution retries keep the same frozen request and workspace scope (3.394125ms)
✔ reopening a completed BRD job restores its batch without executing again (23.301958ms)
✔ requirement links only use test evidence from this exact BRD proposal (0.754916ms)
✔ the runtime controls are read from the descriptor, not from a local copy (7.8375ms)
✔ the runtime is named in plain words with the raw kind still available (1.124083ms)
✔ a contract cannot be invalid JSON any more, because it is never text (1.189375ms)
✔ preset inputs are a form derived from the wrapped skill own contract (0.893333ms)
✔ a preset value the target contract does not declare is named, not dropped (0.37375ms)
✔ preset inputs written by hand are still checked before they are sent (1.044375ms)
✔ a runtime parameter the descriptor requires blocks the submission (0.209792ms)
✔ switching runtime drops the parameters the previous one owned (0.123875ms)
✔ a preset picks the runtime and proposes the contract, all of it editable (0.218917ms)
✔ a complete draft posts exactly what the workspace decided (0.44575ms)
✔ no capability named means no claim asked for (0.143542ms)
✔ editing the same screens patches the row and never renames the slug (0.461708ms)
✔ a refusal is shown in the server’s own words (0.36425ms)
✔ an imported requirement opens the wizard already filled in (0.15825ms)
✔ the New skill affordance appears only when the server grants skill.admin (2.247375ms)
✔ a Portal model seeds an executable prompt Skill, preserves its model and clears it on provider change (0.405708ms)
✔ the Skill picker excludes non-generative and unconfigured models, and ignores stale workspace responses (3.214291ms)
✔ Portal authoring entry requires the current workspace and server authoring right (2.173833ms)
✔ Run model summaries use recorded resolution and never infer a provider from an arbitrary model name (0.249083ms)
✔ an unknown authoring right fails closed rather than assuming an admin (0.813625ms)
✔ an authored skill lands in the registry and is selected (0.498459ms)
✔ a refused capability claim is said out loud, and the skill is still there (0.25925ms)
✔ edit and delete are offered on the rows this workspace owns, and only those (0.209625ms)
✔ a delete the API refuses is reported in the API own words (0.257583ms)
✔ a delete the API accepts clears the selection and re-reads the list (0.228542ms)
✔ an imported row opens the wizard as a draft rather than creating anything (0.454708ms)
✔ only a capability this workspace owns is offered as a carrier (0.203708ms)
✔ switching workspace withdraws the authoring right until B answers (0.224083ms)
✔ Skill costs distinguish missing, zero and positive amounts below display precision (26.687417ms)
✔ Observed Skill costs never substitute a catalog price or unmeasured default (0.213ms)
✔ Skill view purges A synchronously and only accepts the B reload (8.929667ms)
✔ Skill detail requires both the server editing right and workspace ownership (3.172416ms)
✔ Skill detail edits prompt_template through the existing wizard without losing contracts or params (3.014833ms)
✔ Skill detail edits registry_call through the existing wizard without losing contracts or params (0.587084ms)
✔ Skill detail skips registry loading when only a prompt executor is available and keeps create at Intent (0.308583ms)
✔ Skill detail reports a failed registry load and allows a fresh attempt (0.282916ms)
✔ Skill detail purges editing rights, targets, notices and stale updates on workspace change (0.278ms)
✔ Skill detail discards a pending edit and old reads when navigating to another Skill (0.262708ms)
✔ review queue inherits scope and ignores a response from the previous scope (3.304459ms)
✔ canonical review queue serializes the System and period scope (4.652541ms)
✔ Runner JSON parser rejects malformed, null, arrays and primitives without coercion (2.089958ms)
✔ Systems routing exposes the Runner before the generic System detail route (0.12125ms)
✔ Runner live-state detector keeps polling only for non-terminal Runs (0.117042ms)
✔ an inactive durable session is never executable client-side (10.174958ms)
✔ invalid editor JSON performs zero execute requests (2.884834ms)
✔ execute binds the immutable published version and hash to the request (2.186125ms)
✔ 409 latches published authority until overview and session reload both succeed (0.694375ms)
✔ session changes are fail-closed and a late previous session cannot win (0.198667ms)
✔ workspace reset invalidates an in-flight Runner overview before it can populate state (0.272833ms)
✔ route load resumes the latest durable Runner session (0.219709ms)
✔ a Flow Builder graph with declared ingresses is flow-backed (1.899208ms)
✔ the System Builder form projection keeps its RAG rendering (0.161958ms)
✔ the workspace chat System is never described as a graph (0.07475ms)
✔ variants that already own a bespoke rendering are left alone (0.08625ms)
✔ absent, empty or unauthored graphs fall back to the existing behaviour (0.079125ms)
✔ the server manifest can only narrow the verdict, never open it (0.074333ms)
✔ manifest runtime status is projected onto the matching step (0.109708ms)
✔ publication evidence and scratchpad provenance are surfaced verbatim (0.094958ms)
✔ an unpublished flow-backed System reports the draft badge (0.087625ms)
✔ a source node without config.ingress_kind reports the kind publication derives (0.176542ms)
✔ a source node declaring an unknown ingress kind is not counted as a trigger (0.09175ms)
✔ an explicit rag_mode still wins for systems that are not flow-backed (0.057375ms)
✔ value-loop helpers distinguish simulation, missing measurement and observed evidence (2.047708ms)
✔ value-loop progress advances only through persisted scenario states (0.676333ms)
✔ baseline selector trusts the server eligibility flag and excludes operator, seed and canary runs (1.309625ms)
✔ late value-loop responses are rejected after a workspace, System or request change (0.408917ms)
✔ command ledger reuses an idempotency key across retries and rotates after success or context reset (0.511125ms)
✔ System value-loop visibility is authorized only by the current server Steer projection (1.980458ms)
✔ all System stage links keep their context outside the router path (1.869333ms)
✔ Design shows the server draft while the published System remains unchanged (4.437375ms)
✔ Design refuses wrong identity and failed reads, and ignores late workspace responses (0.982917ms)
✔ explicit feature opt-out and specialist/360 surfaces keep their existing projections (0.261209ms)
✔ ChatKnowledge cancels the A write chain before a late response can continue in B (21.228208ms)
✔ ChatKnowledge pins and cancels post-save reloads so late A reads cannot repopulate B (2.311292ms)
✔ ChatKnowledge keeps guide writes and their refresh in one cancellable A scope (0.734333ms)
✔ Members displays and sends a manifest-defined non-Andritz entitlement on invite (14.718833ms)
✔ Governance toggle preserves a future active key and saves it unchanged (1.745083ms)
✔ memoizeLayout rebuilds only when the key changes (1.177125ms)
✔ shouldRebuildLayout ignores hover-only input names (0.226375ms)
✔ nearestDayIndex snaps a pointer x onto the closest day (0.1995ms)
✔ placeTooltip flips at the viewport edges and stays inside (2.009542ms)
✔ wrapLabelLines keeps short names and wraps long System names to two lines (0.327833ms)
✔ easeOutProgress lands on 0 and 1 (0.0855ms)
✔ dense layout reproduces the approved scale and stacks stubs under the hours node (1.651ms)
✔ a single converging source still curves into a lower hours node and is capped (1.248417ms)
✔ stub-only sources render without hours or value nodes (0.406042ms)
✔ truncateLabel keeps short names and ellipsises long ones (0.341792ms)
✔ niceStep picks round gridline steps that give about four lines (0.566125ms)
✔ spreadLabelRows pushes overlapping labels apart inside the plot (0.559959ms)
✔ cubicSmoothPath uses horizontal midpoints between consecutive points (0.298625ms)
✔ cubicSmoothAreaPath closes to a lower band or a baseline (0.1205ms)
✔ sankeyRibbonPath is a cubic band between two node segments (0.09575ms)
✔ radial spoke math matches the approved 30-day clock (0.1705ms)
✔ accumulateStackedSeries builds lower and upper bands per series (0.183542ms)
✔ primary CTA text meets WCAG AA in dark and light themes (5.701334ms)
✔ secondary text meets WCAG AA on cockpit panels (0.92775ms)
✔ secondary text meets WCAG AA on raised surfaces too (0.380667ms)
✔ every cockpit token a component names is a token the theme defines (152.059792ms)
✔ a connection link in a new tab leaves the Skill draft in its current tab (2.862042ms)
✔ a small negative declaration keeps the correct inequality at display precision (14.403541ms)
✔ NorthForge unset value is absent, not zero business value or zero efficiency (0.425416ms)
✔ declared and estimated zeros remain values; unavailable cost cannot yield efficiency (0.662917ms)
✔ input updates and language changes refresh all cached Run summaries (0.708833ms)
✔ nonfinite values and invalid confidence never become economic or quality indicators (0.260459ms)
✔ invocation costs distinguish configured calculations, old zeros, missing evidence and tiny amounts (0.245959ms)
✔ every state maps to a painter at both tuned sizes (2.166708ms)
✔ each painter puts ink inside the canvas box (11.790417ms)
✔ dark and light are the same drawing in opposite ink (1.524958ms)
✔ resolving a preset twice hands back the cached tuning (0.067375ms)
✔ renders yields below the ceiling exactly as measured (0.45075ms)
✔ keeps the ceiling itself in full and bounds everything above it (0.074208ms)
✔ renders a missing or unusable measurement as an em dash (0.059667ms)
✔ bounds the ratios observed in production instead of printing them (0.074708ms)
✔ a contract the rows can hold projects with nothing left over (2.332708ms)
✔ writing the rows back preserves the keys the rows never knew about (1.245209ms)
✔ an edit through the rows changes only what it touched (0.124417ms)
✔ a construct no row can hold is named, not flattened (0.1505ms)
✔ an empty contract is a clean slate, not a complaint (0.142333ms)
✔ a row with no name is dropped rather than writing an empty key (0.062083ms)
✔ preset inputs are derived from the target contract and typed on the way in (0.206292ms)
✔ numeric columns draw their histogram, normalized to the tallest bucket (0.736167ms)
✔ categorical columns draw their top values instead of a histogram (0.829292ms)
✔ a column with no profile draws nothing rather than a fake baseline (0.075708ms)
✔ a histogram bin with no upper edge still labels its bucket (0.065917ms)
✔ null ratios become whole percentages, and a clean column reports zero (0.1105ms)
✔ only integer and float count as numeric for alignment and histograms (0.134041ms)
✔ every column kind has a header glyph so no column renders unlabelled (0.068125ms)
✔ a numeric profile states counts, then range, then central tendency (0.246417ms)
✔ a categorical profile leaves out the statistics that would be meaningless (0.108209ms)
✔ a clean column still says so, because "no missing values" is a finding (0.143416ms)
✔ a datetime column keeps its range without inventing an average (0.088083ms)
✔ a column with no profile at all offers no facts to open (0.07575ms)
✔ a row count is only stated when it is one (0.070791ms)
✔ top values rank widest first, relative to the most frequent one (0.162416ms)
✔ a high-cardinality column still shows shape, not seven empty slivers (0.102625ms)
✔ a numeric column has no top values, so its popover shows only figures (0.051417ms)
✔ byte sizes read as volumes, keeping a decimal only where it informs (16.592834ms)
✔ a column click replaces, toggles or leaves the selection alone (0.346708ms)
✔ the table states its own shape, so no caller can forget to (0.374417ms)
✔ every icon name used in a template resolves in the registry (42.850834ms)
✔ every icon name declared as data resolves in the registry too (27.890875ms)
✔ no registry key is written in a form the lookup can never reach (0.244666ms)
✔ authoring and confirmation modals own focus, Escape and an accessible name (2.380083ms)
✔ the BRD upload uses a keyboard button and a focusable visually-hidden input (0.270083ms)
✔ shared modal and contextual help keep locale and pointer focus semantics (0.441834ms)
✔ AuthStore advances an opaque epoch and resets principal caches atomically (1.910792ms)
ℹ tests 1506
ℹ suites 1
ℹ pass 1506
ℹ fail 0
ℹ cancelled 0
ℹ skipped 0
ℹ todo 0
ℹ duration_ms 7716.468625
