
> agentium@0.1.0 test:unit
> node scripts/run-unit.mjs

✔ POST composes an explicit workspace with an idempotency header (65.797333ms)
✔ 401 refresh retry preserves the active X-Workspace-Slug (30.598333ms)
✔ an explicit workspace header wins over the current workspace and survives retry (67.061834ms)
✔ a wrapped 500 auth error preserves the historical refresh retry (1.407125ms)
✔ concurrent 401 retries preserve the workspace on every queued request (1.015125ms)
✔ HttpClient and direct fetch share one refresh while retaining distinct workspaces (14.655708ms)
✔ a late 401 reuses the token refreshed by an earlier request (1.55575ms)
✔ a failed shared refresh rejects every concurrent request and expires once (3.053ms)
✔ cancelling the refresh leader does not strand a concurrent follower (1.292125ms)
✔ a started refresh survives cancellation and a later 401 joins it (0.927417ms)
✔ a 401 from the retried business request does not clear the refreshed session (1.145542ms)
✔ a 403 from the retried business request does not clear the refreshed session (4.465791ms)
✔ a 500 from the retried business request does not clear the refreshed session (1.39425ms)
✔ appearance accepts bounded options and never exposes arbitrary CSS or native profiles (12.04425ms)
✔ preview and runtime use the same palette, contrast choice and logo fallback (1.715334ms)
✔ custom mid-tone accents keep readable text at the contrast boundary (0.91ms)
✔ listSkills keeps the backwards-compatible empty fallback by default (31.696166ms)
✔ listSkills can propagate transport errors to truth-sensitive catalogs (7.5065ms)
✔ listSystems preserves fallback compatibility but can fail closed for Studio (11.130166ms)
✔ the shared model catalogue propagates failures and resolves with the explicit System context (5.286708ms)
✔ version history keeps backwards-compatible empty/null fallbacks by default (14.811958ms)
✔ truth-sensitive version history can propagate list and preview failures (1.093458ms)
✔ round-trip: nodes.<id>.data.retrieval_defaults.top_k survives normalize (load) (5.351708ms)
✔ round-trip: annotateSidecars (save path) does not drop node data/config (2.188625ms)
✔ normalize is idempotent for the budget flow (load → snapshot → load fidelity) (1.473958ms)
✔ PART A.4: skill config.params.<key> is the shared home and round-trips (1.65825ms)
✔ validateFlow flags a task node with no skill bound (1.955583ms)
✔ validateFlow accepts a bound skill task with no warnings for it (0.51725ms)
✔ validateFlow rejects duplicate node ids before ambiguous map construction (0.2715ms)
✔ edge identity is structured, collision-free and rejects true duplicates (0.569708ms)
✔ strict Flow requires exactly one explicit output sink (3.53375ms)
✔ Decision condition structural validation accepts the runtime DSL and rejects unsafe syntax (12.193792ms)
✔ validateFlow accepts a fully wired Decision contract (1.801417ms)
✔ validateFlow mirrors Decision contract diagnostics (0.440375ms)
✔ validateFlow reports unwired Decision routes and foreign branch edges (8.275625ms)
✔ validateFlow pairs fork/join by real reconvergence, not global counts (2.507ms)
✔ validateFlow accepts a labelled fork whose lanes post-dominate at a join (80.027916ms)
✔ normalize backfills schema_version 3 idempotently (v2 -> v3) (0.333084ms)
✔ normalize infers typed ports from data edges that name a port (idempotent) (1.557875ms)
✔ normalize leaves legacy inputs_map dot-path strings intact (0.176291ms)
✔ validateFlow: port_type_mismatch warns on incompatible primitives only (0.307417ms)
✔ validateFlow: port_type_mismatch silent on numeric widening + portless edges (0.16225ms)
✔ validateFlow: variable_unresolved warns on unknown/non-upstream refs, silent for reserved + legacy (0.37175ms)
✔ VariableRef JSON shape matches the backend strict contract (0.135125ms)
✔ validateFlow rejects the same malformed VariableRefs as the backend (0.175292ms)
✔ strict dot-path conversion refuses empty path segments (0.452208ms)
✔ topoSort returns an order for a DAG and null for a cycle (0.5135ms)
✔ ingress kind typos and inbound source nodes are blocking (0.308584ms)
✔ agent loop requires a turn budget and a compact allowlist (0.167208ms)
✔ loop and retry budgets must be finite positive integers (0.367167ms)
✔ every lexicon entry is complete in both languages (5.395709ms)
✔ definitions stay one line of plain language (0.676958ms)
✔ concept ids are unique (0.58975ms)
✔ a forbidden word belongs to exactly one concept (0.686583ms)
✔ the canonical term of a concept is never itself forbidden (0.383375ms)
✔ lookups fall back instead of throwing on an unknown concept (0.223708ms)
✔ the dictionary keeps FR/EN parity across every domain (41.862375ms)
✔ each key lives in the domain module that owns its prefix (31.654ms)
✔ no key is defined by two domains, so the merge order never decides (53.527375ms)
✔ the interpolation placeholders of a key match across locales (31.773541ms)
✔ the English PR to PO desk does not keep French dossier or terrain (58.318375ms)
✔ LiveKit workspace invalidation suppresses queued data synchronously (14.484875ms)
✔ session.start carries the mode the caller asked the room for (10.001291ms)
✔ a control frame with no dedicated helper travels with its payload intact (0.369125ms)
✔ a framed answer reaches the surface as one whole event (4.22325ms)
✔ a one-frame payload takes the same path as a large one (0.404167ms)
✔ an interrupted push is dropped rather than half-delivered (0.324834ms)
✔ opening a room asks for its mode from the very first hop (11.452208ms)
✔ a rejected LiveKit await after A→B is surfaced as workspace cancellation (1.290459ms)
✔ navigation guard observes V2 after the legacy decision and executes only legacy output (4.4435ms)
✔ an unexpected shadow exception never interrupts legacy navigation (0.729208ms)
✔ a direct legacy decision remains direct even when shadow reports a divergence (0.582417ms)
✔ business profile resolves the Andritz applications in their stable order (93.391583ms)
✔ a partial legacy profile cannot hide an app before the entitlement flag (0.976125ms)
✔ admin keeps the full Agentium shell unless business preview is enabled (2.788459ms)
✔ business allowed paths remain stable inputs for the navigation resolver (0.989083ms)
✔ V2 produces the business shell policy when its workspace flag is enabled (4.3115ms)
✔ app entitlements filter both legacy and V2 profiles and missing grants fail closed (5.5835ms)
✔ NavigationProfile consumes installed app authority when the platform gate is active (7.776666ms)
✔ platform authority never exposes an installed business app without a member grant (0.771292ms)
✔ NavigationProfile never revives the legacy shell when enabled platform authority is invalid (0.590583ms)
✔ business policy matrix is owned once and every destination is terminal (16.009666ms)
✔ business policy keeps the admin shell until preview is explicitly enabled (1.94025ms)
✔ V2 business redirects are executed only by the navigation resolver (2.688375ms)
✔ enabled Workspace App authority redirects every invalid runtime surface to a terminal unavailable shell (2.801291ms)
✔ invalid runtime exposes the isolated repair route only to workspace admins (3.923667ms)
✔ the unavailable page cannot masquerade as workspace state once platform authority is healthy or disabled (7.810167ms)
✔ app entitlements redirect denied business surfaces to an entitled terminal route (4.487125ms)
✔ an unsafe or self-referential business default falls back to chat (1.035458ms)
✔ demo hypervisor resolves once to the configured default route (0.646416ms)
✔ axes v4 owns legacy hypervisor object links and keeps Hypervisor at Portfolio (0.931458ms)
✔ builder + nav v5 sends Portfolio home to /create (D4) (0.551917ms)
✔ legacy focus and tab queries rewrite to the v5 grammar (0.656042ms)
✔ Mission Room fallback and deep links require the workspace extension (9.15225ms)
✔ a stale Mission Room default cannot loop while the extension is disabled (0.4595ms)
✔ business policy resolves a Mission Room deep link directly to its terminal surface (0.372875ms)
✔ demo entry aliases cannot create a self redirect or an Angular alias cycle (0.487583ms)
✔ workspace entrypoint resolves once with an encoded active slug (0.336459ms)
✔ workspace query on a product route activates that tenant (0.617584ms)
✔ workspace deep links activate their tenant before component construction (0.373209ms)
✔ unknown workspace deep links resolve back to the active workspace (0.408083ms)
✔ workspace load failure fallback remains owned by the navigation resolver (0.423333ms)
✔ business policy has deterministic precedence over demo and workspace entrypoints (0.539208ms)
✔ adoption generic home follows the task and retains authorized deep links (1.47975ms)
✔ an unavailable application is never bypassed by the adoption home (1.066917ms)
✔ direct navigation emits one workspace-scoped event without query or fragment (13.800666ms)
✔ explicit redirect keeps the original request, owner and typed reason (3.203625ms)
✔ explicit redirect records the final destination after a chained Angular redirect (2.472583ms)
✔ workspace extension rejection emits the resolver-owned audit reason (3.193167ms)
✔ explicit redirect survives a superseded navigation when its replacement wins (4.294292ms)
✔ a superseded redirect cannot leak into a different replacement destination (6.974542ms)
✔ cancelled or failed redirects cannot leak into a later navigation (18.095584ms)
✔ static Angular redirect is inferred from urlAfterRedirects (14.9385ms)
✔ public/auth routes and navigations without a workspace are not emitted (11.6165ms)
✔ the first NavigationEnd is safely backfilled after workspace loading (2.733917ms)
✔ privacy and surface helpers redact identifiers and reuse the catalog ids (9.723625ms)
✔ navigation.transition is off unless the workspace opts in (1.288916ms)
✔ navigation.transition records zone, depth and inferred trigger behind the flag (32.494208ms)
✔ popstate navigations classify as history without leaking query text (11.25825ms)
✔ the Flow entry is named after the destination it resolves to (5.678791ms)
✔ destination naming exposes a dedicated key so a locale can override it (0.672708ms)
✔ sections without a dynamic destination keep their catalog naming (0.1975ms)
✔ Client360 stays classified under Operate in the standard admin cockpit (1.076625ms)
✔ Andritz business app catalog keeps its stable routes and API prefixes (1.1595ms)
✔ surface registry owns unique ids and every rail section references it (0.316542ms)
✔ lens changes preserve Capability, System, Run and SkillInvocation identity (87.769333ms)
✔ scope routes retain the real current ancestry (3.517333ms)
✔ object builders use canonical locators and business guards match registered surfaces (12.067666ms)
✔ axes v4 has four object lenses and a distinct Portfolio destination (0.9805ms)
✔ unknown navigation query values never influence the cockpit projection (3.823334ms)
✔ experience studio adds one Create entry and keeps the zone catalogues (3.988167ms)
✔ the data plane is one Build entry that owns both of its routes (1.678167ms)
✔ Lot 6 orphan leaves are catalogued (1.231292ms)
✔ legacy query aliases hydrate the canonical grammar (0.627208ms)
✔ nav v5 sommaire has no object-type index outside Create (I1) (0.216583ms)
✔ OBJECT_FACETS lists System descendants used by the sommaire branch (0.169291ms)
✔ a page link keeps lens and ancestry (I3) (7.955709ms)
✔ every catalogued surface route is reachable through a declared route (2.87975ms)
✔ every surface and leaf route is absolute (6.069959ms)
✔ planned orphan leaves have a catalog entry (0.773709ms)
✔ every Router path has a catalog entry or a named exemption (56.290042ms)
✔ ObjectPerspectiveStore validates, preloads and caches one invariant four-lens bundle (23.103667ms)
✔ a late server gate revocation purges the projection and refreshes workspace authority (2.486833ms)
✔ concurrent non-force loads share one authoritative four-lens request (1.407875ms)
✔ a newer force refresh wins even when it completes before the older request (3.953834ms)
✔ one snapshot mismatch retries all four reads once in the same request generation (2.298333ms)
✔ a persistent snapshot mismatch fails after one complete retry (1.881625ms)
✔ cache TTL is finite and forceRefresh atomically invalidates a fresh bundle (1.46325ms)
✔ the cache key includes workspace epoch even before a reset notification (2.9425ms)
✔ the cache key includes workspace identity when a slug is recreated in the same epoch (4.986042ms)
✔ logout and a new principal cannot reuse the previous principal cache (3.939625ms)
✔ a late response from principal A is rejected after principal B logs in (2.912375ms)
✔ a late 410 from principal A cannot revoke the projection for principal B (0.608291ms)
✔ a workspace reset rejects late responses and cannot repopulate the cache (1.468834ms)
✔ a late 410 from workspace A cannot revoke the projection in workspace B (1.352833ms)
✔ schema and cross-lens invariant violations never populate the cache (27.730625ms)
✔ a SkillInvocation request without its parent Run fails before an API call (0.408667ms)
✔ a workspace without the setting keeps the Agentium chrome (1.149583ms)
✔ the immersive workspace-app brand never rebrands the platform chrome (0.263375ms)
✔ a label and an emblem together carry the tenant identity (2.81725ms)
✔ a tenant may declare a second artwork for light surfaces (0.219959ms)
✔ the light variant alone never makes a brand whole (0.147958ms)
✔ a malformed or blank light variant falls back to the single emblem (0.260791ms)
✔ half a declaration is refused rather than mixed with our own brand (0.180334ms)
✔ a malformed setting cannot break the chrome (0.132834ms)
✔ the return route is kept only when it is an in-app absolute path (0.185083ms)
✔ a fresh browser follows the operating system (2.003042ms)
✔ an explicit preference on the unified key is honoured (0.214209ms)
✔ the business-shell key is adopted when the unified key is unset (0.163959ms)
✔ the pin's constant dark loses to a real business-shell choice (0.149708ms)
✔ a non-dark unified value outranks the legacy key (0.157042ms)
✔ garbage in either key never escapes the tri-state (0.207125ms)
✔ dispose discards recorder A without emitting a final chunk or endpoint (6.804125ms)
✔ hard stop invalidates a getUserMedia request still arming in workspace A (0.782084ms)
✔ normal endpoint still flushes audio and calls onEndpoint once (7.412083ms)
✔ the direct WebSocket lane carries the assistant mode and its session context (138.660958ms)
✔ the direct lane rejoins a framed answer exactly as the LiveKit lane does (9.62975ms)
✔ voice WebSocket pins the captured workspace query and closes on switch (12.310167ms)
✔ a rejected play promise from workspace A cannot advance or finish the B queue (7.948625ms)
✔ business proof requires a declared and granted primary entitlement (29.943667ms)
✔ business proof never downgrades to a route-only check (0.304417ms)
✔ immersive proof requires an entitlement-free extension boundary (0.287541ms)
✔ immersive proof targets the manifest that owns the Mission Room projection (0.184125ms)
✔ standard proof also fails closed on an unenforced entitlement declaration (0.367291ms)
✔ shadow runtime records a match against the exact legacy redirect decision (45.429417ms)
✔ shadow runtime reports but never applies a divergent legacy decision (64.928458ms)
✔ workspace entrypoint blocks a cross-workspace target before slug redaction (22.888291ms)
✔ system capture keeps only equality/presence proofs and never retains its query value (5.909208ms)
✔ system capture blocks a different forwarded System id without retaining either id (5.35975ms)
✔ system capture without the semantic systemId key is an observed divergence (6.635667ms)
✔ unknown runtime configuration is fail-closed evidence instead of a thrown error (13.956167ms)
✔ workspace reset atomically clears reports and rejects late A observations (7.386167ms)
✔ current complete Sentinel payload marks both critical scenarios observed without mutation (4.39225ms)
✔ sealed Mission Room proofs aggregate across workspaces and invalidate on config drift (10.8155ms)
✔ sealed proof does not survive workspace recreation with the same slug and config (43.090959ms)
✔ raw Mission Room observation cannot be resealed after same-id config drift (39.010375ms)
✔ a synthetic projection cannot overwrite an observed runtime divergence (27.441459ms)
✔ Mission Room rejects an old workspace id after same-slug recreation without epoch change (6.570916ms)
✔ Sentinel observation with an absent brand remains invalid and fail-closed (5.503416ms)
✔ Sentinel observation with a primitive brand remains invalid and fail-closed (3.227292ms)
✔ Octocity non-empty brand without style is compared as the Sentinel UI fallback (1.979791ms)
✔ Octocity contradictory brand label is retained only as a private fingerprint input (1.739583ms)
✔ Mission Room brand label/style fields fail closed when present with invalid types (2.450375ms)
✔ Mission Room observation error is preserved as fail-closed evidence (2.519792ms)
✔ Mission Room payload with a slug inconsistent with its scope is ignored (0.286375ms)
✔ registry IDs are unique and deterministically ordered by priority (17.312042ms)
✔ Andritz member keeps the rendered business experience and hard-coded surface order (32.30375ms)
✔ app entitlements filter the V2 business policy in canonical order and fail closed (0.841875ms)
✔ app entitlement payload is ignored until its feature flag is enabled (0.285375ms)
✔ workspace app runtime is a strict no-op while its feature flag is off (1.925083ms)
✔ authoritative business installations own surfaces and routes without legacy fallback (53.483917ms)
✔ authoritative business installations require grants even when the legacy entitlement flag is off (1.100083ms)
✔ three Andritz installations expose four entitled surfaces without a fourth app (0.509625ms)
✔ authoritative Mission Room projection isolates Sentinel and Octocity from crossed legacy terms (6.701167ms)
✔ runtime bootstrap transports the generic provider contract and rejects malformed endpoints (2.171084ms)
✔ enabled platform fails closed to an isolated unavailable shell when runtime authority is absent or invalid (0.625166ms)
✔ invalid runtime keeps the unavailable page terminal and grants only admins the isolated repair route (0.255583ms)
✔ Andritz admin remains standard while admin preview restores business (1.705166ms)
✔ workspace_admin role template is classified as admin (0.649875ms)
✔ unsupported admin shorthand is not broader than WorkspaceService.isAdmin (0.392667ms)
✔ custom primary_surfaces and link/hidden access do not drive legacy shell or routes (1.2175ms)
✔ business compatibility aliases remain route-sensitive and canonical (0.615917ms)
✔ configured business defaults never retain query values in either projection (0.508209ms)
✔ system capture compares semantic query presence without retaining its value or System id (2.202209ms)
✔ observed system capture compares a decoded query to an encoded route segment (0.353458ms)
✔ workspace entrypoint comparison preserves tenant equality without retaining the target slug (0.880209ms)
✔ comparator consumes the decision actually observed from NavigationResolverService (2.458708ms)
✔ legacy Showcase portfolio projects standard chrome and all five cockpit verbs (5.525917ms)
✔ Sentinel API observation maps app label separately from assistant and ignores Systems ownership (0.833ms)
✔ Octocity API observation is selected by settings, never by slug (0.757834ms)
✔ Octocity compatibility defaults are profile-driven after a workspace rename (2.803125ms)
✔ Mission Room compares the effective rendered brand label and style (7.26225ms)
✔ candidate and independent legacy oracle honor Mission Room label as assistant fallback (0.413375ms)
✔ immersive workspace app is scoped to final Mission Room route only (6.400333ms)
✔ overlap precedence composes profiles then workspace app then active business (0.875625ms)
✔ malformed settings and unknown adapters are reported fail-closed without throwing (3.77375ms)
✔ comparator emits sorted canonical paths and explanations require exact triple (3.442959ms)
✔ explanations require complete non-empty governance and exactly one exact match (12.167416ms)
✔ fingerprint is canonical, exact, and changes with any compared value (0.659583ms)
✔ public diffs redact values while the exact raw mismatch still changes the fingerprint (1.10875ms)
✔ MissionNavigation observation detects exact item order but never resolves backend Systems (0.667458ms)
✔ MissionNavigation proof fails closed when items or required app fields are absent or malformed (3.308375ms)
✔ MissionNavigation observation preserves extra keys and duplicates so drift remains visible (1.030875ms)
✔ exported critical matrices are complete and produce parity (1.01875ms)
✔ rollout gate opens only with one current valid observed proof per critical scenario (14.591625ms)
✔ rollout gate blocks wrong versions, stale epoch, unknown adapter and missing MR observation (18.880417ms)
✔ rollout gate blocks an expired explanation and an unexplained divergence (4.244916ms)
✔ rollout gate rejects tampered comparison identities and internally inconsistent statuses (2.388917ms)
✔ scenario key drops query/fragment and canonicalizes dynamic workspace and System segments (0.158ms)
✔ legacy projection is independent from the exported adapter registry (0.273417ms)
✔ legacy oracle has no structural dependency on candidate registry or policy functions (2.321708ms)
✔ legacy oracle is anchored directly to NavigationProfile, Shell, SideRail and Mission Room UI (3.655667ms)
✔ independent legacy parsing can expose candidate drift instead of producing a synthetic match (1.114208ms)
✔ candidate constant drift cannot move the independent legacy UI oracle (0.308333ms)
✔ the current workspace is captured before dispatch and pinned across a 401 retry (78.848625ms)
✔ an explicit X-Workspace-Slug header wins over requested and current workspaces (1.228958ms)
✔ a repeated 401 is returned after one retry and is never replayed again (1.277916ms)
✔ concurrent direct requests share one refresh exchange (2.68275ms)
✔ an abort during refresh prevents the retry dispatch (3.362291ms)
✔ evaluation context written in workspace A is never read or posted in B (2.026792ms)
✔ ambiguous legacy evaluation context is consumed without adoption (0.197208ms)
✔ a tagged legacy evaluation context migrates only to its origin workspace (0.175292ms)
✔ untagged Settings preferences may migrate for a sole known workspace (1.480792ms)
✔ untagged System drafts are not attributed to the last selected workspace (0.262416ms)
✔ a workspace declares the language its pages open in (1.587875ms)
✔ a workspace that declares nothing gets no opinion (0.217917ms)
✔ a locale the product does not have is not a locale (0.500625ms)
✔ a presentation block that is not a block is ignored, not trusted (0.163709ms)
✔ workspace Chat is not reused when the deep-link slug changes (3.44375ms)
✔ workspace Chat remains reusable inside the same workspace (0.276041ms)
✔ workspace shell is recreated from workspace A settings to workspace B settings (0.16925ms)
✔ hierarchy detail components are recreated when their route-owned id changes (0.14925ms)
✔ Experience Studio editor is recreated when its application id changes (0.1795ms)
✔ unrelated parameterized routes keep Angular default reuse semantics (0.122667ms)
✔ a stale preset list rejects instead of triggering a B fallback for an A id (61.09075ms)
✔ a late maritime snapshot completes without reaching public subscribers (3.904458ms)
✔ HelpService pins A and completes a stale public load without replaying it in B (9.478ms)
✔ RuntimeHealthService pins A and hides a late A response from signals and subscribers (3.679ms)
✔ PermissionsService pins A and suppresses a late IAM matrix after A→B (2.097375ms)
✔ SystemsStore pins load/getById to A and exposes no late A system in B (3.61775ms)
✔ POST and Run SSE streams use the workspace captured at subscription time (164.542459ms)
✔ a workspace switch aborts an open POST stream without leaking an error frame (2.833625ms)
✔ a workspace switch aborts an open Run stream without a late event (1.7905ms)
✔ WorkspaceViewContext clears A synchronously and reloads only after B is published (6.07025ms)
✔ WorkspaceViewContext rejects a late route id and skips superseded reload epochs (0.368208ms)
✔ runtime entitlement catalog accepts a future key and keeps the four Andritz labels compatible (13.921042ms)
✔ toggling a known entitlement preserves valid active keys absent from the runtime catalog (0.372834ms)
✔ workspace switch clears registered context before publishing one new slug/epoch (78.550917ms)
✔ workspace app platform authority enables member entitlement administration without the legacy flag (0.988875ms)
✔ same-slug workspace recreation invalidates the old identity atomically (2.223958ms)
✔ a late workspace response cannot repopulate context after a switch (1.558208ms)
✔ workspace settings writes can pin an explicit workspace header (2.059875ms)
✔ member administration sends an explicit canonical app entitlement decision (0.984ms)
✔ a storage write failure cannot split the workspace transaction (0.540708ms)
✔ effective feature revocation is synchronous, same-epoch and idempotent (1.237ms)
✔ Run deep link resolves the real Capability → System → Run graph and keeps the lens (59.250333ms)
✔ SkillInvocation deep link resolves a runtime leaf without becoming a catalog Skill (11.185583ms)
✔ a catalog Skill is not attached to a Run that never invoked it (62.884542ms)
✔ a Skill configured on the System is still rejected when the selected Run never invoked it (87.683167ms)
✔ a scoped Skill list cannot forge a Skill edge under a Run that never invoked it (13.232417ms)
✔ scoped-list rail clicks are inert while canonical ancestry is still loading (9.304292ms)
✔ global object jumps clear the previous ancestry and UrlTree parsing keeps query separators (10.163709ms)
✔ axes v4 sends Hypervisor to Portfolio while object lenses keep the selected System (4.91275ms)
✔ the selected System path rejects a Run query from another branch (7.0695ms)
✔ an unflagged workspace ignores routed axes and emits legacy object links (9.411125ms)
✔ nav v5 zone sommaire omits ?scope= (I5) (10.681791ms)
✔ Flow builder follows the proven System, else the scratchpad — never session memory (8.818708ms)
✔ parentUrl is the breadcrumb parent (D6) (12.490042ms)
✔ parentUrl of a non-hierarchy object is its catalog list (3.792792ms)
✔ workspace reset clears synchronously and ignores the late graph from the old epoch (14.813042ms)
✔ signin presentation is selected by the explicit experience contract (3.404041ms)
✔ legacy Sentinel workspace links keep the same presentation without component slug logic (5.301417ms)
✔ unknown profile fails closed to standard and cannot reactivate a legacy alias (3.158958ms)
✔ historical demo-only link preserves its prefilled account (0.290416ms)
✔ Capabilities purges A, reloads B and follows focus across browser history (15.825959ms)
✔ Capability facets follow validated query state and tab changes merge the URL (87.452291ms)
✔ Capability facet routing leaves the historical gate-off behavior unchanged (7.123625ms)
✔ Capability falls back without an error panel when the server revokes its projection (2.960458ms)
✔ Capability loads its projection when the effective gate activates in the same workspace epoch (7.769459ms)
✔ a coverage gap is applied as the tier decision it is, not as 36 toggles (21.301417ms)
✔ the unclaimed group is the only gap that enables skills one by one (1.832541ms)
✔ enabling a hidden capability also lifts the hide that outranks it (1.008334ms)
✔ an app-written override is attributed to its app and cannot be removed here (2.54175ms)
✔ hiding a visible skill and enabling a filtered one write opposite levers (0.709958ms)
✔ the escape-hatch list stays closed until searched (2.571667ms)
✔ a failed write leaves the displayed policy untouched and says so (0.99075ms)
✔ switching workspace purges the coverage and reloads for the new one (0.616458ms)
✔ a read-only member sees the report without write affordances (0.449542ms)
✔ workspace switch closes the drawer, revokes its blob and ignores later preview data (85.860542ms)
✔ network recovery retains the exact idempotency request and session (51.29725ms)
✔ workspace changes discard late responses and scope changes do not share memory (1.618792ms)
✔ voice oracle timeline only uses registered Lucide icons (26.15525ms)
✔ a late session create from A cannot select, store or render the A session in B (4.546916ms)
✔ a late open-session response from A cannot restore its messages in B (1.372042ms)
✔ evaluation and Deep Search poll responses from A cannot mutate B (4.545208ms)
✔ HITL message polling is unique per session and Run, then refreshes the pending bubble (2.9065ms)
✔ a HITL poll from a conversation left behind cannot mutate the active conversation (2.598542ms)
✔ a late upload response from A cannot start an ephemeral context in B (71.730416ms)
✔ a late A context creation cannot attach its id or documents to B (57.850125ms)
✔ Client360 pins validateMapping -> reload/run to A and cancels the chain on A -> B (11.835833ms)
✔ Client360 pins and cancels every runEngine refresh read before it can mutate B (5.66275ms)
✔ Client360 annuaire selection pre-fills targeting and posts customer_keys on create (1.575542ms)
✔ Client360 surfaces dedup outcomes after campaign draft generation (1.3615ms)
✔ Client360 fiche next-due CTA targets the customer with a due window (0.675666ms)
✔ Client360 fiche loads in two phases: payload without AI summary, then async summary merge (1.0455ms)
✔ Client360 pins fiche and summary to one workspace epoch and purges them on switch (0.67975ms)
✔ Client360 fiche pages long lists client-side with show-more increments (1.255375ms)
✔ Client360 landing page collapses alerts to a digest and pages the table (1.194792ms)
✔ Client360 business selections use named keyboard controls instead of clickable rows (19.968375ms)
✔ Client360 pins syncFromCollection to A and cancels refresh on A -> B (1.611791ms)
✔ every Client360 network call is pinned to a workspace epoch and scoped by header (3.136542ms)
✔ classifies live SAP names as read or write without inventing aliases (3.118583ms)
✔ humanizes OData and custom-field names for the catalog (0.988834ms)
✔ groups header and item tools on the same object (73.535708ms)
✔ hostname wins when a credential-file label would swap PR and PO (4.679708ms)
✔ falls back to the attached server id when the host is unknown (0.416209ms)
✔ readiness comes from live tool names, not invented PDF aliases (0.241042ms)
✔ orders the four Nawa servers as the PR to PO showcase (1.257333ms)
✔ only pending and ingesting keep a surface polling (3.07025ms)
✔ every dataset status is classified, so none can silently spin forever (6.992416ms)
✔ each origin gets its own icon so provenance reads without a legend (0.3545ms)
✔ the columns a model wrote are the ones it says it added (0.245ms)
✔ a dataset nobody scored attributes nothing (0.200792ms)
✔ the credited model names its version, since promoting one changes answers (15.332542ms)
✔ a lineage block that names no model produces no half-written badge (0.297208ms)
✔ a dead link to a dataset says so, and offers the way back (7.705458ms)
✔ the detail page badges the scored columns and links back to the card (0.641584ms)
✔ a column header opens its own profile, and only when it has one (15.55925ms)
✔ the profile popover names every statistic it prints, in both languages (0.630875ms)
✔ the surfaces that show a preview tell the table how many rows there are (3.214875ms)
✔ the preview can be walked past the rows the ingest cached (1.2325ms)
✔ the ingest reads as a check-list, not as one line at a time (0.605333ms)
✔ a step from an older worker is refused rather than rendered raw (0.384583ms)
✔ every step has a sentence in both locales, counted and not (0.347667ms)
✔ a scored table reports its own steps, not the ingest’s (0.408084ms)
✔ a bar is a direction, not a rectangle (2.754208ms)
✔ the bars keep the two colours that mean something (0.455959ms)
✔ a bar arrives in rank order, on a delay the arithmetic decides (0.220917ms)
✔ a count and its share are typeset as two different things (2.420625ms)
✔ the matrix says the share its shading encodes (0.291ms)
✔ the matrix uncovers itself across the diagonal (0.215375ms)
✔ a hovered cell is raised, never recoloured (2.149875ms)
✔ every entrance in the kit yields to a reader who asked for less motion (2.310958ms)
✔ a tooltip does not stand on the curve it is quoting (1.201333ms)
✔ a curve with nothing to draw yields nothing rather than a stray dot (8.982125ms)
✔ a regression fit is scaled to the target’s own units, not the unit square (0.404375ms)
✔ a degenerate domain is padded instead of dividing by zero (0.202667ms)
✔ a ROC’s reference is the diagonal of the box it is drawn in (0.280625ms)
✔ a prevalence level spans the plot, or is refused rather than clamped (0.224708ms)
✔ an identity reference is a series like any other, and is filtered like one (1.448458ms)
✔ a token becomes a colour a canvas can fill with (2.083584ms)
✔ a colour nothing can parse fills with nothing, not with everything (0.585666ms)
✔ the wash under a curve is spent against the line and none of it on the floor (3.337792ms)
✔ a wash nothing can parse is no wash, not an opaque one (1.125ms)
✔ a reveal starts closed, ends open, and never reverses (0.396375ms)
✔ a reveal with no time to run is already over (0.173459ms)
✔ the confusion matrix is shaded per actual row, not per grand total (0.334417ms)
✔ a malformed or absent matrix renders nothing at all (0.117458ms)
✔ an empty row divides by nothing and stays at zero (0.329708ms)
✔ a cell that holds anything is tinted, and the diagonal is the green one (0.4755ms)
✔ a stagger a reader can follow, on a set of any size (0.285458ms)
✔ a long list compresses its step instead of outstaying its welcome (3.755292ms)
✔ a stagger only ever runs forwards (9.638791ms)
✔ an index past the end of its set waits no longer than the end does (0.239542ms)
✔ viewer stays in Work while reviewer can inspect the Studio inventory (2.205666ms)
✔ contributors and workspace administrators can edit Studio experiences (16.578459ms)
✔ result inspection follows its producing component and respects business navigation (14.103875ms)
✔ a chart with no binding draws the series the document shipped with (107.246125ms)
✔ a run-output binding replaces the series the document shipped with (1.53775ms)
✔ a bound chart follows the run it waits on, not the series it was authored with (1.583541ms)
✔ a binding that resolved to something undrawable shows the empty state (1.786ms)
✔ a chart reads the fields it was told to read, and label/value when it was told nothing (0.584542ms)
✔ an unrecognised kind draws bars rather than refusing the document (0.49ms)
✔ a bar carries its share of the base, and only when there is a base (14.909459ms)
✔ a ramp is drawn only when the author said the bands are ordered (2.618833ms)
✔ a donut says what the ring adds up to (0.644958ms)
✔ a donut announces the numbers its canvas hides (2.990583ms)
✔ immutable renderer pins route to distinct catalogs and unknown pins fail closed (1.233292ms)
✔ versioned components keep distinct Angular style scopes (438.488459ms)
✔ a type the current catalog gained degrades on the renderer a release is pinned to (1.308292ms)
✔ fieldsFromSchema maps string/number/enum/date/boolean/file (4.194ms)
✔ form presentation localizes copy without changing schema values (1.040459ms)
✔ certified no-code forms reject schema shapes the renderer cannot enforce (0.681833ms)
✔ schema identifiers keep payload keys but expose deterministic business labels (0.286125ms)
✔ selector-free template bindings project common output shapes (0.321583ms)
✔ a chart series scales its bars against the largest value it plots (9.306208ms)
✔ a share is only offered for a series that is a whole to take a share of (0.6695ms)
✔ a ramp spans its anchors however many bars the run came back with (3.02425ms)
✔ a ramp between two hues stays a colour instead of passing through grey (0.508333ms)
✔ a palette is opt-in, because a ramp claims an order the data may not have (0.258417ms)
✔ a chart drops rows no bar can honestly stand for (0.924667ms)
✔ over the cap a chart keeps the largest values in the order they arrived (0.248459ms)
✔ an unrecognised chart kind draws bars rather than nothing (0.463334ms)
✔ business results are bounded, nested and humanised without JSON fallback (1.763125ms)
✔ validateValues flags required and invalid numbers, accepts a filled form (0.538208ms)
✔ the authoring catalog creates releases against renderer 0.2 (0.107291ms)
✔ document copy resolves explicit i18n refs with a controlled fallback (0.393875ms)
✔ data/query bindings are closed and selectors cannot traverse prototypes (0.850458ms)
✔ only an uploaded document id is a ready file reference (0.217916ms)
✔ after-success behavior is a closed catalog with safe page ids (0.248791ms)
✔ unknown types fall back; nested page is ignored (0.223625ms)
✔ renderableComponents drops an action_button that duplicates the form submit (0.228833ms)
✔ appearance props persist on a page and a node (0.231458ms)
✔ a width nobody wrote, or wrote wrong, is the whole row (0.108625ms)
✔ each width divides a page row with nothing left over (0.104917ms)
✔ a header keeps its row while the panels of a board may share one (0.079375ms)
✔ the page grid is cut into the tracks the width projection counts (0.583ms)
✔ the renderer a pinned release draws through never learned about columns (0.17125ms)
✔ custom accents always choose the higher-contrast text colour (0.270208ms)
✔ a11y aria on a button and a form (0.253333ms)
✔ a block that draws nothing on a bad morning is offered the words to say so (0.083333ms)
✔ mapRunStatus uses business vocabulary; citations read output_ref (0.196375ms)
✔ firstManualIngress skips non-manual entries (2.790833ms)
✔ systemHomeBlocker rejects non-actionable one-click homes (1.088458ms)
✔ hasHitlHint reads graph kinds and ingress ids (0.322375ms)
✔ compileSystemHome builds form_result from the manual contract (91.975209ms)
✔ compileSystemHome adds approval_card when a hitl hint is present (0.441875ms)
✔ remapSystemHomeBinding keeps the generated source on the replacement key (0.424917ms)
✔ unique identifiers stay within the backend regexes (0.852583ms)
✔ slugify strips accents and punctuation into a url token (5.767583ms)
✔ experienceSlug is a valid API slug and stays unique against taken values (0.933209ms)
✔ a binding key names its System entry point and never collides (0.575833ms)
✔ schema selector options keep no-code authors on compatible output paths (1.882ms)
✔ wizard bindings hydrate the generated form and add usable extra actions (1.371875ms)
✔ a generated System Home keeps one source action and binds extra actions (1.041708ms)
✔ data-led templates wire their widgets to the linked action output (1.193375ms)
✔ data-led templates accept only outputs their generated widgets can render (0.429667ms)
✔ draft payload keeps localized copy dictionaries and references intact (0.43775ms)
✔ bindingSharedWith names the other applications a binding serves (0.345292ms)
✔ release review preserves a groups-only access policy (17.092042ms)
✔ deploying an existing release reviews its immutable snapshot (0.987417ms)
✔ release and rollback requests carry the state reviewed by the author (0.514042ms)
✔ deployment compares the channel head captured when review opens (0.457333ms)
✔ deployment conflicts refresh the CAS heads used by retry (0.231375ms)
✔ wizard metadata updates compare the row version last loaded by the author (0.262083ms)
✔ metadata responses cannot roll the local draft revision backwards (0.579166ms)
✔ draft history restore is append-only, confirmed and revision-safe (1.299375ms)
✔ applyPatch add/remove/rename and undo/redo on the revision stack (1.49075ms)
✔ pages can be added and removed, never below the last one (0.600625ms)
✔ move_component reorders inside a page and stops at the edges (0.521666ms)
✔ ready-check dialog cannot release with blockers or empty notes (0.225208ms)
✔ release review classifies semantic changes and marks user-impacting removals as breaking (2.558083ms)
✔ additive release changes do not require a breaking-change acknowledgement (0.674333ms)
✔ publication review compares the exact saved snapshot before enabling release (1.1075ms)
✔ wizard makes creation and workspace-level binding effects explicit (0.508959ms)
✔ wizard refreshes stale System versions without retargeting shared bindings (0.3935ms)
✔ editor invalidates readiness while dirty and fails closed on shared binding catalog errors (2.015333ms)
✔ editor authors localized form copy without rewriting the executable schema (0.497334ms)
✔ editor route work is cancelled and readiness waits for the final queued save (0.646833ms)
✔ editor preserves the Work page context in both directions (0.384625ms)
✔ Work and Studio can roll out independently without breaking legacy workspaces (0.141334ms)
✔ data inspector keeps schema fields and result paths no-code while raw JSON stays advanced (0.19625ms)
✔ dirty or saving editor state blocks route and browser navigation until confirmed (0.166417ms)
✔ editor keyboard history maps Cmd or Ctrl+Z once and leaves form controls alone (0.281084ms)
✔ form binding changes wait for the latest ingress schema and fail closed (0.552292ms)
✔ wizard requires an explicit audience and exposes step semantics (0.269ms)
✔ catalog failures propagate to distinct retryable states (0.303375ms)
✔ wizard stores published outputs and blocks data-led templates without a compatible source (0.250333ms)
✔ release and deployment remain two explicit actions (0.253541ms)
✔ inventory filters follow live > pilot > draft (0.258ms)
✔ inventory audience distinguishes groups, open access, and absent draft policy (0.274583ms)
✔ Preview as evaluates access locally without impersonating or loading data (0.285459ms)
✔ reviewers receive a read-only review link for every inventory row (0.232875ms)
✔ viewHref resolves the immutable Work release before a dual-run redirect (1.652958ms)
✔ applying appearance props updates node and page (0.526584ms)
✔ Appearance owns only visual properties while localised copy stays in Content (0.595375ms)
✔ Appearance offers a width to the blocks that may share a row (0.569375ms)
✔ the palette is offered on charts, with the warning that earns the ramp (0.272917ms)
✔ application identity flows through create, metadata edit, and localised a11y authoring (0.30475ms)
✔ assistant patch reject unknown type (1.54275ms)
✔ assistant proposes local patches for empty-state, rename, approval_card (1.294792ms)
✔ the factory cycle is the live Experience binding, not a System API shortcut (1.790792ms)
✔ a cycle may start only when the work binding resolve is ok (0.298333ms)
✔ lineage hrefs stay on the System and the Run (0.593541ms)
✔ the factory portal bridge opens workspace chat on the System (1.053084ms)
✔ factory provenance is the Experience origin on the Run ingress (0.291375ms)
✔ security invariant: the browser has no SAP path — no MCP call, no BAPI body (32.212875ms)
✔ the studio node list mirrors the published DAG, one entry per node (5.383125ms)
✔ the launch payload carries only known guardrails and an optional pin (2.356959ms)
✔ a paused run projects to running-until-the-gate with the server calls verbatim (6.555291ms)
✔ a failed node reads as error with the walker message, not a silent skip (4.276459ms)
✔ the gate package comes from hitl.upstream and names every source (91.095625ms)
✔ a zero-price package is flagged the way SAP will refuse it (06/215) (0.415708ms)
✔ settled, busy and decided follow the HITL decision, not only the run status (0.496583ms)
✔ an approved run shows the create + commit pair and the PO number from the gate envelope (2.028125ms)
✔ sealed, blocked and refused writes keep their own verdicts (14.686292ms)
✔ the chat fact sheet is the run: open rows, majority terms, budget, proposal state (1.75175ms)
✔ the chat write dialogue follows the run: preparing → proposing → posting → posted (5.646791ms)
✔ invocation lookup takes the latest row for a node and calls are verbatim JSON (1.724333ms)
✔ launcher redirects when exactly one app is openable (3.335084ms)
✔ live_href on theme is the launch target for dual-run apps (0.426917ms)
✔ validations surface from pattern or certified nodes (0.275708ms)
✔ release theme and page links are safe, stable projections (0.705667ms)
✔ studioHref opens the editor and carries safe Work context (7.765917ms)
✔ author roles can edit; locale list keeps fr/en only (0.37175ms)
✔ Work renders the immutable release identity with a legacy fallback (1.174208ms)
✔ all Work chrome stays in business language in both locales (44.068541ms)
✔ runtime copy rendered inside Work stays in business language (2.161458ms)
✔ runtime failures never render raw backend detail to viewers (0.594167ms)
✔ validation loading failures stay distinct from an empty queue and can be retried (7.599334ms)
✔ Work hides Studio actions when authoring is disabled for the workspace (1.197667ms)
✔ Experience governance is reviewer-plus and never broadens contributor access (6.580875ms)
✔ inventory reflects the effective channel and filters business names (3.601792ms)
✔ audit filtering relates lifecycle and binding events to the selected application (7.09025ms)
✔ audiences and drift stay compact governance projections (0.455417ms)
✔ unavailable drift data never renders a healthy zero or green state (2.128167ms)
✔ Govern navigation remains contained and keyboard-reachable on narrow viewports (0.639ms)
✔ workspace app repair remains directly available to workspace admins (4.928375ms)
✔ invalid runtime sends non-admins to the isolated unavailable page (0.853ms)
✔ legacy non-admin lifecycle access keeps its governance fallback (0.349583ms)
✔ admin UI performs exact plan/apply and reuses its Idempotency-Key after a failed retry (31.306958ms)
✔ workspace epoch reset atomically clears catalog, pending plan, receipt and retry state (1.380459ms)
✔ a delayed registry response from workspace A cannot replace the loaded workspace B catalog (6.542708ms)
✔ non-admin UI does not call the governance API even when reached directly (0.389583ms)
✔ catalog sorts strict semver and derives only valid authoritative transitions (4.931625ms)
✔ an absent app installs only the latest exact digest and never carries settings or entitlements (0.582625ms)
✔ an installed row whose digest is absent from the registry cannot be uninstalled from the UI (1.417542ms)
✔ response identity rejects an old workspace epoch even when a slug is reused (0.262041ms)
✔ apply retries reuse one key; success and workspace reset retire it (0.409958ms)
✔ a blueprint dry-run remains applicable only for its exact target and choices (6.042375ms)
✔ JSON edits and policy changes invalidate a blueprint plan (0.299458ms)
✔ computes a delta only when both measurements are present (1.026958ms)
✔ counts capabilities independently from any Run aggregate (0.219583ms)
✔ formats numeric impact values without changing the historical display (0.332917ms)
✔ renders descriptive impact values and rejects values that cannot be displayed (0.35125ms)
✔ portfolio value-loop summary preserves real zero risk and measured outcome (2.498542ms)
✔ portfolio value-loop summary never turns missing or unconfigured evidence into zero (0.838625ms)
✔ builds a UTC calendar from naive from/to and does not pad missing days (28.460708ms)
✔ joins sparse buckets by date and never treats absence as not_configured zero (25.389542ms)
✔ partitions hors-denominateur on hours and keeps native units in-denominator (4.499792ms)
✔ runs projection is ink-only, never sums native units, and shares a dot step (2.012ms)
✔ picks the peak day from measured+declared and marks stale systems (3.243916ms)
✔ sankey widths are run counts and outside systems keep their native outcome (0.707166ms)
✔ rivers stack measured first, then declared by weight with alternating teal tones (0.69ms)
✔ calendar ticks carry range bounds and ISO weeks without crowding the end (0.403042ms)
✔ week spark collapses the calendar from the end without fabricating cost (0.600625ms)
✔ foldFacts never returns a fabricated zero for a non-available fact (0.304ms)
✔ sorts register rows with null facts last (0.281792ms)
✔ basis helpers treat status none as unusable (0.126459ms)
✔ ratio stays unset when cost is not measured (0.361916ms)
✔ parseViewsPayload falls back to Direction / Operations / Conformite defaults (2.34675ms)
✔ legacy units denominator is an alias of runs (0.239333ms)
✔ toggle and move keep the rest of the view intact (0.310583ms)
✔ replaceView is a full-list replace of one id (0.2965ms)
✔ workspace reset synchronously purges Capture tenant signals before B is published (46.326417ms)
✔ workspace reset during feed hydration neither mutates B nor opens session A transport (7.393584ms)
✔ a LiveKit connection created after A→B is immediately closed and never falls back (3.721ms)
✔ a rejected LiveKit open after A→B cannot enter the backend fallback (1.467ms)
✔ workspace reset invalidates an in-flight finalize recovery before its HTTP POST fallback (2.986ms)
✔ FSE template plan remains blocked until its System is resolved (3.817792ms)
✔ FSE template exposes three EX70 intervention types with plan seeds (9.920375ms)
✔ equipment_progress applies only to weekly_site and process (0.44025ms)
✔ seed defaults prefill HSE, distribution and site_modifications (0.623708ms)
✔ checkbox_group and equipment_progress fill rules (0.354292ms)
✔ weekLabelFromIsoDate returns ISO week (0.354083ms)
✔ FSE cartouche exposes week and issued_by (0.227875ms)
✔ coerceCaptureTemplate merges intervention_types and field options (0.717291ms)
✔ composePublicationName follows PROJECT-Supervisor-Week (0.3465ms)
✔ pickFseSystem uses template_id then name when no binding (2.154042ms)
✔ pickFseSystem prefers a bound id that is still in the list (0.302584ms)
✔ systemIdFromBindingResolve only accepts an ok binding (0.216875ms)
✔ a resolved LiveKit A connection is closed before the consumer can fallback under B (1.70375ms)
✔ workspace reset during microphone enable cannot rearm capture in B (0.599125ms)
✔ command palette drops A index and rejects an old dynamic command after A→B (15.079833ms)
✔ Capability scope hides its own level and routes Systems inside the same ancestry (36.75775ms)
✔ clicking the active mini-rail scope is a strict no-op (1.600125ms)
✔ an unflagged workspace keeps the historical Operate section set (3.748375ms)
✔ the Flow entry reads Scratchpad only while it opens the scratchpad (13.783708ms)
✔ sections other than Flow are named from the catalog whatever the URL (0.334417ms)
✔ axes v4 exposes no object index under the Portfolio-only Hypervisor destination (0.31875ms)
✔ experience studio prepends Business application to the Create catalogues (3.640417ms)
✔ nav v5 Operate sommaire has no object ladder and exposes a System facet branch (I1) (2.738417ms)
✔ breadcrumb renders only graph-proven nodes with their canonical labels and hrefs (11.965167ms)
✔ side rail delegates every lens route to the route-owned navigation projection (7.320375ms)
✔ demo rail uses Mission Room home only when the extension is enabled (0.81375ms)
✔ axes v4 makes Hypervisor the Portfolio home even in a demo workspace (0.647875ms)
✔ experience_v1 Build verb opens the Create hub (13.952583ms)
✔ TitleBar drops A telemetry atomically and reloads only B after a workspace switch (12.077083ms)
✔ TitleBar commits B only after the guarded exit from A succeeds (1.276125ms)
✔ a tenant without a light variant shows the same emblem in both themes (1.500542ms)
✔ a declared light variant is swapped in on the light theme, live (0.902834ms)
✔ a workspace with no brand at all keeps the Agentium mark (0.39775ms)
✔ generic provider renders only neutral copy and calls the exact core contracts (47.380334ms)
✔ generic provider purges atomically and rejects every late previous-workspace payload (2.21475ms)
✔ generic provider direct switch delegates only after its old epoch is purged (0.76275ms)
✔ unknown and specialized views never issue provider requests (1.115833ms)
✔ MissionRoom presentation uses runtime authority over crossed legacy settings (69.927292ms)
✔ MissionRoom direct construction stays neutral when enabled runtime authority is invalid (2.970875ms)
✔ MissionRoom observes the authoritative navigation payload only after installing it unchanged (17.865875ms)
✔ MissionRoom neither installs nor observes a navigation response invalidated by A -> B (99.453208ms)
✔ MissionRoom direct rail switch purges tenant state before publishing the next epoch (3.597625ms)
✔ MissionRoom continues the legacy payload flow when shadow observation throws (2.924416ms)
✔ MissionRoom cancels the scoped createAction refresh before late A reads can mutate B (2.618667ms)
✔ MissionRoom cancels action and pending-agenda continuations on A -> B (2.881334ms)
✔ MissionRoom startMeeting stays pinned to A and cannot navigate after A -> B (3.0555ms)
✔ MissionRoom cancels visual capture and image hydration before Sentinel can leak into Octocity (6.296417ms)
✔ MissionRoom cancels every agenda write continuation before Sentinel -> Octocity publication (10.106584ms)
✔ MissionRoom ignores a delayed search response across sentinel-ci -> octocity-mission-room (3.595583ms)
✔ MissionRoom ignores a delayed search response across octocity-mission-room -> sentinel-ci (6.51075ms)
✔ generic Agentium branding is not classified as the Octocity presentation (0.980333ms)
✔ Mission Room extension keeps the existing route and API contract (2.923209ms)
✔ Sentinel resolves its own brand, assistant and action packs (0.972875ms)
✔ Octocity resolves its own brand, assistant and action packs without Sentinel terms (0.287375ms)
✔ immersive shell is restricted to an enabled demo extension route (0.270458ms)
✔ legacy Sentinel demo profile resolves to the canonical extension profile (0.340708ms)
✔ authoritative Sentinel runtime ignores every tampered Octocity legacy field (0.76725ms)
✔ authoritative Octocity runtime ignores every tampered Sentinel legacy field (2.334542ms)
✔ enabled Workspace App platform never falls back to legacy Mission Room settings (0.238542ms)
✔ generic 1.0 and 1.1 installs stay fail closed without a provider contract (0.39475ms)
✔ generic 1.2 runtime is enabled only by the exact provider contract (0.576875ms)
✔ Octocity last-mile presentation removes every Sentinel vocabulary family (6.085458ms)
✔ presentation is profile-scoped and bounded around the CI token (0.418958ms)
✔ Mission Room extension preserves its exact public route table (3.480458ms)
✔ macro strip renders nothing tenant-branded before its aggregate answers (23.988459ms)
✔ macro strip stays tenant-neutral when the aggregate fails (5.750583ms)
✔ macro strip renders the workspace payload it is actually served (91.199541ms)
✔ every key the serving surfaces name has FR and EN copy (4.84975ms)
✔ the card mounts the Playground on the read it already made (0.405416ms)
✔ the request the Playground sends is MLflow serving shape (0.186459ms)
✔ a card off the serving alias predicts from itself, form and snippet alike (0.466042ms)
✔ an answer shows itself to whoever pressed the button (0.933709ms)
✔ the route and the header are the server’s facts, never retyped in the UI (0.278542ms)
✔ the key panel shows a prefix, and the secret only from the mint response (0.76175ms)
✔ a revoked key stays visible, because a demo has to show it stop answering (0.278917ms)
✔ the gauge animates, because the jump is the argument (0.428583ms)
✔ the dial is an instrument: a ramp, a glow, and a point to read it off (0.330292ms)
✔ one property carries the dial’s verdict to everything drawn from it (1.640667ms)
✔ each dial owns the gradient it paints itself with (0.368333ms)
✔ the explanation is asked for explicitly, and only for the one row on screen (7.676459ms)
✔ publishing links into the catalog and carries the model’s provenance (0.690583ms)
✔ the catalog card says which model a published skill answers from (2.001458ms)
✔ the monitoring tab reads the journal and closes the feedback loop (0.366333ms)
✔ the score tiles carry a delta and the comparison tab is mounted (0.290709ms)
✔ the card names the challenger, and takes that fact from the server (10.933375ms)
✔ promotion hands back both halves of the lineage (0.281542ms)
✔ the card says which version it is without opening a tab (0.11475ms)
✔ the hero says what kind of model this is, not only how it was fitted (0.273292ms)
✔ a dead link to a model says so, and offers the way back (0.311125ms)
✔ the card banner is the pipeline, not the version chain (0.151125ms)
✔ the lineage reads forwards, and marks the current and the serving one apart (0.209459ms)
✔ the model card draws its charts from the shared viz kit (0.181167ms)
✔ the curves are chart.js, and they are hoverable, because the elbow is the argument (2.66225ms)
✔ the comparison tab weighs a pair, and never one version against itself (0.188958ms)
✔ a fit reads as a check-list wherever it is watched, and says when it lands (0.295416ms)
✔ only a queued or running fit keeps a surface polling (2.054042ms)
✔ every model status is classified, so none can silently spin forever (1.036ms)
✔ each algorithm family gets its own icon so the picker reads at a glance (0.234042ms)
✔ a metric is rendered in its own units, never as a bare ratio (29.357125ms)
✔ a missing score reads as absent rather than as a zero (0.359666ms)
✔ a verdict is only given where the metric scale is absolute (0.275042ms)
✔ higher-is-better is stated per metric, not assumed (0.153542ms)
✔ the row score prefers the list payload but falls back to the detail block (0.4185ms)
✔ the best score never ranks one metric against another (0.339917ms)
✔ the best score minimises a metric where lower is better (0.36175ms)
✔ an unfinished or unscored run cannot become the best score (0.199708ms)
✔ importances are normalized against the strongest column of the run (0.345125ms)
✔ a column that hurt the score is flagged, and still sized by magnitude (0.15875ms)
✔ importances are capped so a wide table cannot become the whole card (0.289334ms)
✔ class balance carries the share, which is what makes accuracy readable (0.257667ms)
✔ a knob is clamped the way the backend will clamp it (0.158917ms)
✔ a knob at its auto point reads as “let the estimator decide” (0.103084ms)
✔ knob defaults come from the descriptor, so the form opens where the server would (0.159666ms)
✔ the target picker offers only what can actually be predicted (0.136541ms)
✔ a numeric column stays offered however many values it holds (0.096ms)
✔ plan columns project into the shared table without losing the profile (0.225042ms)
✔ features default to every column but the target, as the backend does (0.115625ms)
✔ every refusal the backend can raise has a sentence and a field (0.842375ms)
✔ a refusal renders next to the choice that caused it (0.157625ms)
✔ the identifier warning is named, so a leaky column is called out by name (0.281042ms)
✔ a worker error splits into the code the UI can name and the line it cannot (2.039084ms)
✔ a multi-line harness error keeps its tail, which is where the cause is (0.127833ms)
✔ every terminal failure the worker writes has a sentence of its own (0.149209ms)
✔ the form opens on the example the fit carried, not on the contract default (2.432375ms)
✔ with no example the form still opens filled, from the typical row (0.163ms)
✔ a field with neither example nor default opens empty rather than as "undefined" (0.11575ms)
✔ a numeric box is sent as a number and a cleared box as a hole (1.592541ms)
✔ a numeric field holding text is sent as it was typed, so the refusal names it (0.142375ms)
✔ the gauge is about the positive class, named, not a bare number (0.417291ms)
✔ the dial is measured against the circle a browser actually draws (0.1425ms)
✔ the handle rides the tip of the stroke it terminates (0.631959ms)
✔ a full dial parks its handle a dot short of the pattern, not off the end (0.181083ms)
✔ landing outside the positive class reads as a probability of it, not of the answer (0.190583ms)
✔ with no positive class the gauge falls back to how sure the model is (0.138833ms)
✔ a row with nothing to show on the dial draws no dial at all (0.393959ms)
✔ contributions are normalized against the strongest effect on this row (0.421875ms)
✔ the snippet is the request that was just made, key masked to its prefix (0.288125ms)
✔ a card that is not the one serving names its own version, so its form is judged against its own signature (0.432958ms)
✔ the snippet carries the same pin the button used, so a copy reproduces the answer (9.458083ms)
✔ the one response that carried a secret puts it in the snippet verbatim (0.434458ms)
✔ with no key at all the snippet says where one goes rather than looking done (0.153375ms)
✔ a provenance line names the serving version and quotes its score (0.543167ms)
✔ a provenance with no readable score still says which version answers (0.136833ms)
✔ the pipeline banner walks dataset, transform, this version and scored tables (0.6175ms)
✔ a card with only this version is not a pipeline (0.145875ms)
✔ a skill that answers from no model claims no provenance (0.103708ms)
✔ drift bars rank PSI the same way importances rank a feature (0.260292ms)
✔ the AUC trace is two points so the curve kit can draw the drop (0.181292ms)
✔ every coded serving refusal has a sentence of its own (0.145584ms)
✔ a delta is judged by the metric, so a smaller error is an improvement (1.1465ms)
✔ a move too small to mean anything is rendered flat, not as a win (0.536917ms)
✔ with nothing to compare against there is no delta rather than a fake zero (0.133959ms)
✔ a delta is measured against the newest trained version below this one (0.846125ms)
✔ a lineage of one has nothing to measure against (0.125375ms)
✔ a failed retrain never becomes the version a delta is read against (0.10275ms)
✔ the version that serves compares against its contender, not against nothing (0.208791ms)
✔ a version with one below it still compares backwards (0.112208ms)
✔ a lineage of one, and a failed sibling, have nothing worth a table (0.091208ms)
✔ comparison aligns two versions and marks the side each metric favours (1.801292ms)
✔ a metric only one side produced is left out rather than shown as a drop to zero (0.225958ms)
✔ every key the model plane assembles at runtime has FR and EN copy (0.468375ms)
✔ every metric the card can score has a label and a hint in both locales (0.558333ms)
✔ a step brings the count that says how much of the wait is left (0.342917ms)
✔ the check-list follows the step the row claims, and invents none (1.248709ms)
✔ a line that will never tick is not drawn (0.313458ms)
✔ the fold counter is live while the folds run, and never after (0.662209ms)
✔ the row count belongs to the fit, and to no other line (0.856917ms)
✔ every sentence the check-list can render exists in both languages (0.703125ms)
✔ a failed turn leaves the conversation open, and the next one is answered (28.396333ms)
✔ a synthesis failure keeps the room; the answer is already on screen (1.516084ms)
✔ an unreadable frame is survived without a word about it (0.870666ms)
✔ a lost room is given up, so the button means what it says (3.441417ms)
✔ a closed room is given up whatever it said on the way out (0.829375ms)
✔ a request for the live service is offered and nothing is started (6.859833ms)
✔ the identity reply fills the offer instead of reaching the engine (2.44425ms)
✔ the press takes the audited path, and forgets the code (3.6945ms)
✔ a spoken identity fills the same offer, so the press is the same (1.566833ms)
✔ nothing is offered where the workspace has no System to reach (12.571209ms)
✔ pressing again after a failed turn does not open a second room (1.461125ms)
✔ the NAWA transcript announces appended turns and its pending state (5.022208ms)
✔ the retrieval prefix is stripped, the section heading is kept (1.862417ms)
✔ a citation quotes the policy, not the document masthead (0.308125ms)
✔ front matter is never dropped to nothing (0.130333ms)
✔ a long passage is cut at a word and marked as cut (0.545834ms)
✔ the excerpt shows the sentence the answer rests on, not the chunk opening (0.444542ms)
✔ an excerpt whose opening does support the answer keeps its opening (0.252625ms)
✔ a passage that echoes nothing in the answer falls back to its beginning (0.198458ms)
✔ the excerpt obeys the same length budget as the prefix it replaces (0.355375ms)
✔ the excerpt comes from the published policy, verbatim (3.00425ms)
✔ the excerpt never quotes the document control block or a heading (11.824875ms)
✔ a policy that says nothing the answer echoes yields no excerpt (0.543083ms)
✔ file names are read as document titles (0.913542ms)
✔ elapsed time reads as a duration, never as a raw float (0.84175ms)
✔ every suggested question is a question a desk receives (0.667583ms)
✔ a staffing tally is the label plus a count and nothing else (1.473792ms)
✔ the two readings partition the field, so nothing is lost by the toggle (1.30425ms)
✔ the card summary is the first prose line, never a headcount (0.894417ms)
✔ an entry the workbook left blank says nothing rather than something invented (0.3835ms)
✔ search reads the name and both process fields (0.325208ms)
✔ business totals count what is listed, missing figures included as zero (0.349167ms)
✔ the speed-up refuses to speak when the two columns do not support a claim (0.366417ms)
✔ every assistant line quotes a value the run produced (4.792291ms)
✔ the requester is quoted from the settings, never paraphrased (3.2635ms)
✔ the drafted message reaches the requester verbatim, exactly once (0.44075ms)
✔ a lane with no drafted message closes on the flow’s own outcome wording (1.549167ms)
✔ the classification is read out as the identifier the model returned (0.523709ms)
✔ no technical diagnostic reaches the conversation (0.512709ms)
✔ no bench vocabulary reaches the conversation (0.520708ms)
✔ no privileged action is narrated on a lane that performed none (0.620375ms)
✔ a paused run claims nothing while it waits (1.08525ms)
✔ an answered gate shows the decision that was recorded (0.272ms)
✔ a queue selection with no run yet shows the request alone (0.251334ms)
✔ a System installed before the presets still renders the assistant side (6.496916ms)
✔ timestamps are clock readings, or absent (0.606583ms)
✔ 1 · the reset is recognised, offered, and not started (43.445875ms)
✔ 2 · the press composes the audited case, and never carries the code (6.696708ms)
✔ 2 · the run is read back off the run, line by line (5.201834ms)
✔ 3 · a policy question is answered from the library, with its passage (2.666958ms)
✔ 4 · a planned service plays the customer’s own procedure (17.192458ms)
✔ 4 · approving resumes the walk and closes it; declining changes nothing (95.330083ms)
✔ the turns are one conversation, and the engine names it (4.2285ms)
✔ a new conversation drops the thread and sends none (4.22975ms)
✔ the same demonstration spoken renders the same turns (15.070667ms)
✔ what is spoken aloud is not what is on screen (5.584333ms)
✔ nothing in the demonstration names a provider or a model (8.905541ms)
✔ no turn of the demonstration claims an action it did not take (1.6855ms)
✔ a citation shows the passage the retrieval returned (53.85275ms)
✔ the response numbering wins, and the tool result supplies the text (10.105875ms)
✔ a citation with no chunk id is joined on its file and page (3.153916ms)
✔ a citation nothing can be quoted for is not offered (1.409875ms)
✔ the retrieval window is cut around the sentence the answer used (9.315917ms)
✔ the published policy is preferred over the retrieval window (0.92275ms)
✔ the elapsed time on screen is the wall clock the surface measured (4.32725ms)
✔ the documents a turn needs are named by bare file name (0.436167ms)
✔ the library is called unsupported only once it has been searched (0.345083ms)
✔ an engine that could not be reached says so, and claims nothing (0.445833ms)
✔ a previewed service is played from the catalogue entry the tool returned (10.605833ms)
✔ the family count comes from the catalogue the surface still holds (8.349958ms)
✔ a run the engine started is handed to the screen to follow (1.208042ms)
✔ a turn that started a run does not also play a preview of it (0.481416ms)
✔ the service that runs here is offered, not previewed (0.911709ms)
✔ the offer follows the hint when no tool named the service (0.581042ms)
✔ a service the rollout has not reached is played, never offered (8.223083ms)
✔ a question about the rules never sprouts a button (0.943291ms)
✔ the only service offered is the one this surface can actually launch (0.588208ms)
✔ a listed shortlist is shown as names (0.298792ms)
✔ a tool that refused is quoted refusing, in the engine’s own words (0.234375ms)
✔ nothing rendered names the model or the provider (0.369833ms)
✔ a spoken turn and a typed turn render identically (0.79325ms)
✔ the gateway event is read as a turn, and nothing else is (0.460625ms)
✔ a payload with missing collections still renders (0.625666ms)
✔ the transcript events feed the composer while someone speaks (0.865541ms)
✔ the session id the engine returned is the one the next turn sends (0.35575ms)
✔ the header says which conversation is being remembered (0.253459ms)
✔ the catalogue is projected onto the four columns the tools read (0.306375ms)
✔ the catalogue is capped where the engine caps it (0.411042ms)
✔ an entry the engine could not project round-trips through a preview (1.299667ms)
✔ the hint and the catalogue travel together (0.722083ms)
✔ the room is opened in assistant mode, not merely on the assistant surface (2.032375ms)
✔ the gateway’s echo is what says which loop was started (0.851417ms)
✔ a failed turn is not a lost room (0.841791ms)
✔ a lost room is really lost, and unknown failures are treated as one (1.031167ms)
✔ nothing else is read as a failure of the session (0.106458ms)
✔ what the room says about a failure never reaches the screen (0.204083ms)
✔ the context reaches the room in frames that reassemble into itself (2.52575ms)
✔ a frame stays under the transport’s packet ceiling, accents included (0.84925ms)
✔ a context that fits is still framed, so there is one shape and one path (0.238166ms)
✔ the catalogue the room receives is capped where the engine caps it (1.598541ms)
✔ a frame never splits a surrogate pair (1.359375ms)
✔ the chunk size is the transport’s, not a number the caller invents (0.502042ms)
✔ the remediation entry is not a waiting request (1.519875ms)
✔ dropping that row does not drop the remediation itself (10.777708ms)
✔ no catalogue vocabulary reaches a row (0.432958ms)
✔ an unauthored field is rendered as nothing, never as a stand-in (0.217916ms)
✔ a subject falls back to the request itself, truncated (0.320666ms)
✔ channels read as a service desk writes them (0.22675ms)
✔ arrival times survive both spellings the settings can carry (0.144292ms)
✔ a settings entry that is not an object is treated as absent (0.156959ms)
✔ the catalogue the harness reads is the shipped one (1.545916ms)
✔ the catalogue travels on every turn, hint or no hint (12.425167ms)
✔ a router with no opinion sends no hint at all (4.58625ms)
✔ a hint names a service and says whether it executes here (3.194542ms)
✔ the hint never names a tool (2.699791ms)
✔ requests point at the service they belong to (7.949667ms)
✔ what a microphone actually returns still points at the right service (3.447ms)
✔ the phrasings the tables above did not think of also point somewhere (4.113125ms)
✔ questions about the rules carry no service hint (3.827084ms)
✔ every suggested request carries a hint (1.341958ms)
✔ nothing is hinted when the utterance states no need (0.1855ms)
✔ the live service is the one that runs here (5.809791ms)
✔ a planned service carries their procedure, verbatim (0.855416ms)
✔ a service of the shared pattern reports how many move with it (0.363292ms)
✔ the two proofs are read out of a reply typed any way round (4.267959ms)
✔ a proof that was not given is written as missing, not omitted (0.302417ms)
✔ the case carries the requester’s own words, judged by the System’s prompts (0.318833ms)
✔ no case is composed when the System carries no templates (0.124708ms)
✔ systemIdFromBindingResolve prefers an ok binding and ignores misses (0.978958ms)
✔ the conversation satisfies the step that asks for the request (2.813ms)
✔ the decision is the step where IT checks an approval, and only that one (0.513459ms)
✔ a procedure with no approval step yields no decision (0.20375ms)
✔ a service nobody approves does not claim to have been approved (23.483833ms)
✔ the approvers are the roles the procedure names, in order (5.249125ms)
✔ a named subject is carried into the opening line (0.452792ms)
✔ the opening line takes charge, announces the count and the stop (1.507667ms)
✔ the decision names its step and states that nothing has changed (0.701667ms)
✔ the standing mark says what a preview is and what it is not (0.59425ms)
✔ the workbook still has three services with no written procedure (2.93725ms)
✔ every service in the catalogue produces a playable plan (6.530458ms)
✔ the four suggested requests all reach a plan (13.379542ms)
✔ the pre-fix rule turned dead branches green — the fixtures still catch it (28.204792ms)
✔ nominal projects onto the six steps as documented (1.537084ms)
✔ ambiguous projects onto the six steps as documented (0.324667ms)
✔ ad_unreachable projects onto the six steps as documented (0.2435ms)
✔ ad_unreachable_fallback projects onto the six steps as documented (0.239333ms)
✔ quality_guard projects onto the six steps as documented (0.262333ms)
✔ weak_identity_pending projects onto the six steps as documented (0.213209ms)
✔ weak_identity projects onto the six steps as documented (1.7825ms)
✔ every fixture is covered by the expected table (6.158167ms)
✔ no step claims a privileged action the banner says did not happen (2.501625ms)
✔ a paused run claims no privileged action while it waits (0.752209ms)
✔ each lane resolves to its business outcome code (3.51225ms)
✔ the raw provider error never reaches the screen (1.453916ms)
✔ a short answer is spoken as written (2.09625ms)
✔ a long answer is cut at a sentence, never mid-word (1.438417ms)
✔ citation markers and markdown never reach the ear (0.979042ms)
✔ sources are mentioned only when the answer was shortened (0.189292ms)
✔ a procedure is spoken as a count, not as a list (0.239334ms)
✔ a single step is announced in the singular (0.147917ms)
✔ a service with no documented procedure says nothing extra (0.139666ms)
✔ an offer names the button, and says nothing has started (0.219042ms)
✔ an empty answer is admitted rather than mumbled (0.658167ms)
✔ an outcome keeps more room than a library answer (0.349708ms)
✔ unknown and invalid metrics never become a zero or perfect score (1.425458ms)
✔ timeline preserves parallel execution and does not add durations serially (0.420959ms)
✔ missing and reversed timestamps are not fabricated into intervals (0.980125ms)
✔ pending, failure and unknown platform codes stay readable in both languages (2.97ms)
✔ legacy server errors and limitations resolve without displaying English as French primary copy (0.750167ms)
✔ localized decimal and cost displays preserve missing, zero and positive tiny amounts (49.534208ms)
▶ agent-loop inspector projection
  ✔ parses allowlist lines and drops blanks, dupes, and a 9th slug (3.512875ms)
  ✔ reads a fail-closed envelope when the config bag is thin (0.593166ms)
  ✔ clamps turns and confidence to the pinned envelope (0.207666ms)
  ✔ HumanGate prompt_kind falls back to approve_write (0.204375ms)
  ✔ ITSD overlay starter is Trigger → Agent loop → Human gate → Output with a 1–8 allowlist (1.18175ms)
  ✔ canvas line names the objective, budget, allowlist size and tier (0.550334ms)
  ✔ done_when keeps one criterion per line (2.858917ms)
  ✔ optional budget fields keep cost and a minute deadline or stay unset (18.349625ms)
✔ agent-loop inspector projection (31.278083ms)
✔ every node card exposes an accessible, lock-aware delete control (5.717375ms)
✔ the node trash keeps a 24px hit area that head-row crowding cannot shrink (7.343084ms)
✔ the inspector deletes the selected node through the same store mutation (2.486417ms)
✔ global Delete and Backspace use the interactive-surface guard (7.587167ms)
✔ toolbar keeps palette, inspector, focus, compact and workbench as explicit controls (1.582291ms)
✔ authoring is the default toolbar surface and operating is one disclosure away (8.299792ms)
✔ the runtime manifest is collapsed until asked for and the empty canvas offers one way in (3.417541ms)
✔ the inspector exposes the AgentLoop envelope and a HumanGate that resumes (2.716542ms)
✔ canvas and accessible outline are synchronized FlowStore projections (3.150958ms)
✔ outline connector picker mirrors rendered ports and filters self-loops and primitive mismatches (3.093167ms)
✔ palette search exposes one real combobox/listbox active-descendant contract (1.190959ms)
✔ builder focus mode has a native-fullscreen path and a CSS fallback (0.843375ms)
✔ builder mounts one ephemeral workbench and never exposes it on scratchpad (4.583666ms)
✔ closing the inspector preserves graph selection and later selection reopens it (8.708917ms)
✔ retrieval scope remains a per-node inspector contract (0.70025ms)
✔ version preview is semantic while unloaded rows are explicitly count-only (0.907166ms)
✔ catalog projection is stable and carries usage plus carriers (29.404458ms)
✔ the excluded rows are kept apart from what a Flow may drop (11.817084ms)
✔ loaded-empty and load-error are distinct, and Retry starts a fresh request (2.082666ms)
✔ collection catalogue loads once, merges both payload shapes and sorts unique slugs (59.989292ms)
✔ document catalogue is URL-scoped, paginated, deduplicated and sorted (4.226458ms)
✔ document error is explicit and force retry starts a fresh request (1.065959ms)
✔ workspace transition clears both catalogues and ignores late document responses (1.874542ms)
✔ derived ingress kind mirrors every branch of flow_contracts._ingress_kind (1.633833ms)
✔ a node that is not an executable source has no derived ingress kind (9.764458ms)
✔ ingress kind guard accepts exactly the backend enum (0.478084ms)
✔ schema derived from ports matches flow_contracts._ports_schema (12.990625ms)
✔ no required port means the derived schema omits required entirely (0.34625ms)
✔ condition names report what a Decision predicate reads (2.22525ms)
✔ condition names ignore an operator name hiding inside a string literal (0.265ms)
✔ reference selection waits for draft hydration and never replaces graph state (3.284292ms)
✔ applying a correction never replaces unsaved or saving editor state (0.45075ms)
✔ reference reads are isolated from draft hydration and reject another System (3.068292ms)
✔ scratch Flow Builder draft from A is not restored or copied into B (2.411ms)
✔ ambiguous unsuffixed scratch draft is neutralized in a multi-workspace account (0.25525ms)
✔ untagged legacy scratch draft is not attributed to the last selected workspace (1.522667ms)
✔ valid empty flow draft round-trips without being mistaken for a missing draft (0.379291ms)
✔ malformed scoped draft without an edges array is rejected and quarantined without throwing (0.435125ms)
✔ legacy raw flow requires both graph arrays (0.210417ms)
✔ draft with a null port entry is rejected before renderer hydration (0.213167ms)
✔ connector ids are derived from (nodeId, port), not coordinates (2.209916ms)
✔ source renders no input connector; sink renders no output connector (0.466917ms)
✔ EDGE STABILITY: connector source/target ids are invariant under node move / zoom / pan / resize (0.87625ms)
✔ toConnectionViews resolves to connectors the node actually renders (never dangles) (0.223792ms)
✔ connectorsToEdge round-trips and is order-defensive (0.341584ms)
✔ view → connection → edge round-trip preserves endpoints (0.312041ms)
✔ Decision route handles create canonical branch edges and preserve labels (0.31325ms)
✔ legacy branch edges without from_port bind to their labelled Decision handle (0.247208ms)
✔ with no declared schema the ingress ports name the payload keys (1.880416ms)
✔ a declared schema seeds what it demands and never invents an optional value (1.2175ms)
✔ nothing is prefilled when the entry point is ambiguous or demands nothing (0.280208ms)
✔ Retrieval identity is task-only and supports runtime and Skill aliases (13.13375ms)
✔ per-node collections and document refs normalize without cross-node state (1.950834ms)
✔ persisted refs outside the bounded catalogue remain visible and deselectable (0.339459ms)
✔ persisted Retrieval collections remain visible when absent from the catalogue (0.215375ms)
✔ changing Retrieval collections prunes document refs outside the new scope (2.780834ms)
✔ document multi-select writes explicit collection/document pairs (0.519333ms)
✔ Retrieval picker rejects client scopes beyond the server bounds (1.466834ms)
✔ published Skill execution preview matches the exact node and Skill without changing the draft (0.438417ms)
✔ current Skill lookup remains read-only and distinguishes missing configuration from a pending response (1.533458ms)
✔ Skill lookups reject stale node, Skill, System and workspace responses (2.146666ms)
✔ global node deletion yields to native and ARIA interaction surfaces (1.742667ms)
✔ closest-based guard covers a nested icon inside a button or dialog (0.257709ms)
✔ scratchpad / no manifest → null (empty state) (2.908958ms)
✔ full manifest maps all four facets (0.937083ms)
✔ units chip falls back to unit_catalog length and warns when nothing is operational (0.262084ms)
✔ empty effective-config and missing retrieval → neutral fallbacks (1.197625ms)
✔ failed retrieval decision is toned negative (0.4145ms)
✔ a dropped training node carries its whole spec, unconfigured (7.410167ms)
✔ the two serving nodes drop with the params their own shape needs (0.545958ms)
✔ the inspector summarises a fit by what it predicts, and opens the studio (2.38375ms)
✔ a serving node is configured in the panel, with no dialog in the way (5.541666ms)
✔ choosing a lineage in the inspector is one undoable store write (2.700917ms)
✔ the training workshop is a modal dialog that edits the graph (2.114167ms)
✔ the studio is no-code because the server answers every edit (0.92625ms)
✔ the columns a fit is built from carry their shape, not just their name (2.1735ms)
✔ both training surfaces show the rows the fit will read, in the shared table (1.665667ms)
✔ the split, the folds and the knobs are bounded by the view model (0.774291ms)
✔ a fit in flight reads as work: a live check-list, and a stop (0.543875ms)
✔ the evidence is a score plus what it moved, and names what it registered (1.842542ms)
✔ the dataset a node fits on is picked from a list and pinned by slug (1.578375ms)
✔ a refused fit reaches the author as a sentence, never a raw code (1.9995ms)
✔ a fit is dispatched through the same endpoint the Models page calls (0.403208ms)
✔ the builder mounts one training studio for the selected node (0.959ms)
✔ the rows a fit will read, and the rows a score wrote, use the one table (4.687417ms)
✔ the three model Skills are three roles, and nothing else is one (2.420125ms)
✔ a non-task node bound to a model Skill is not a model node (0.229334ms)
✔ the serving descriptor carries what differs, as data (7.428667ms)
✔ a dropped training node carries every key the _train block projects (1.257792ms)
✔ a dropped serving node carries only the keys its shape reads (0.255167ms)
✔ reading a training node normalises what an author can leave broken (0.745042ms)
✔ a pin is read under either spelling, because both are written (0.269709ms)
✔ reading a serving node keeps a version pin whole or drops it (0.172208ms)
✔ the split and the folds are clamped to what the studio offers (0.182166ms)
✔ an unfinished training node is refused before a round-trip is spent (0.458167ms)
✔ a serving node has to name a model, and a score node a dataset (0.411ms)
✔ the node keeps its own refusals and hands the rest to the model plane (6.978917ms)
✔ every code the model plane can emit resolves to a sentence, not a blank (155.223167ms)
✔ a code nobody named keeps the server’s own words (7.798042ms)
✔ a training node is summarised by what it predicts (0.620375ms)
✔ a serving summary distinguishes following from freezing (0.444917ms)
✔ the picker only offers models that can answer (35.680042ms)
✔ choosing a lineage follows it; pinning a version freezes it (0.258834ms)
✔ every step of a fit has copy in both languages (30.48175ms)
✔ a node_end frame becomes a run summary, badge block included (5.431709ms)
✔ a frame without a node id names nothing and is dropped (0.265791ms)
✔ a settled node with no status reads as completed (0.181667ms)
✔ the badge block refuses values it cannot render (0.212834ms)
✔ a badge block with nothing usable in it is absent, not empty (0.33375ms)
✔ a metric outranks every row count on the same node (42.482125ms)
✔ a transform badge reads as a transition, not as two numbers (0.474ms)
✔ a node that only produced rows shows the count it wrote (0.237417ms)
✔ a single-record prediction counts its answers (0.199375ms)
✔ a node with no data still says how long it took (0.255292ms)
✔ a node that produced neither a figure nor a duration gets no badge (0.179ms)
✔ a running node shows no figure, so the pulse is not contradicted (0.166083ms)
✔ a failed node keeps its figure and is flagged as failed (0.529334ms)
✔ a score keeps the decimals that distinguish two models (0.518875ms)
✔ a metric on the target scale is read as a quantity, not as a score (0.415ms)
✔ a duration never asks the reader to count zeros (0.251291ms)
✔ a model chip names its version, and survives not having one (0.124541ms)
✔ a metric name resolves through the dictionary the model card uses (0.225334ms)
✔ every key a run badge names has FR and EN copy (0.200917ms)
✔ the run service records a node_end and clears the node on node_start (1.37875ms)
✔ a new run and a workspace switch both invalidate every figure (0.484917ms)
✔ the node card renders the badge it is given, and only then (0.380084ms)
✔ the default surface is Capabilities, not the registry (59.8065ms)
✔ the advanced level opens with every category collapsed (23.327292ms)
✔ the structural primitives open themselves only on an empty graph (0.729459ms)
✔ a query switches to one ranked list, announces the remainder and adds on Enter (5.555708ms)
✔ extending a node offers only what connects, and says so when nothing does (2.882083ms)
✔ a dead end names the lever that would release it, and never offers the row (3.600959ms)
✔ an industry an admin actually chose to exclude is not read as an omission (0.812917ms)
✔ the usage signal marks what runs here and what is already in this Flow (1.760167ms)
✔ search ranks the name above the description and requires every token (3.230083ms)
✔ search reaches the taxonomy and the carrying capability, and usage breaks ties (0.896292ms)
✔ capability groups carry every claimant, drop empty ones and end with the uncarried (2.074416ms)
✔ the advanced level keeps the canonical order and renders no empty category (0.344542ms)
✔ the usage shortcut disappears entirely when the workspace has no invocations (0.309792ms)
✔ an exclusion names one lever, and which one (0.216875ms)
✔ a filtered set is summarised per lever, not per reason code (21.28675ms)
✔ the hover detail carries what the row no longer spends a line on (0.548958ms)
✔ atomic promotion POST from A is cancelled before its late B callback (23.352791ms)
✔ successful promotion clears the captured A draft and never the current B slot (2.911667ms)
✔ backend save Subject from A cannot mutate UI state after switching to B (1.963458ms)
✔ Save blocks only hash-bound errors for the current validation result (0.996042ms)
✔ Validate is non-mutating and delegates the exact live revision to the sidecar (12.753875ms)
✔ bound hydration preserves an explicitly empty Flow without a starter fallback (1.086458ms)
✔ P1 hydration uses the server draft and never the System compatibility mirror (1.261167ms)
✔ P1 explicit false contract readiness overrides a raw contract hash (0.857792ms)
✔ P1 hydration barrier clears the previously pinned published contract (1.278958ms)
✔ P1 autosave is revisioned and stores an invalid draft without mutating Publish (2.184791ms)
✔ P1 draft 409 pauses writes and requires an authoritative reload (1.454125ms)
✔ P1 Publish requires rendered diff, release message and breaking acknowledgement (2.077541ms)
✔ P1 migration baseline can be republished with an immutable contract at the same hash (0.779959ms)
✔ malformed bound Flow fails closed instead of becoming an editable scratchpad (7.804833ms)
✔ missing bound flow_definition is a protocol failure, not an empty Flow (0.483459ms)
✔ confirmed Clear pauses autosave and sends one explicit active replacement intent (18.429ms)
✔ active mass import cannot save until a second explicit replacement confirmation (5.555791ms)
✔ late save acknowledgement cannot mark a newer graph revision as saved (9.253166ms)
✔ discard is the only non-save path that releases an import hold (2.21525ms)
✔ failed promotion keeps the local draft and does not navigate away (2.63375ms)
✔ promotion acknowledgement for an older revision preserves the newer draft (1.410209ms)
✔ promotion keeps the draft when the atomic create response cannot prove the Flow (1.240667ms)
✔ shared flow is one-shot and Discard restores the durable workspace draft (2.319083ms)
✔ saving a shared flow consumes its hash so reload cannot reapply it (0.930416ms)
✔ malformed node ports fail closed before bound hydration (0.687875ms)
✔ active rollback options carry the hydrated hash and explicit intent (0.703959ms)
✔ Clear and mass import schedule no autosave while a meta-only edit does (1.61775ms)
✔ Workbench holds a dirty snapshot unsaved and resumes autosave on close (0.892416ms)
✔ stale save acknowledgement schedules exactly one follow-up autosave (0.899583ms)
✔ Decision palette seed is executable and fail-closed by default (2.713166ms)
✔ source and asset without inputs are not offered as targets (0.925291ms)
✔ sink without outputs is not offered as a source but keeps its input handle (2.868042ms)
✔ preconnect chooses the first compatible port, not the first declared port (0.560083ms)
✔ a port-less task uses its rendered implicit connector (0.516375ms)
✔ no compatible rendered port yields neither menu item nor edge (0.611ms)
✔ preconnect from a Decision route creates a labelled branch edge (0.476041ms)
✔ inserting a Decision upstream uses its first route handle as a branch (0.26025ms)
✔ the palette projection seeds an executable recipe node (3.987875ms)
✔ the inspector shows a recipe summary and one way into the workshop (1.440375ms)
✔ the builder mounts one workshop dialog for the selected recipe node (1.053ms)
✔ the workshop is a modal dialog that edits the graph through the store (1.69225ms)
✔ machine failure codes reach the author as localized sentences (1.695375ms)
✔ the shared schema editor speaks the dictionary, not hardcoded English (1.59025ms)
✔ the recipe poll budget outlasts an env build and names its own timeout label (0.882417ms)
✔ the shared code editor lazy-loads CodeMirror and keeps a textarea fallback (0.709084ms)
✔ isPythonRecipeNode matches only task nodes bound to the recipe skill (4.0645ms)
✔ readRecipeParams fills defaults and normalises whatever is unset or malformed (3.2735ms)
✔ recipeWorkshopTestInput seeds the Test tab from node data (0.223125ms)
✔ clampRecipeTimeout mirrors the server window (0.194792ms)
✔ previewRequirements mirrors the server normalisation (comments, dedupe, sort, options) (2.768875ms)
✔ recipeSpecKey identifies the spec by its normalised fingerprint fields only (0.426583ms)
✔ every env and execution status resolves to FR and EN copy (0.529167ms)
✔ the execution timeline projects active, terminal and unknown statuses (0.515292ms)
✔ active statuses are exactly the cancellable ones (1.302625ms)
✔ display helpers stay defensive on absent values (0.669584ms)
✔ workspace reset rejects late trigger, HITL, step and nested getRun responses (30.795541ms)
✔ status: idle → running → done across a clean backend run (29.326292ms)
✔ publication Builder executes the saved server draft, never the published Run endpoint (23.004083ms)
✔ multiple draft ingresses stay ambiguous until the operator chooses one (1.08225ms)
✔ draft test ingress selection supports a sole non-manual adapter (0.338375ms)
✔ draft input modal blocks an ambiguous Flow until a real ingress is selected (2.567042ms)
✔ Decision terminal renders explicit resolution and branch label without values (1.6945ms)
✔ status: trigger failure → error (1.086667ms)
✔ HITL: pause → accept resolves and restarts the stream (6.566583ms)
✔ HITL: reject is forwarded; ignored when no pending gate (2.591208ms)
✔ debug: step then stop drives the debugger (7.479708ms)
✔ debug: continue forwards the live breakpoint set (1.0695ms)
✔ breakpoint debug cannot execute without a selected node (1.889167ms)
✔ breakpoints: add / remove + debug-mode cycle (0.935917ms)
✔ gating: invalid flow blocks the backend launch (3.077916ms)
✔ gating: scratchpad (no systemId) cannot Execute (0.603916ms)
✔ input editor accepts only JSON objects and reserves _debug (0.237041ms)
✔ service-owned debug metadata cannot be injected through a direct Execute call (1.786875ms)
✔ runtime badge accepts the three server modes and only falls back when canonical mode is absent (0.204209ms)
✔ gating: dirty, saving, save error, missing hash and stale manifest all fail closed (0.997209ms)
✔ Execute consumes only a current server validation for the saved hash (0.522125ms)
✔ debug is blocked in sequential legacy while normal Execute stays available (0.874917ms)
✔ 403/409/422 trigger errors stay distinct and keep operator input open (3.216167ms)
✔ authoritative hydration releases a 409 Execute latch even at the same Flow hash (1.267042ms)
✔ simulate: client-side dry run works without a System and skips the backend (2.011834ms)
✔ replay: re-emits the current run checkpoints into the terminal (0.656042ms)
✔ semantic diff detects same-count node kind, port and config changes (3.676458ms)
✔ semantic diff detects edge kind, branch and port changes with equal counts (1.711417ms)
✔ semantic diff treats executable node and edge ordering as observable (5.277375ms)
✔ semantic diff reports additions and removals rather than only count deltas (0.483459ms)
✔ semantic diff distinguishes changed and pinned-but-uncomparable contracts (0.454209ms)
✔ the palette projection seeds a runnable SQL transform node (5.599667ms)
✔ the palette projection seeds a runnable Polars transform node (0.316458ms)
✔ the palette projection seeds a runnable dbt transform node (0.789292ms)
✔ the engine identity is one fact: the palette and the workshop head agree (2.346083ms)
✔ the inspector shows an engine-aware summary and one way into the workshop (1.222708ms)
✔ the builder mounts one workshop for the selected transform node (2.117125ms)
✔ the workshop is a modal dialog that edits the graph through the store (1.395417ms)
✔ a queued run states its phase and can be stopped (0.624042ms)
✔ the libraries panel exists only for the engine that needs a venv (0.74975ms)
✔ a dbt project is authored as files, with the published model badged (0.728792ms)
✔ the dbt verdict is rendered on a refusal, not only on a success (0.804041ms)
✔ a refused program reaches the author as a sentence, never a raw code (1.435209ms)
✔ the preview never persists and never validates client-side (0.563042ms)
✔ the shared code editor lazy-loads each language and its schema completion (0.549291ms)
✔ isSqlTransformNode matches only task nodes bound to the transform skill (5.98325ms)
✔ reading the params falls back to the runnable starter statement (2.746625ms)
✔ reading the params keeps only pins that reference a dataset (5.390334ms)
✔ a legacy slug key on a pin is still resolved (1.1535ms)
✔ view names are duckdb-safe, accent-free and never collide (10.859958ms)
✔ the inspector summary skips the engine's own comment syntax (1.194875ms)
✔ the line count ignores a single trailing newline (0.464416ms)
✔ the preflight only blocks the two refusals an author hits by habit (11.793417ms)
✔ a coded refusal becomes a translated sentence, engine words kept where they help (0.514583ms)
✔ a refusal that names a place carries it, so the cursor can go there (0.725583ms)
✔ a coordinate is validated before it is used to move a caret (0.4945ms)
✔ every refusal code the workshop claims has FR and EN copy (0.537667ms)
✔ the completion schema exposes every name the statement can address (0.324291ms)
✔ the starter statement projects real columns, capped so it stays readable (0.352958ms)
✔ the output name falls back to the node label, then to the caller default (0.119792ms)
✔ the engine is read off the bound skill, and only for authorable nodes (0.202084ms)
✔ a Polars node cannot add libraries; a dbt project can (0.0935ms)
✔ a dropped Polars node carries a runnable script and its environment (0.1755ms)
✔ the program is read from the engine's own params field (0.272625ms)
✔ the timeout clamps to the platform window (0.090042ms)
✔ the Python preflight blocks an empty editor and a missing entry point (0.258792ms)
✔ a worker-side refusal parses back into its code and the author's words (0.216708ms)
✔ the Polars starter script addresses the source by its real name (0.14525ms)
✔ declared libraries drop blanks and comments (0.319584ms)
✔ a dropped dbt node carries a staging model, a mart and a tests file (0.291125ms)
✔ a dbt node with no chosen mart still publishes its last model (1.387417ms)
✔ the file list is the project: models first, the tests gate last (1.455042ms)
✔ editing a file writes to the params path that file lives in (1.158417ms)
✔ renaming a model follows its refs and its publication (1.227292ms)
✔ adding a model chains it onto the published one (0.300833ms)
✔ deleting a model hands the publication over, and the last one is kept (0.245583ms)
✔ publishing another model moves the port and absorbs its dataset tick (0.229125ms)
✔ ticking a model as a sibling dataset is reversible and refuses the port (0.203666ms)
✔ the extra selection survives a rename and a deletion, but not its model (0.275416ms)
✔ the stored extra selection is read deduplicated and without the port (0.22525ms)
✔ a ghost in the extra selection is refused before the round-trip (0.349792ms)
✔ the dbt preflight refuses the project shapes dbt could not compile (2.798083ms)
✔ the dbt starter teaches source(), not the bare relation (1.020875ms)
✔ the build verdict is read off the row on success and on refusal alike (2.432666ms)
✔ a worker-side dbt refusal parses back into its code and its words (0.467917ms)
✔ every engine label the workshop renders has FR and EN copy (0.30025ms)
✔ a preview says which phase it is in, and skips one it will never enter (3.124542ms)
✔ client diagnostics map into the strip vm with node ids (10.05375ms)
✔ clicking a node-scoped row selects the node and emits focusNode (1.398417ms)
✔ clicking a graph-level row (no node id) is inert (1.392375ms)
✔ a known code reads as a sentence naming the node, not as the code (1.308709ms)
✔ an unknown server code falls back to the server sentence, never to a key (3.729541ms)
✔ a node-scoped message with no node falls back rather than showing {name} (0.5065ms)
✔ vm reacts to graph edits (resolving the cycle drops the error) (1.100959ms)
✔ no issues → clean, empty rows, zero counts (1.65525ms)
✔ client issues map to rows; errors group before warnings with counts (2.106375ms)
✔ current server issues are authoritative; identical client preview is deduped (0.346958ms)
✔ node_id null/undefined normalize to null (0.7ms)
✔ fingerprint is deterministic across object key order (3.445291ms)
✔ an edit masks accepted diagnostics synchronously (14.35125ms)
✔ a late response cannot replace diagnostics from the newer request (2.872334ms)
✔ an out-of-order response is ignored even before the newer request resolves (1.353ms)
✔ upstreamOutputs returns only ancestors of the selected node (2.269833ms)
✔ upstreamOutputs excludes self, downstream and parallel non-ancestors (0.422083ms)
✔ upstreamOutputs returns [] for a root node and for unknown selection (0.25975ms)
✔ upstreamOutputs enriches portless nodes from the manifest output_schema (0.521208ms)
✔ upstreamOutputs orders candidates by the supplied topological order (0.333917ms)
✔ filterCompatibleCandidates reuses the primitive-compat rule (0.289458ms)
✔ encode/decode round-trips and variableRefFor builds a typed selector (0.272458ms)
✔ Published pointer identity is separate from current server draft identity (1.261417ms)
✔ exact rollback evidence validates immutable and draft identities and digests (0.543042ms)
✔ server diff summary exposes contract and executable order changes (0.386542ms)
✔ component gates rollback on dual exact evidence and revision-bound fences (1.51625ms)
✔ workbench JSON object parser accepts only a top-level object (2.483834ms)
✔ golden-set parser preserves expected values and enforces the bounded wire contract (0.736958ms)
✔ golden-set parser rejects ambiguous ids and malformed input_ref values (0.325792ms)
✔ isolated-node affordance accepts only task nodes with one coherent Skill slug (0.313458ms)
✔ workbench panel exposes the three preview modes and the unsaved boundary (5.340791ms)
✔ golden matcher is recursive object-partial and array-exact (1.318166ms)
✔ chat input follows the selected ingress schema without synthetic aliases (1.461125ms)
✔ real side-effect acknowledgement is required before validation or dispatch (10.08175ms)
✔ chat validates and hash-binds the exact dirty snapshot without saving it (6.465166ms)
✔ a graph edit during validation fences the request before dispatch (14.358709ms)
✔ multiple ingresses require an explicit stable selection (2.707375ms)
✔ isolated node execution keeps source hash evidence and projects its result (2.501666ms)
✔ golden batch maps server-owned case ids and scores expected output (8.732584ms)
✔ golden polling follows the server queue instead of polling every case concurrently (5.033042ms)
✔ sequential legacy validation fails closed before any workbench endpoint (2.869ms)
✔ golden polling has a distinct one-hour budget without changing interactive polling (371.477333ms)
✔ every Flow revision invalidates completed workbench evidence (1.732083ms)
✔ workspace reset clears workbench evidence and rejects a late validation (0.923666ms)
✔ selection is deterministic and synchronous (inspector updates within one frame) (7.899208ms)
✔ load resets dirty; a manifest write marks dirty; markSaved clears it (3.224584ms)
✔ revision is monotone and a stale save acknowledgement cannot clean a newer edit (1.086625ms)
✔ load and snapshot preserve known and unknown top-level sidecars without graph duplication (1.6225ms)
✔ replaceAsEdit is dirty and undo/redo restores the complete metadata sidecar (1.2045ms)
✔ clear is idempotent for an already empty graph (0.434334ms)
✔ TWO-WAY WIRING: top_k edit writes the exact nested path and round-trips on reload (1.108083ms)
✔ skill param home: config.params.<key> writes + round-trips (PART A.4) (1.221792ms)
✔ undo/redo + connect/disconnect behave as single steps (1.189417ms)
✔ accessible outline reorder shares canonical order and one undo frame with the canvas (0.963209ms)
✔ task deletion cuts incident routes and undo restores the exact graph atomically (0.916583ms)
✔ Skill, Governance and ordinary tasks never reconnect compatible routes (1.635541ms)
✔ deletion preserves pre-existing non-incident routes without synthesising another (0.397625ms)
✔ clear is one revision and undo restores the graph (0.528541ms)
✔ edge identity includes kind, branch label and both ports (0.476042ms)
✔ Decision rename updates config, route handle, default and edges in one undo frame (2.361084ms)
✔ Decision delete removes its routes and default atomically; undo restores all (0.901708ms)
✔ Decision add, reorder and default selection each remain a single mutation (0.797042ms)
✔ two Decision labels may fan out to the same target without deduplication (0.774917ms)
✔ the canonical Skill taxonomy has the exact product order (2.226ms)
✔ the palette section is the catalog category, never re-inferred (0.2735ms)
✔ uncategorised skills stay visible under Other (0.272542ms)
✔ skill projection exposes category/runtime without leaking palette-only top-level fields (4.409458ms)
✔ every trigger type the backend maps to an event is reachable from the palette (0.438041ms)
✔ the visibility verdict and the usage count travel with the palette entry (1.012375ms)
✔ Retrieval taxonomy is persisted as a shared canonical config marker (0.222083ms)
✔ a required Skill param fed by an upstream binding is valid while empty (1.358709ms)
✔ a required Skill param with neither value nor binding stays invalid (0.286875ms)
✔ a supplied value or an optional param is never flagged, whatever the bindings (11.391917ms)
✔ only Skill params read a binding; node config and data keep the plain test (1.403458ms)
✔ binding recognition accepts a typed ref or a legacy path, nothing else (0.826125ms)
✔ routing load failure leaves no invented draft and blocks saving (80.060833ms)
✔ permissions fail closed for configuration, credentials, serving and lifecycle (3.213292ms)
✔ catalog filters provider, task and runtime and preserves explicit empty fallback (2.51ms)
✔ saved Azure metadata pre-fills without exposing or inventing secrets (0.9235ms)
✔ workspace transition purges secrets and rejects stale test targets (3.044083ms)
✔ canonical targets match the selected pair and form input preserves additional defaults (17.688125ms)
✔ test rejects missing acknowledgement, invalid JSON and absent required inputs (3.235334ms)
✔ catalog refresh preserves active test; clearing the selection removes previous result (29.923667ms)
✔ model and token evidence is canonical trace and metrics, never arbitrary output (3.445458ms)
✔ costs distinguish catalog calculation, provider-reported zero and missing measurement (59.15675ms)
✔ unreachable connections stay selectable but carry an explicit warning, including fallback (1.386292ms)
✔ a delayed initial distribution never overwrites a later selected window (0.866375ms)
✔ a slow canonical Run read is allowed to finish without polling cancellation (1104.286291ms)
✔ Skill creation keeps Govern context and model parameters in the query, not the route path (2.549375ms)
✔ invocation evidence links preserve Govern as a query parameter (0.590166ms)
✔ connector configs and app toggles are isolated by active workspace (2.639ms)
✔ CONNECTORS has one generic MCP card, not SAP posting or HIKMA (0.384375ms)
✔ apply requires explicit review and prevents duplicate dispatch while in flight (5.291041ms)
✔ a response from the previous workspace does not change current proposal or emit application (0.430542ms)
✔ restoring a saved proposal selects its diff without applying and rejects another System (0.331083ms)
✔ Run facets track history, merge tab changes and refresh can force store invalidation (23.578375ms)
✔ Run loads its projection when the effective gate activates in the same workspace epoch (2.055291ms)
✔ Experience origins are exact API filters built from safe application slugs (1.455666ms)
✔ non-Experience and malformed origins never reach the Runs API (0.265209ms)
✔ each Run exposes a native keyboard link to its detail (16.513542ms)
✔ the status selector invalidates the visible Runs projection (4.008042ms)
✔ Runs API failures remain distinct from an empty successful list (1.979125ms)
✔ SkillInvocation is a dedicated Run child resource before the generic Run route (825.373209ms)
✔ SkillInvocation facets follow validated deep links and preserve query context on tab changes (20.358708ms)
✔ SkillInvocation loads its projection when the effective gate activates in the same workspace epoch (1.670541ms)
✔ creating a draft requires explicit review and suppresses duplicate sends (9.833917ms)
✔ a late response cannot cross the workspace boundary (1.034375ms)
✔ uncertain generation retries retain their key; changing inputs starts another request (16.469167ms)
✔ uncertain suite execution retries keep the same frozen request and workspace scope (2.464625ms)
✔ reopening a completed BRD job restores its batch without executing again (26.44825ms)
✔ requirement links only use test evidence from this exact BRD proposal (1.9895ms)
✔ the runtime controls are read from the descriptor, not from a local copy (12.535917ms)
✔ the runtime is named in plain words with the raw kind still available (0.696084ms)
✔ a contract cannot be invalid JSON any more, because it is never text (2.185792ms)
✔ preset inputs are a form derived from the wrapped skill own contract (2.437833ms)
✔ a preset value the target contract does not declare is named, not dropped (5.356291ms)
✔ preset inputs written by hand are still checked before they are sent (0.57425ms)
✔ a runtime parameter the descriptor requires blocks the submission (9.6125ms)
✔ switching runtime drops the parameters the previous one owned (0.462833ms)
✔ a preset picks the runtime and proposes the contract, all of it editable (0.630667ms)
✔ a complete draft posts exactly what the workspace decided (6.464083ms)
✔ no capability named means no claim asked for (1.261833ms)
✔ editing the same screens patches the row and never renames the slug (1.572417ms)
✔ a refusal is shown in the server’s own words (1.132916ms)
✔ an imported requirement opens the wizard already filled in (1.273584ms)
✔ the New skill affordance appears only when the server grants skill.admin (9.33775ms)
✔ a Portal model seeds an executable prompt Skill, preserves its model and clears it on provider change (0.646792ms)
✔ the Skill picker excludes non-generative and unconfigured models, and ignores stale workspace responses (2.393542ms)
✔ Portal authoring entry requires the current workspace and server authoring right (1.851042ms)
✔ Run model summaries use recorded resolution and never infer a provider from an arbitrary model name (1.466584ms)
✔ an unknown authoring right fails closed rather than assuming an admin (11.719708ms)
✔ an authored skill lands in the registry and is selected (12.53275ms)
✔ a refused capability claim is said out loud, and the skill is still there (13.557125ms)
✔ edit and delete are offered on the rows this workspace owns, and only those (1.530542ms)
✔ a delete the API refuses is reported in the API own words (0.985042ms)
✔ a delete the API accepts clears the selection and re-reads the list (5.918209ms)
✔ an imported row opens the wizard as a draft rather than creating anything (1.285541ms)
✔ only a capability this workspace owns is offered as a carrier (3.641208ms)
✔ switching workspace withdraws the authoring right until B answers (1.996167ms)
✔ Skill costs distinguish missing, zero and positive amounts below display precision (180.648209ms)
✔ Observed Skill costs never substitute a catalog price or unmeasured default (0.746ms)
✔ Skill view purges A synchronously and only accepts the B reload (21.16875ms)
✔ Skill detail requires both the server editing right and workspace ownership (7.165042ms)
✔ Skill detail edits prompt_template through the existing wizard without losing contracts or params (4.702709ms)
✔ Skill detail edits registry_call through the existing wizard without losing contracts or params (1.121875ms)
✔ Skill detail skips registry loading when only a prompt executor is available and keeps create at Intent (1.7455ms)
✔ Skill detail reports a failed registry load and allows a fresh attempt (0.9935ms)
✔ Skill detail purges editing rights, targets, notices and stale updates on workspace change (4.551208ms)
✔ Skill detail discards a pending edit and old reads when navigating to another Skill (5.729833ms)
✔ review queue inherits scope and ignores a response from the previous scope (12.28ms)
✔ canonical review queue serializes the System and period scope (5.198625ms)
✔ Runner JSON parser rejects malformed, null, arrays and primitives without coercion (4.56075ms)
✔ Systems routing exposes the Runner before the generic System detail route (0.484417ms)
✔ Runner live-state detector keeps polling only for non-terminal Runs (0.741208ms)
✔ an inactive durable session is never executable client-side (6.784584ms)
✔ invalid editor JSON performs zero execute requests (1.194208ms)
✔ execute binds the immutable published version and hash to the request (3.106459ms)
✔ 409 latches published authority until overview and session reload both succeed (2.363625ms)
✔ session changes are fail-closed and a late previous session cannot win (0.649125ms)
✔ workspace reset invalidates an in-flight Runner overview before it can populate state (0.868542ms)
✔ route load resumes the latest durable Runner session (0.673792ms)
✔ a Flow Builder graph with declared ingresses is flow-backed (9.498792ms)
✔ the System Builder form projection keeps its RAG rendering (0.316083ms)
✔ the workspace chat System is never described as a graph (0.175709ms)
✔ variants that already own a bespoke rendering are left alone (0.1975ms)
✔ absent, empty or unauthored graphs fall back to the existing behaviour (0.600792ms)
✔ the server manifest can only narrow the verdict, never open it (0.243584ms)
✔ manifest runtime status is projected onto the matching step (0.287208ms)
✔ publication evidence and scratchpad provenance are surfaced verbatim (0.254541ms)
✔ an unpublished flow-backed System reports the draft badge (0.242875ms)
✔ a source node without config.ingress_kind reports the kind publication derives (0.934625ms)
✔ a source node declaring an unknown ingress kind is not counted as a trigger (0.64225ms)
✔ an explicit rag_mode still wins for systems that are not flow-backed (0.1965ms)
✔ value-loop helpers distinguish simulation, missing measurement and observed evidence (1.781958ms)
✔ value-loop progress advances only through persisted scenario states (0.314458ms)
✔ baseline selector trusts the server eligibility flag and excludes operator, seed and canary runs (1.432792ms)
✔ late value-loop responses are rejected after a workspace, System or request change (0.173375ms)
✔ command ledger reuses an idempotency key across retries and rotates after success or context reset (0.404666ms)
✔ System value-loop visibility is authorized only by the current server Steer projection (0.944042ms)
✔ ChatKnowledge cancels the A write chain before a late response can continue in B (13.26ms)
✔ ChatKnowledge pins and cancels post-save reloads so late A reads cannot repopulate B (4.060125ms)
✔ ChatKnowledge keeps guide writes and their refresh in one cancellable A scope (2.993666ms)
✔ Members displays and sends a manifest-defined non-Andritz entitlement on invite (13.238583ms)
✔ Governance toggle preserves a future active key and saves it unchanged (1.812834ms)
✔ memoizeLayout rebuilds only when the key changes (1.435083ms)
✔ shouldRebuildLayout ignores hover-only input names (0.929208ms)
✔ nearestDayIndex snaps a pointer x onto the closest day (0.27975ms)
✔ placeTooltip flips at the viewport edges and stays inside (5.378417ms)
✔ wrapLabelLines keeps short names and wraps long System names to two lines (2.953083ms)
✔ easeOutProgress lands on 0 and 1 (0.273584ms)
✔ dense layout reproduces the approved scale and stacks stubs under the hours node (3.580667ms)
✔ a single converging source still curves into a lower hours node and is capped (15.292875ms)
✔ stub-only sources render without hours or value nodes (0.295333ms)
✔ truncateLabel keeps short names and ellipsises long ones (0.210792ms)
✔ niceStep picks round gridline steps that give about four lines (1.6525ms)
✔ spreadLabelRows pushes overlapping labels apart inside the plot (2.245584ms)
✔ cubicSmoothPath uses horizontal midpoints between consecutive points (0.822667ms)
✔ cubicSmoothAreaPath closes to a lower band or a baseline (0.717792ms)
✔ sankeyRibbonPath is a cubic band between two node segments (0.311166ms)
✔ radial spoke math matches the approved 30-day clock (0.7025ms)
✔ accumulateStackedSeries builds lower and upper bands per series (1.473417ms)
✔ primary CTA text meets WCAG AA in dark and light themes (1.68925ms)
✔ secondary text meets WCAG AA on cockpit panels (1.759458ms)
✔ secondary text meets WCAG AA on raised surfaces too (0.390833ms)
✔ every cockpit token a component names is a token the theme defines (289.308167ms)
✔ a connection link in a new tab leaves the Skill draft in its current tab (20.208167ms)
✔ every state maps to a painter at both tuned sizes (3.903541ms)
✔ each painter puts ink inside the canvas box (32.829958ms)
✔ dark and light are the same drawing in opposite ink (5.622459ms)
✔ resolving a preset twice hands back the cached tuning (0.214292ms)
✔ renders yields below the ceiling exactly as measured (1.792958ms)
✔ keeps the ceiling itself in full and bounds everything above it (2.822916ms)
✔ renders a missing or unusable measurement as an em dash (0.176458ms)
✔ bounds the ratios observed in production instead of printing them (0.199042ms)
✔ a contract the rows can hold projects with nothing left over (3.2685ms)
✔ writing the rows back preserves the keys the rows never knew about (1.650958ms)
✔ an edit through the rows changes only what it touched (0.282375ms)
✔ a construct no row can hold is named, not flattened (0.328ms)
✔ an empty contract is a clean slate, not a complaint (0.30825ms)
✔ a row with no name is dropped rather than writing an empty key (0.180208ms)
✔ preset inputs are derived from the target contract and typed on the way in (0.46425ms)
✔ numeric columns draw their histogram, normalized to the tallest bucket (2.231791ms)
✔ categorical columns draw their top values instead of a histogram (1.208125ms)
✔ a column with no profile draws nothing rather than a fake baseline (0.250042ms)
✔ a histogram bin with no upper edge still labels its bucket (0.384167ms)
✔ null ratios become whole percentages, and a clean column reports zero (0.911792ms)
✔ only integer and float count as numeric for alignment and histograms (0.628542ms)
✔ every column kind has a header glyph so no column renders unlabelled (0.187125ms)
✔ a numeric profile states counts, then range, then central tendency (0.429875ms)
✔ a categorical profile leaves out the statistics that would be meaningless (0.4605ms)
✔ a clean column still says so, because "no missing values" is a finding (0.365416ms)
✔ a datetime column keeps its range without inventing an average (0.232417ms)
✔ a column with no profile at all offers no facts to open (0.158292ms)
✔ a row count is only stated when it is one (0.298917ms)
✔ top values rank widest first, relative to the most frequent one (0.413833ms)
✔ a high-cardinality column still shows shape, not seven empty slivers (0.163584ms)
✔ a numeric column has no top values, so its popover shows only figures (0.121875ms)
✔ byte sizes read as volumes, keeping a decimal only where it informs (43.389959ms)
✔ a column click replaces, toggles or leaves the selection alone (1.382125ms)
✔ the table states its own shape, so no caller can forget to (8.737042ms)
✔ every icon name used in a template resolves in the registry (97.9365ms)
✔ every icon name declared as data resolves in the registry too (83.864833ms)
✔ no registry key is written in a form the lookup can never reach (0.655667ms)
✔ authoring and confirmation modals own focus, Escape and an accessible name (21.929416ms)
✔ the BRD upload uses a keyboard button and a focusable visually-hidden input (0.521709ms)
✔ shared modal and contextual help keep locale and pointer focus semantics (0.96ms)
✔ AuthStore advances an opaque epoch and resets principal caches atomically (6.417458ms)
ℹ tests 1466
ℹ suites 1
ℹ pass 1466
ℹ fail 0
ℹ cancelled 0
ℹ skipped 0
ℹ todo 0
ℹ duration_ms 20236.94525
