
> agentium@0.1.0 test:unit
> node scripts/run-unit.mjs

✔ POST composes an explicit workspace with an idempotency header (9.55475ms)
✔ 401 refresh retry preserves the active X-Workspace-Slug (370.51225ms)
✔ an explicit workspace header wins over the current workspace and survives retry (122.338917ms)
✔ a wrapped 500 auth error preserves the historical refresh retry (1.875541ms)
✔ concurrent 401 retries preserve the workspace on every queued request (1.894666ms)
✔ HttpClient and direct fetch share one refresh while retaining distinct workspaces (266.039458ms)
✔ a late 401 reuses the token refreshed by an earlier request (3.522875ms)
✔ a failed shared refresh rejects every concurrent request and expires once (6.770875ms)
✔ cancelling the refresh leader does not strand a concurrent follower (3.656667ms)
✔ a started refresh survives cancellation and a later 401 joins it (7.880208ms)
✔ a 401 from the retried business request does not clear the refreshed session (11.725458ms)
✔ a 403 from the retried business request does not clear the refreshed session (2.942375ms)
✔ a 500 from the retried business request does not clear the refreshed session (0.407542ms)
✔ appearance accepts bounded options and never exposes arbitrary CSS or native profiles (17.559042ms)
✔ preview and runtime use the same palette, contrast choice and logo fallback (1.394791ms)
✔ custom mid-tone accents keep readable text at the contrast boundary (0.527625ms)
✔ listSkills keeps the backwards-compatible empty fallback by default (122.930375ms)
✔ listSkills can propagate transport errors to truth-sensitive catalogs (2.699458ms)
✔ listSystems preserves fallback compatibility but can fail closed for Studio (15.995ms)
✔ the shared model catalogue propagates failures and resolves with the explicit System context (2.9265ms)
✔ version history keeps backwards-compatible empty/null fallbacks by default (146.761958ms)
✔ truth-sensitive version history can propagate list and preview failures (1.220625ms)
✔ round-trip: nodes.<id>.data.retrieval_defaults.top_k survives normalize (load) (8.517625ms)
✔ round-trip: annotateSidecars (save path) does not drop node data/config (7.680917ms)
✔ normalize is idempotent for the budget flow (load → snapshot → load fidelity) (90.14675ms)
✔ PART A.4: skill config.params.<key> is the shared home and round-trips (44.25475ms)
✔ validateFlow flags a task node with no skill bound (27.294208ms)
✔ validateFlow accepts a bound skill task with no warnings for it (0.311667ms)
✔ validateFlow rejects duplicate node ids before ambiguous map construction (1.000125ms)
✔ edge identity is structured, collision-free and rejects true duplicates (14.512834ms)
✔ strict Flow requires exactly one explicit output sink (1.265916ms)
✔ Decision condition structural validation accepts the runtime DSL and rejects unsafe syntax (31.391375ms)
✔ validateFlow accepts a fully wired Decision contract (1.65ms)
✔ validateFlow mirrors Decision contract diagnostics (1.442ms)
✔ validateFlow reports unwired Decision routes and foreign branch edges (2.144667ms)
✔ validateFlow pairs fork/join by real reconvergence, not global counts (29.827708ms)
✔ validateFlow accepts a labelled fork whose lanes post-dominate at a join (1.336292ms)
✔ normalize backfills schema_version 3 idempotently (v2 -> v3) (0.262667ms)
✔ normalize infers typed ports from data edges that name a port (idempotent) (0.536125ms)
✔ normalize leaves legacy inputs_map dot-path strings intact (0.165125ms)
✔ validateFlow: port_type_mismatch warns on incompatible primitives only (0.391667ms)
✔ validateFlow: port_type_mismatch silent on numeric widening + portless edges (0.212291ms)
✔ validateFlow: variable_unresolved warns on unknown/non-upstream refs, silent for reserved + legacy (0.416708ms)
✔ VariableRef JSON shape matches the backend strict contract (0.139708ms)
✔ validateFlow rejects the same malformed VariableRefs as the backend (0.208584ms)
✔ strict dot-path conversion refuses empty path segments (0.431333ms)
✔ topoSort returns an order for a DAG and null for a cycle (0.338333ms)
✔ ingress kind typos and inbound source nodes are blocking (0.180125ms)
✔ agent loop requires a turn budget and a compact allowlist (0.182125ms)
✔ loop and retry budgets must be finite positive integers (0.308ms)
✔ every lexicon entry is complete in both languages (30.018875ms)
✔ definitions stay one line of plain language (0.504167ms)
✔ concept ids are unique (0.274166ms)
✔ a forbidden word belongs to exactly one concept (0.649625ms)
✔ the canonical term of a concept is never itself forbidden (0.3415ms)
✔ lookups fall back instead of throwing on an unknown concept (3.051125ms)
✔ the dictionary keeps FR/EN parity across every domain (61.645042ms)
✔ each key lives in the domain module that owns its prefix (84.988666ms)
✔ no key is defined by two domains, so the merge order never decides (14.534208ms)
✔ the interpolation placeholders of a key match across locales (164.676792ms)
✔ the English PR to PO desk does not keep French dossier or terrain (195.481875ms)
✔ LiveKit workspace invalidation suppresses queued data synchronously (32.74725ms)
✔ session.start carries the mode the caller asked the room for (29.266084ms)
✔ a control frame with no dedicated helper travels with its payload intact (0.482958ms)
✔ a framed answer reaches the surface as one whole event (1.225917ms)
✔ a one-frame payload takes the same path as a large one (0.346416ms)
✔ an interrupted push is dropped rather than half-delivered (0.388375ms)
✔ opening a room asks for its mode from the very first hop (137.828583ms)
✔ a rejected LiveKit await after A→B is surfaced as workspace cancellation (7.0375ms)
✔ navigation guard observes V2 after the legacy decision and executes only legacy output (13.523708ms)
✔ an unexpected shadow exception never interrupts legacy navigation (1.17375ms)
✔ a direct legacy decision remains direct even when shadow reports a divergence (0.491709ms)
✔ business profile resolves the Andritz applications in their stable order (141.882792ms)
✔ a partial legacy profile cannot hide an app before the entitlement flag (0.892042ms)
✔ admin keeps the full Agentium shell unless business preview is enabled (5.564375ms)
✔ business allowed paths remain stable inputs for the navigation resolver (1.90225ms)
✔ V2 produces the business shell policy when its workspace flag is enabled (165.404208ms)
✔ app entitlements filter both legacy and V2 profiles and missing grants fail closed (8.008917ms)
✔ NavigationProfile consumes installed app authority when the platform gate is active (9.363667ms)
✔ platform authority never exposes an installed business app without a member grant (4.107875ms)
✔ NavigationProfile never revives the legacy shell when enabled platform authority is invalid (1.861417ms)
✔ business policy matrix is owned once and every destination is terminal (112.862292ms)
✔ business policy keeps the admin shell until preview is explicitly enabled (4.442458ms)
✔ V2 business redirects are executed only by the navigation resolver (16.176583ms)
✔ enabled Workspace App authority redirects every invalid runtime surface to a terminal unavailable shell (35.448792ms)
✔ invalid runtime exposes the isolated repair route only to workspace admins (65.552875ms)
✔ the unavailable page cannot masquerade as workspace state once platform authority is healthy or disabled (82.761708ms)
✔ app entitlements redirect denied business surfaces to an entitled terminal route (38.534667ms)
✔ an unsafe or self-referential business default falls back to chat (13.228584ms)
✔ demo hypervisor resolves once to the configured default route (3.981584ms)
✔ axes v4 owns legacy hypervisor object links and keeps Hypervisor at Portfolio (0.960875ms)
✔ builder + nav v5 sends Portfolio home to /create (D4) (1.278875ms)
✔ legacy focus and tab queries rewrite to the v5 grammar (0.604792ms)
✔ Mission Room fallback and deep links require the workspace extension (68.922166ms)
✔ a stale Mission Room default cannot loop while the extension is disabled (132.035041ms)
✔ business policy resolves a Mission Room deep link directly to its terminal surface (1.355041ms)
✔ demo entry aliases cannot create a self redirect or an Angular alias cycle (0.612667ms)
✔ workspace entrypoint resolves once with an encoded active slug (0.558167ms)
✔ workspace query on a product route activates that tenant (1.039542ms)
✔ workspace deep links activate their tenant before component construction (0.813166ms)
✔ unknown workspace deep links resolve back to the active workspace (0.52275ms)
✔ workspace load failure fallback remains owned by the navigation resolver (0.499916ms)
✔ business policy has deterministic precedence over demo and workspace entrypoints (0.455125ms)
✔ adoption generic home follows the task and retains authorized deep links (9.857583ms)
✔ an unavailable application is never bypassed by the adoption home (1.611542ms)
✔ direct navigation emits one workspace-scoped event without query or fragment (94.450667ms)
✔ explicit redirect keeps the original request, owner and typed reason (6.692584ms)
✔ explicit redirect records the final destination after a chained Angular redirect (19.32ms)
✔ workspace extension rejection emits the resolver-owned audit reason (38.282583ms)
✔ explicit redirect survives a superseded navigation when its replacement wins (15.546167ms)
✔ a superseded redirect cannot leak into a different replacement destination (51.550209ms)
✔ cancelled or failed redirects cannot leak into a later navigation (16.746875ms)
✔ static Angular redirect is inferred from urlAfterRedirects (22.43375ms)
✔ public/auth routes and navigations without a workspace are not emitted (4.786ms)
✔ the first NavigationEnd is safely backfilled after workspace loading (12.176208ms)
✔ privacy and surface helpers redact identifiers and reuse the catalog ids (17.606375ms)
✔ navigation.transition is off unless the workspace opts in (48.659958ms)
✔ navigation.transition records zone, depth and inferred trigger behind the flag (188.552416ms)
✔ popstate navigations classify as history without leaking query text (44.843667ms)
✔ the Flow entry is named after the destination it resolves to (59.0785ms)
✔ destination naming exposes a dedicated key so a locale can override it (7.906917ms)
✔ sections without a dynamic destination keep their catalog naming (26.45725ms)
✔ Client360 stays classified under Operate in the standard admin cockpit (12.727292ms)
✔ Andritz business app catalog keeps its stable routes and API prefixes (7.997583ms)
✔ surface registry owns unique ids and every rail section references it (33.653917ms)
✔ lens changes preserve Capability, System, Run and SkillInvocation identity (273.387542ms)
✔ scope routes retain the real current ancestry (5.894125ms)
✔ object builders use canonical locators and business guards match registered surfaces (111.044167ms)
✔ axes v4 has four object lenses and a distinct Portfolio destination (122.561833ms)
✔ unknown navigation query values never influence the cockpit projection (58.968667ms)
✔ experience studio adds one Create entry and keeps the zone catalogues (2.266ms)
✔ the data plane is one Build entry that owns both of its routes (1.551542ms)
✔ Lot 6 orphan leaves are catalogued (2.27025ms)
✔ legacy query aliases hydrate the canonical grammar (1.392375ms)
✔ nav v5 sommaire has no object-type index outside Create (I1) (1.274083ms)
✔ OBJECT_FACETS lists System descendants used by the sommaire branch (0.354208ms)
✔ a page link keeps lens and ancestry (I3) (11.306916ms)
✔ every catalogued surface route is reachable through a declared route (5.05175ms)
✔ every surface and leaf route is absolute (1.879ms)
✔ planned orphan leaves have a catalog entry (1.01075ms)
✔ every Router path has a catalog entry or a named exemption (499.418792ms)
✔ ObjectPerspectiveStore validates, preloads and caches one invariant four-lens bundle (191.579917ms)
✔ a late server gate revocation purges the projection and refreshes workspace authority (3.897417ms)
✔ concurrent non-force loads share one authoritative four-lens request (9.431208ms)
✔ a newer force refresh wins even when it completes before the older request (2.977916ms)
✔ one snapshot mismatch retries all four reads once in the same request generation (3.146917ms)
✔ a persistent snapshot mismatch fails after one complete retry (3.674416ms)
✔ cache TTL is finite and forceRefresh atomically invalidates a fresh bundle (3.087667ms)
✔ the cache key includes workspace epoch even before a reset notification (3.579458ms)
✔ the cache key includes workspace identity when a slug is recreated in the same epoch (2.35375ms)
✔ logout and a new principal cannot reuse the previous principal cache (4.474209ms)
✔ a late response from principal A is rejected after principal B logs in (2.867875ms)
✔ a late 410 from principal A cannot revoke the projection for principal B (0.771875ms)
✔ a workspace reset rejects late responses and cannot repopulate the cache (1.59425ms)
✔ a late 410 from workspace A cannot revoke the projection in workspace B (66.387042ms)
✔ schema and cross-lens invariant violations never populate the cache (176.663709ms)
✔ a SkillInvocation request without its parent Run fails before an API call (1.157667ms)
✔ a workspace without the setting keeps the Agentium chrome (23.498709ms)
✔ the immersive workspace-app brand never rebrands the platform chrome (0.83825ms)
✔ a label and an emblem together carry the tenant identity (4.620084ms)
✔ a tenant may declare a second artwork for light surfaces (0.604917ms)
✔ the light variant alone never makes a brand whole (0.24225ms)
✔ a malformed or blank light variant falls back to the single emblem (0.505834ms)
✔ half a declaration is refused rather than mixed with our own brand (0.221958ms)
✔ a malformed setting cannot break the chrome (0.152416ms)
✔ the return route is kept only when it is an in-app absolute path (0.589583ms)
✔ a fresh browser follows the operating system (6.87625ms)
✔ an explicit preference on the unified key is honoured (4.574417ms)
✔ the business-shell key is adopted when the unified key is unset (1.139875ms)
✔ the pin's constant dark loses to a real business-shell choice (2.750334ms)
✔ a non-dark unified value outranks the legacy key (1.0715ms)
✔ garbage in either key never escapes the tri-state (0.649291ms)
✔ dispose discards recorder A without emitting a final chunk or endpoint (25.597375ms)
✔ hard stop invalidates a getUserMedia request still arming in workspace A (19.574334ms)
✔ normal endpoint still flushes audio and calls onEndpoint once (24.443542ms)
✔ the direct WebSocket lane carries the assistant mode and its session context (252.004625ms)
✔ the direct lane rejoins a framed answer exactly as the LiveKit lane does (1.413209ms)
✔ voice WebSocket pins the captured workspace query and closes on switch (97.080458ms)
✔ a rejected play promise from workspace A cannot advance or finish the B queue (64.769875ms)
✔ business proof requires a declared and granted primary entitlement (72.09275ms)
✔ business proof never downgrades to a route-only check (0.710958ms)
✔ immersive proof requires an entitlement-free extension boundary (0.8575ms)
✔ immersive proof targets the manifest that owns the Mission Room projection (0.627333ms)
✔ standard proof also fails closed on an unenforced entitlement declaration (0.524792ms)
✔ shadow runtime records a match against the exact legacy redirect decision (667.715083ms)
✔ shadow runtime reports but never applies a divergent legacy decision (34.958ms)
✔ workspace entrypoint blocks a cross-workspace target before slug redaction (18.019917ms)
✔ system capture keeps only equality/presence proofs and never retains its query value (7.175291ms)
✔ system capture blocks a different forwarded System id without retaining either id (6.948375ms)
✔ system capture without the semantic systemId key is an observed divergence (11.266667ms)
✔ unknown runtime configuration is fail-closed evidence instead of a thrown error (18.168042ms)
✔ workspace reset atomically clears reports and rejects late A observations (8.143125ms)
✔ current complete Sentinel payload marks both critical scenarios observed without mutation (12.517917ms)
✔ sealed Mission Room proofs aggregate across workspaces and invalidate on config drift (40.481792ms)
✔ sealed proof does not survive workspace recreation with the same slug and config (16.231375ms)
✔ raw Mission Room observation cannot be resealed after same-id config drift (138.13775ms)
✔ a synthetic projection cannot overwrite an observed runtime divergence (73.356542ms)
✔ Mission Room rejects an old workspace id after same-slug recreation without epoch change (1.573583ms)
✔ Sentinel observation with an absent brand remains invalid and fail-closed (63.810375ms)
✔ Sentinel observation with a primitive brand remains invalid and fail-closed (98.62625ms)
✔ Octocity non-empty brand without style is compared as the Sentinel UI fallback (8.642792ms)
✔ Octocity contradictory brand label is retained only as a private fingerprint input (4.167917ms)
✔ Mission Room brand label/style fields fail closed when present with invalid types (3.977166ms)
✔ Mission Room observation error is preserved as fail-closed evidence (5.41925ms)
✔ Mission Room payload with a slug inconsistent with its scope is ignored (5.543583ms)
✔ registry IDs are unique and deterministically ordered by priority (100.145917ms)
✔ Andritz member keeps the rendered business experience and hard-coded surface order (44.171125ms)
✔ app entitlements filter the V2 business policy in canonical order and fail closed (13.693958ms)
✔ app entitlement payload is ignored until its feature flag is enabled (1.35175ms)
✔ workspace app runtime is a strict no-op while its feature flag is off (21.4085ms)
✔ authoritative business installations own surfaces and routes without legacy fallback (88.598125ms)
✔ authoritative business installations require grants even when the legacy entitlement flag is off (2.077208ms)
✔ three Andritz installations expose four entitled surfaces without a fourth app (3.9265ms)
✔ authoritative Mission Room projection isolates Sentinel and Octocity from crossed legacy terms (3.1845ms)
✔ runtime bootstrap transports the generic provider contract and rejects malformed endpoints (1.371209ms)
✔ enabled platform fails closed to an isolated unavailable shell when runtime authority is absent or invalid (1.698417ms)
✔ invalid runtime keeps the unavailable page terminal and grants only admins the isolated repair route (0.481292ms)
✔ Andritz admin remains standard while admin preview restores business (126.671334ms)
✔ workspace_admin role template is classified as admin (91.31325ms)
✔ unsupported admin shorthand is not broader than WorkspaceService.isAdmin (1.937667ms)
✔ custom primary_surfaces and link/hidden access do not drive legacy shell or routes (7.968834ms)
✔ business compatibility aliases remain route-sensitive and canonical (34.905375ms)
✔ configured business defaults never retain query values in either projection (0.682125ms)
✔ system capture compares semantic query presence without retaining its value or System id (4.979542ms)
✔ observed system capture compares a decoded query to an encoded route segment (0.614708ms)
✔ workspace entrypoint comparison preserves tenant equality without retaining the target slug (8.343ms)
✔ comparator consumes the decision actually observed from NavigationResolverService (1.120875ms)
✔ legacy Showcase portfolio projects standard chrome and all five cockpit verbs (4.181458ms)
✔ Sentinel API observation maps app label separately from assistant and ignores Systems ownership (1.80225ms)
✔ Octocity API observation is selected by settings, never by slug (0.791875ms)
✔ Octocity compatibility defaults are profile-driven after a workspace rename (0.626541ms)
✔ Mission Room compares the effective rendered brand label and style (4.224125ms)
✔ candidate and independent legacy oracle honor Mission Room label as assistant fallback (0.4395ms)
✔ immersive workspace app is scoped to final Mission Room route only (0.720833ms)
✔ overlap precedence composes profiles then workspace app then active business (0.330416ms)
✔ malformed settings and unknown adapters are reported fail-closed without throwing (1.863417ms)
✔ comparator emits sorted canonical paths and explanations require exact triple (3.686666ms)
✔ explanations require complete non-empty governance and exactly one exact match (159.889417ms)
✔ fingerprint is canonical, exact, and changes with any compared value (1.746375ms)
✔ public diffs redact values while the exact raw mismatch still changes the fingerprint (6.305875ms)
✔ MissionNavigation observation detects exact item order but never resolves backend Systems (36.690208ms)
✔ MissionNavigation proof fails closed when items or required app fields are absent or malformed (4.526041ms)
✔ MissionNavigation observation preserves extra keys and duplicates so drift remains visible (40.689542ms)
✔ exported critical matrices are complete and produce parity (32.987667ms)
✔ rollout gate opens only with one current valid observed proof per critical scenario (16.1075ms)
✔ rollout gate blocks wrong versions, stale epoch, unknown adapter and missing MR observation (13.689125ms)
✔ rollout gate blocks an expired explanation and an unexplained divergence (33.271041ms)
✔ rollout gate rejects tampered comparison identities and internally inconsistent statuses (15.686833ms)
✔ scenario key drops query/fragment and canonicalizes dynamic workspace and System segments (0.211875ms)
✔ legacy projection is independent from the exported adapter registry (1.88525ms)
✔ legacy oracle has no structural dependency on candidate registry or policy functions (16.405542ms)
✔ legacy oracle is anchored directly to NavigationProfile, Shell, SideRail and Mission Room UI (12.110583ms)
✔ independent legacy parsing can expose candidate drift instead of producing a synthetic match (5.709708ms)
✔ candidate constant drift cannot move the independent legacy UI oracle (12.148459ms)
✔ the current workspace is captured before dispatch and pinned across a 401 retry (557.265083ms)
✔ an explicit X-Workspace-Slug header wins over requested and current workspaces (1.22125ms)
✔ a repeated 401 is returned after one retry and is never replayed again (0.972125ms)
✔ concurrent direct requests share one refresh exchange (5.375209ms)
✔ an abort during refresh prevents the retry dispatch (3.507167ms)
✔ evaluation context written in workspace A is never read or posted in B (3.724417ms)
✔ ambiguous legacy evaluation context is consumed without adoption (0.308083ms)
✔ a tagged legacy evaluation context migrates only to its origin workspace (0.217084ms)
✔ untagged Settings preferences may migrate for a sole known workspace (48.08825ms)
✔ untagged System drafts are not attributed to the last selected workspace (0.684167ms)
✔ a workspace declares the language its pages open in (41.236125ms)
✔ a workspace that declares nothing gets no opinion (0.233959ms)
✔ a locale the product does not have is not a locale (0.428041ms)
✔ a presentation block that is not a block is ignored, not trusted (0.224084ms)
✔ workspace Chat is not reused when the deep-link slug changes (1.789833ms)
✔ workspace Chat remains reusable inside the same workspace (0.504792ms)
✔ workspace shell is recreated from workspace A settings to workspace B settings (0.528083ms)
✔ hierarchy detail components are recreated when their route-owned id changes (0.276709ms)
✔ Experience Studio editor is recreated when its application id changes (0.35975ms)
✔ unrelated parameterized routes keep Angular default reuse semantics (0.239833ms)
✔ a stale preset list rejects instead of triggering a B fallback for an A id (17.524459ms)
✔ a late maritime snapshot completes without reaching public subscribers (3.743583ms)
✔ HelpService pins A and completes a stale public load without replaying it in B (5.596375ms)
✔ RuntimeHealthService pins A and hides a late A response from signals and subscribers (1.93975ms)
✔ PermissionsService pins A and suppresses a late IAM matrix after A→B (1.684ms)
✔ SystemsStore pins load/getById to A and exposes no late A system in B (12.360584ms)
✔ POST and Run SSE streams use the workspace captured at subscription time (158.7765ms)
✔ a workspace switch aborts an open POST stream without leaking an error frame (1.674875ms)
✔ a workspace switch aborts an open Run stream without a late event (1.257834ms)
✔ WorkspaceViewContext clears A synchronously and reloads only after B is published (4.969125ms)
✔ WorkspaceViewContext rejects a late route id and skips superseded reload epochs (4.744417ms)
✔ runtime entitlement catalog accepts a future key and keeps the four Andritz labels compatible (6.381833ms)
✔ toggling a known entitlement preserves valid active keys absent from the runtime catalog (0.473416ms)
✔ workspace switch clears registered context before publishing one new slug/epoch (211.307708ms)
✔ workspace app platform authority enables member entitlement administration without the legacy flag (8.900708ms)
✔ same-slug workspace recreation invalidates the old identity atomically (6.800834ms)
✔ a late workspace response cannot repopulate context after a switch (42.8015ms)
✔ workspace settings writes can pin an explicit workspace header (16.94275ms)
✔ member administration sends an explicit canonical app entitlement decision (9.585875ms)
✔ a storage write failure cannot split the workspace transaction (15.352042ms)
✔ effective feature revocation is synchronous, same-epoch and idempotent (5.73675ms)
✔ Run deep link resolves the real Capability → System → Run graph and keeps the lens (242.186958ms)
✔ SkillInvocation deep link resolves a runtime leaf without becoming a catalog Skill (24.256875ms)
✔ a catalog Skill is not attached to a Run that never invoked it (24.839209ms)
✔ a Skill configured on the System is still rejected when the selected Run never invoked it (19.468291ms)
✔ a scoped Skill list cannot forge a Skill edge under a Run that never invoked it (28.710541ms)
✔ scoped-list rail clicks are inert while canonical ancestry is still loading (2.586333ms)
✔ global object jumps clear the previous ancestry and UrlTree parsing keeps query separators (103.2925ms)
✔ axes v4 sends Hypervisor to Portfolio while object lenses keep the selected System (22.907834ms)
✔ the selected System path rejects a Run query from another branch (24.319833ms)
✔ an unflagged workspace ignores routed axes and emits legacy object links (3.61625ms)
✔ nav v5 zone sommaire omits ?scope= (I5) (5.9405ms)
✔ Flow builder follows the proven System, else the scratchpad — never session memory (29.339334ms)
✔ parentUrl is the breadcrumb parent (D6) (27.842042ms)
✔ parentUrl of a non-hierarchy object is its catalog list (14.398ms)
✔ workspace reset clears synchronously and ignores the late graph from the old epoch (33.611208ms)
✔ signin presentation is selected by the explicit experience contract (123.936833ms)
✔ legacy Sentinel workspace links keep the same presentation without component slug logic (0.917ms)
✔ unknown profile fails closed to standard and cannot reactivate a legacy alias (3.072375ms)
✔ historical demo-only link preserves its prefilled account (20.306583ms)
✔ Capabilities purges A, reloads B and follows focus across browser history (120.047834ms)
✔ Capability facets follow validated query state and tab changes merge the URL (52.698042ms)
✔ Capability facet routing leaves the historical gate-off behavior unchanged (1.07025ms)
✔ Capability falls back without an error panel when the server revokes its projection (1.017958ms)
✔ Capability loads its projection when the effective gate activates in the same workspace epoch (10.929584ms)
✔ a coverage gap is applied as the tier decision it is, not as 36 toggles (21.626417ms)
✔ the unclaimed group is the only gap that enables skills one by one (1.0685ms)
✔ enabling a hidden capability also lifts the hide that outranks it (0.580958ms)
✔ an app-written override is attributed to its app and cannot be removed here (4.491166ms)
✔ hiding a visible skill and enabling a filtered one write opposite levers (1.417833ms)
✔ the escape-hatch list stays closed until searched (0.625208ms)
✔ a failed write leaves the displayed policy untouched and says so (0.850333ms)
✔ switching workspace purges the coverage and reloads for the new one (1.024ms)
✔ a read-only member sees the report without write affordances (0.989ms)
✔ workspace switch closes the drawer, revokes its blob and ignores later preview data (21.367875ms)
✔ network recovery retains the exact idempotency request and session (85.617083ms)
✔ workspace changes discard late responses and scope changes do not share memory (1.891958ms)
✔ voice oracle timeline only uses registered Lucide icons (29.770667ms)
✔ a late session create from A cannot select, store or render the A session in B (6.207917ms)
✔ a late open-session response from A cannot restore its messages in B (6.977542ms)
✔ evaluation and Deep Search poll responses from A cannot mutate B (4.80375ms)
✔ HITL message polling is unique per session and Run, then refreshes the pending bubble (2.979583ms)
✔ a HITL poll from a conversation left behind cannot mutate the active conversation (2.903833ms)
✔ a late upload response from A cannot start an ephemeral context in B (82.931709ms)
✔ a late A context creation cannot attach its id or documents to B (70.349917ms)
✔ Client360 pins validateMapping -> reload/run to A and cancels the chain on A -> B (90.034667ms)
✔ Client360 pins and cancels every runEngine refresh read before it can mutate B (3.424291ms)
✔ Client360 annuaire selection pre-fills targeting and posts customer_keys on create (1.586ms)
✔ Client360 surfaces dedup outcomes after campaign draft generation (2.149958ms)
✔ Client360 fiche next-due CTA targets the customer with a due window (1.31075ms)
✔ Client360 fiche loads in two phases: payload without AI summary, then async summary merge (1.356291ms)
✔ Client360 pins fiche and summary to one workspace epoch and purges them on switch (1.599833ms)
✔ Client360 fiche pages long lists client-side with show-more increments (13.658958ms)
✔ Client360 landing page collapses alerts to a digest and pages the table (2.122625ms)
✔ Client360 business selections use named keyboard controls instead of clickable rows (25.42225ms)
✔ Client360 pins syncFromCollection to A and cancels refresh on A -> B (3.682917ms)
✔ every Client360 network call is pinned to a workspace epoch and scoped by header (17.803333ms)
✔ classifies live SAP names as read or write without inventing aliases (1.792333ms)
✔ humanizes OData and custom-field names for the catalog (2.300708ms)
✔ groups header and item tools on the same object (249.395209ms)
✔ hostname wins when a credential-file label would swap PR and PO (5.612625ms)
✔ falls back to the attached server id when the host is unknown (0.442792ms)
✔ readiness comes from live tool names, not invented PDF aliases (0.390583ms)
✔ orders the four Nawa servers as the PR to PO showcase (1.679417ms)
✔ only pending and ingesting keep a surface polling (9.309667ms)
✔ every dataset status is classified, so none can silently spin forever (1.690667ms)
✔ each origin gets its own icon so provenance reads without a legend (0.4325ms)
✔ the columns a model wrote are the ones it says it added (0.242083ms)
✔ a dataset nobody scored attributes nothing (0.42025ms)
✔ the credited model names its version, since promoting one changes answers (0.574083ms)
✔ a lineage block that names no model produces no half-written badge (0.322375ms)
✔ a dead link to a dataset says so, and offers the way back (1.415ms)
✔ the detail page badges the scored columns and links back to the card (0.631417ms)
✔ a column header opens its own profile, and only when it has one (10.747417ms)
✔ the profile popover names every statistic it prints, in both languages (0.379167ms)
✔ the surfaces that show a preview tell the table how many rows there are (4.784375ms)
✔ the preview can be walked past the rows the ingest cached (5.6955ms)
✔ the ingest reads as a check-list, not as one line at a time (0.564125ms)
✔ a step from an older worker is refused rather than rendered raw (0.216334ms)
✔ every step has a sentence in both locales, counted and not (0.233458ms)
✔ a scored table reports its own steps, not the ingest’s (0.252792ms)
✔ a bar is a direction, not a rectangle (3.242875ms)
✔ the bars keep the two colours that mean something (0.537375ms)
✔ a bar arrives in rank order, on a delay the arithmetic decides (0.329958ms)
✔ a count and its share are typeset as two different things (0.7835ms)
✔ the matrix says the share its shading encodes (0.245542ms)
✔ the matrix uncovers itself across the diagonal (5.033417ms)
✔ a hovered cell is raised, never recoloured (0.826458ms)
✔ every entrance in the kit yields to a reader who asked for less motion (0.602083ms)
✔ a tooltip does not stand on the curve it is quoting (11.0865ms)
✔ a curve with nothing to draw yields nothing rather than a stray dot (2.377959ms)
✔ a regression fit is scaled to the target’s own units, not the unit square (0.31725ms)
✔ a degenerate domain is padded instead of dividing by zero (0.181625ms)
✔ a ROC’s reference is the diagonal of the box it is drawn in (0.442041ms)
✔ a prevalence level spans the plot, or is refused rather than clamped (0.279291ms)
✔ an identity reference is a series like any other, and is filtered like one (0.591875ms)
✔ a token becomes a colour a canvas can fill with (1.012459ms)
✔ a colour nothing can parse fills with nothing, not with everything (0.185208ms)
✔ the wash under a curve is spent against the line and none of it on the floor (1.469375ms)
✔ a wash nothing can parse is no wash, not an opaque one (1.106875ms)
✔ a reveal starts closed, ends open, and never reverses (0.404209ms)
✔ a reveal with no time to run is already over (1.218875ms)
✔ the confusion matrix is shaded per actual row, not per grand total (0.414417ms)
✔ a malformed or absent matrix renders nothing at all (0.14075ms)
✔ an empty row divides by nothing and stays at zero (5.853625ms)
✔ a cell that holds anything is tinted, and the diagonal is the green one (75.761958ms)
✔ a stagger a reader can follow, on a set of any size (0.982625ms)
✔ a long list compresses its step instead of outstaying its welcome (0.202833ms)
✔ a stagger only ever runs forwards (0.56575ms)
✔ an index past the end of its set waits no longer than the end does (0.137541ms)
✔ viewer stays in Work while reviewer can inspect the Studio inventory (2.163959ms)
✔ contributors and workspace administrators can edit Studio experiences (0.187166ms)
✔ result inspection follows its producing component and respects business navigation (10.540625ms)
✔ a chart with no binding draws the series the document shipped with (196.390667ms)
✔ a run-output binding replaces the series the document shipped with (1.32025ms)
✔ a bound chart follows the run it waits on, not the series it was authored with (0.786459ms)
✔ a binding that resolved to something undrawable shows the empty state (3.231875ms)
✔ a chart reads the fields it was told to read, and label/value when it was told nothing (1.543917ms)
✔ an unrecognised kind draws bars rather than refusing the document (0.994166ms)
✔ a bar carries its share of the base, and only when there is a base (1.22975ms)
✔ a ramp is drawn only when the author said the bands are ordered (1.9795ms)
✔ a donut says what the ring adds up to (63.238541ms)
✔ a donut announces the numbers its canvas hides (2.494042ms)
✔ immutable renderer pins route to distinct catalogs and unknown pins fail closed (6.008125ms)
✔ versioned components keep distinct Angular style scopes (1158.26675ms)
✔ a type the current catalog gained degrades on the renderer a release is pinned to (30.026292ms)
✔ fieldsFromSchema maps string/number/enum/date/boolean/file (107.888083ms)
✔ form presentation localizes copy without changing schema values (1.602542ms)
✔ certified no-code forms reject schema shapes the renderer cannot enforce (2.047417ms)
✔ schema identifiers keep payload keys but expose deterministic business labels (0.451292ms)
✔ selector-free template bindings project common output shapes (0.329542ms)
✔ a chart series scales its bars against the largest value it plots (8.223ms)
✔ a share is only offered for a series that is a whole to take a share of (9.1265ms)
✔ a ramp spans its anchors however many bars the run came back with (46.737625ms)
✔ a ramp between two hues stays a colour instead of passing through grey (0.544417ms)
✔ a palette is opt-in, because a ramp claims an order the data may not have (0.300708ms)
✔ a chart drops rows no bar can honestly stand for (0.449125ms)
✔ over the cap a chart keeps the largest values in the order they arrived (0.23325ms)
✔ an unrecognised chart kind draws bars rather than nothing (0.128833ms)
✔ business results are bounded, nested and humanised without JSON fallback (0.49175ms)
✔ validateValues flags required and invalid numbers, accepts a filled form (0.543334ms)
✔ the authoring catalog creates releases against renderer 0.2 (0.113833ms)
✔ document copy resolves explicit i18n refs with a controlled fallback (0.443333ms)
✔ data/query bindings are closed and selectors cannot traverse prototypes (23.629667ms)
✔ only an uploaded document id is a ready file reference (0.309542ms)
✔ after-success behavior is a closed catalog with safe page ids (3.548375ms)
✔ unknown types fall back; nested page is ignored (0.463917ms)
✔ renderableComponents drops an action_button that duplicates the form submit (27.064833ms)
✔ appearance props persist on a page and a node (1.094375ms)
✔ a width nobody wrote, or wrote wrong, is the whole row (0.323333ms)
✔ each width divides a page row with nothing left over (0.369292ms)
✔ a header keeps its row while the panels of a board may share one (0.110708ms)
✔ the page grid is cut into the tracks the width projection counts (6.09225ms)
✔ the renderer a pinned release draws through never learned about columns (0.3185ms)
✔ custom accents always choose the higher-contrast text colour (1.372958ms)
✔ a11y aria on a button and a form (0.335834ms)
✔ a block that draws nothing on a bad morning is offered the words to say so (0.100834ms)
✔ mapRunStatus uses business vocabulary; citations read output_ref (2.240916ms)
✔ firstManualIngress skips non-manual entries (8.405375ms)
✔ systemHomeBlocker rejects non-actionable one-click homes (12.423125ms)
✔ hasHitlHint reads graph kinds and ingress ids (0.471ms)
✔ compileSystemHome builds form_result from the manual contract (1.817917ms)
✔ compileSystemHome adds approval_card when a hitl hint is present (10.215209ms)
✔ remapSystemHomeBinding keeps the generated source on the replacement key (3.710458ms)
✔ unique identifiers stay within the backend regexes (1.424292ms)
✔ slugify strips accents and punctuation into a url token (26.889417ms)
✔ experienceSlug is a valid API slug and stays unique against taken values (17.468916ms)
✔ a binding key names its System entry point and never collides (0.483291ms)
✔ schema selector options keep no-code authors on compatible output paths (31.163333ms)
✔ wizard bindings hydrate the generated form and add usable extra actions (8.09575ms)
✔ a generated System Home keeps one source action and binds extra actions (1.676042ms)
✔ data-led templates wire their widgets to the linked action output (2.125ms)
✔ data-led templates accept only outputs their generated widgets can render (0.75875ms)
✔ draft payload keeps localized copy dictionaries and references intact (3.296125ms)
✔ bindingSharedWith names the other applications a binding serves (0.788167ms)
✔ release review preserves a groups-only access policy (0.345458ms)
✔ deploying an existing release reviews its immutable snapshot (0.358208ms)
✔ release and rollback requests carry the state reviewed by the author (0.31775ms)
✔ deployment compares the channel head captured when review opens (0.584709ms)
✔ deployment conflicts refresh the CAS heads used by retry (0.264208ms)
✔ wizard metadata updates compare the row version last loaded by the author (0.206542ms)
✔ metadata responses cannot roll the local draft revision backwards (0.178833ms)
✔ draft history restore is append-only, confirmed and revision-safe (0.785416ms)
✔ applyPatch add/remove/rename and undo/redo on the revision stack (0.895417ms)
✔ pages can be added and removed, never below the last one (0.509709ms)
✔ move_component reorders inside a page and stops at the edges (0.396292ms)
✔ ready-check dialog cannot release with blockers or empty notes (0.200167ms)
✔ release review classifies semantic changes and marks user-impacting removals as breaking (5.726ms)
✔ additive release changes do not require a breaking-change acknowledgement (0.879083ms)
✔ publication review compares the exact saved snapshot before enabling release (0.373167ms)
✔ wizard makes creation and workspace-level binding effects explicit (1.024125ms)
✔ wizard refreshes stale System versions without retargeting shared bindings (3.126583ms)
✔ editor invalidates readiness while dirty and fails closed on shared binding catalog errors (0.531167ms)
✔ editor authors localized form copy without rewriting the executable schema (2.003875ms)
✔ editor route work is cancelled and readiness waits for the final queued save (1.131041ms)
✔ editor preserves the Work page context in both directions (0.391875ms)
✔ Work and Studio can roll out independently without breaking legacy workspaces (1.955958ms)
✔ data inspector keeps schema fields and result paths no-code while raw JSON stays advanced (0.787583ms)
✔ dirty or saving editor state blocks route and browser navigation until confirmed (1.118541ms)
✔ editor keyboard history maps Cmd or Ctrl+Z once and leaves form controls alone (0.238042ms)
✔ form binding changes wait for the latest ingress schema and fail closed (0.210792ms)
✔ wizard requires an explicit audience and exposes step semantics (0.256375ms)
✔ catalog failures propagate to distinct retryable states (0.371166ms)
✔ wizard stores published outputs and blocks data-led templates without a compatible source (0.615417ms)
✔ release and deployment remain two explicit actions (0.363625ms)
✔ inventory filters follow live > pilot > draft (0.307583ms)
✔ inventory audience distinguishes groups, open access, and absent draft policy (0.367042ms)
✔ Preview as evaluates access locally without impersonating or loading data (0.337458ms)
✔ reviewers receive a read-only review link for every inventory row (0.335125ms)
✔ viewHref resolves the immutable Work release before a dual-run redirect (133.521625ms)
✔ applying appearance props updates node and page (0.759125ms)
✔ Appearance owns only visual properties while localised copy stays in Content (3.642458ms)
✔ Appearance offers a width to the blocks that may share a row (0.609709ms)
✔ the palette is offered on charts, with the warning that earns the ramp (0.433875ms)
✔ application identity flows through create, metadata edit, and localised a11y authoring (22.537833ms)
✔ assistant patch reject unknown type (3.770167ms)
✔ assistant proposes local patches for empty-state, rename, approval_card (0.8475ms)
✔ the factory cycle is the live Experience binding, not a System API shortcut (13.667667ms)
✔ a cycle may start only when the work binding resolve is ok (8.050709ms)
✔ lineage hrefs stay on the System and the Run (0.416125ms)
✔ the factory portal bridge opens workspace chat on the System (0.785917ms)
✔ factory provenance is the Experience origin on the Run ingress (0.345ms)
✔ security invariant: the browser has no SAP path — no MCP call, no BAPI body (54.945917ms)
✔ the studio node list mirrors the published DAG, one entry per node (193.555667ms)
✔ the launch payload carries only known guardrails and an optional pin (27.975875ms)
✔ a paused run projects to running-until-the-gate with the server calls verbatim (7.927917ms)
✔ a failed node reads as error with the walker message, not a silent skip (1.435667ms)
✔ the gate package comes from hitl.upstream and names every source (173.42375ms)
✔ a zero-price package is flagged the way SAP will refuse it (06/215) (1.321375ms)
✔ settled, busy and decided follow the HITL decision, not only the run status (1.041167ms)
✔ an approved run shows the create + commit pair and the PO number from the gate envelope (6.53375ms)
✔ sealed, blocked and refused writes keep their own verdicts (17.685625ms)
✔ the chat fact sheet is the run: open rows, majority terms, budget, proposal state (22.501625ms)
✔ the chat write dialogue follows the run: preparing → proposing → posting → posted (2.341042ms)
✔ invocation lookup takes the latest row for a node and calls are verbatim JSON (4.848417ms)
✔ launcher redirects when exactly one app is openable (121.682083ms)
✔ live_href on theme is the launch target for dual-run apps (3.704ms)
✔ validations surface from pattern or certified nodes (1.874333ms)
✔ release theme and page links are safe, stable projections (7.637125ms)
✔ studioHref opens the editor and carries safe Work context (16.844333ms)
✔ author roles can edit; locale list keeps fr/en only (0.519208ms)
✔ Work renders the immutable release identity with a legacy fallback (7.913917ms)
✔ all Work chrome stays in business language in both locales (65.092417ms)
✔ runtime copy rendered inside Work stays in business language (4.389125ms)
✔ runtime failures never render raw backend detail to viewers (0.783958ms)
✔ validation loading failures stay distinct from an empty queue and can be retried (0.657125ms)
✔ Work hides Studio actions when authoring is disabled for the workspace (0.854916ms)
✔ Experience governance is reviewer-plus and never broadens contributor access (1.784916ms)
✔ inventory reflects the effective channel and filters business names (27.532792ms)
✔ audit filtering relates lifecycle and binding events to the selected application (108.219541ms)
✔ audiences and drift stay compact governance projections (13.273375ms)
✔ unavailable drift data never renders a healthy zero or green state (2.5225ms)
✔ Govern navigation remains contained and keyboard-reachable on narrow viewports (0.831792ms)
✔ workspace app repair remains directly available to workspace admins (26.281833ms)
✔ invalid runtime sends non-admins to the isolated unavailable page (1.0075ms)
✔ legacy non-admin lifecycle access keeps its governance fallback (2.565542ms)
✔ admin UI performs exact plan/apply and reuses its Idempotency-Key after a failed retry (30.541959ms)
✔ workspace epoch reset atomically clears catalog, pending plan, receipt and retry state (1.537875ms)
✔ a delayed registry response from workspace A cannot replace the loaded workspace B catalog (1.625125ms)
✔ non-admin UI does not call the governance API even when reached directly (6.642083ms)
✔ catalog sorts strict semver and derives only valid authoritative transitions (8.442666ms)
✔ an absent app installs only the latest exact digest and never carries settings or entitlements (0.544667ms)
✔ an installed row whose digest is absent from the registry cannot be uninstalled from the UI (40.60025ms)
✔ response identity rejects an old workspace epoch even when a slug is reused (0.785667ms)
✔ apply retries reuse one key; success and workspace reset retire it (0.695334ms)
✔ a blueprint dry-run remains applicable only for its exact target and choices (55.192292ms)
✔ JSON edits and policy changes invalidate a blueprint plan (0.300875ms)
✔ computes a delta only when both measurements are present (1.706541ms)
✔ counts capabilities independently from any Run aggregate (0.541334ms)
✔ formats numeric impact values without changing the historical display (0.904625ms)
✔ renders descriptive impact values and rejects values that cannot be displayed (0.502375ms)
✔ portfolio value-loop summary preserves real zero risk and measured outcome (4.573542ms)
✔ portfolio value-loop summary never turns missing or unconfigured evidence into zero (0.432584ms)
✔ builds a UTC calendar from naive from/to and does not pad missing days (30.4275ms)
✔ joins sparse buckets by date and never treats absence as not_configured zero (44.281958ms)
✔ partitions hors-denominateur on hours and keeps native units in-denominator (1.460083ms)
✔ runs projection is ink-only, never sums native units, and shares a dot step (0.852833ms)
✔ picks the peak day from measured+declared and marks stale systems (2.065792ms)
✔ sankey widths are run counts and outside systems keep their native outcome (0.514542ms)
✔ rivers stack measured first, then declared by weight with alternating teal tones (2.197792ms)
✔ calendar ticks carry range bounds and ISO weeks without crowding the end (1.139375ms)
✔ week spark collapses the calendar from the end without fabricating cost (66.563666ms)
✔ foldFacts never returns a fabricated zero for a non-available fact (0.551209ms)
✔ sorts register rows with null facts last (15.543792ms)
✔ basis helpers treat status none as unusable (0.863834ms)
✔ ratio stays unset when cost is not measured (12.292958ms)
✔ parseViewsPayload falls back to Direction / Operations / Conformite defaults (32.007291ms)
✔ legacy units denominator is an alias of runs (6.042042ms)
✔ toggle and move keep the rest of the view intact (0.391125ms)
✔ replaceView is a full-list replace of one id (0.357625ms)
✔ workspace reset synchronously purges Capture tenant signals before B is published (31.062084ms)
✔ workspace reset during feed hydration neither mutates B nor opens session A transport (3.652833ms)
✔ a LiveKit connection created after A→B is immediately closed and never falls back (14.975667ms)
✔ a rejected LiveKit open after A→B cannot enter the backend fallback (0.748792ms)
✔ workspace reset invalidates an in-flight finalize recovery before its HTTP POST fallback (10.49075ms)
✔ FSE template plan remains blocked until its System is resolved (4.744833ms)
✔ FSE template exposes three EX70 intervention types with plan seeds (6.112666ms)
✔ equipment_progress applies only to weekly_site and process (0.666042ms)
✔ seed defaults prefill HSE, distribution and site_modifications (0.804084ms)
✔ checkbox_group and equipment_progress fill rules (0.710833ms)
✔ weekLabelFromIsoDate returns ISO week (0.437417ms)
✔ FSE cartouche exposes week and issued_by (0.198417ms)
✔ coerceCaptureTemplate merges intervention_types and field options (0.905333ms)
✔ composePublicationName follows PROJECT-Supervisor-Week (0.34875ms)
✔ pickFseSystem uses template_id then name when no binding (8.355ms)
✔ pickFseSystem prefers a bound id that is still in the list (0.382208ms)
✔ systemIdFromBindingResolve only accepts an ok binding (0.231417ms)
✔ a resolved LiveKit A connection is closed before the consumer can fallback under B (17.897875ms)
✔ workspace reset during microphone enable cannot rearm capture in B (14.586416ms)
✔ command palette drops A index and rejects an old dynamic command after A→B (17.13125ms)
✔ Capability scope hides its own level and routes Systems inside the same ancestry (15.793208ms)
✔ clicking the active mini-rail scope is a strict no-op (1.664916ms)
✔ an unflagged workspace keeps the historical Operate section set (1.219375ms)
✔ the Flow entry reads Scratchpad only while it opens the scratchpad (1.055708ms)
✔ sections other than Flow are named from the catalog whatever the URL (54.730416ms)
✔ axes v4 exposes no object index under the Portfolio-only Hypervisor destination (0.478917ms)
✔ experience studio prepends Business application to the Create catalogues (0.491542ms)
✔ nav v5 Operate sommaire has no object ladder and exposes a System facet branch (I1) (2.203709ms)
✔ breadcrumb renders only graph-proven nodes with their canonical labels and hrefs (37.909958ms)
✔ side rail delegates every lens route to the route-owned navigation projection (22.365791ms)
✔ demo rail uses Mission Room home only when the extension is enabled (1.958333ms)
✔ axes v4 makes Hypervisor the Portfolio home even in a demo workspace (1.321667ms)
✔ experience_v1 Build verb opens the Create hub (1.038083ms)
✔ TitleBar drops A telemetry atomically and reloads only B after a workspace switch (48.194584ms)
✔ TitleBar commits B only after the guarded exit from A succeeds (1.893208ms)
✔ a tenant without a light variant shows the same emblem in both themes (8.426ms)
✔ a declared light variant is swapped in on the light theme, live (10.169417ms)
✔ a workspace with no brand at all keeps the Agentium mark (4.368375ms)
✔ generic provider renders only neutral copy and calls the exact core contracts (15.231041ms)
✔ generic provider purges atomically and rejects every late previous-workspace payload (1.549042ms)
✔ generic provider direct switch delegates only after its old epoch is purged (1.740541ms)
✔ unknown and specialized views never issue provider requests (0.718666ms)
✔ MissionRoom presentation uses runtime authority over crossed legacy settings (140.653541ms)
✔ MissionRoom direct construction stays neutral when enabled runtime authority is invalid (9.332875ms)
✔ MissionRoom observes the authoritative navigation payload only after installing it unchanged (8.362417ms)
✔ MissionRoom neither installs nor observes a navigation response invalidated by A -> B (22.800125ms)
✔ MissionRoom direct rail switch purges tenant state before publishing the next epoch (7.077416ms)
✔ MissionRoom continues the legacy payload flow when shadow observation throws (3.270583ms)
✔ MissionRoom cancels the scoped createAction refresh before late A reads can mutate B (5.056ms)
✔ MissionRoom cancels action and pending-agenda continuations on A -> B (3.159084ms)
✔ MissionRoom startMeeting stays pinned to A and cannot navigate after A -> B (3.171542ms)
✔ MissionRoom cancels visual capture and image hydration before Sentinel can leak into Octocity (3.345541ms)
✔ MissionRoom cancels every agenda write continuation before Sentinel -> Octocity publication (3.455ms)
✔ MissionRoom ignores a delayed search response across sentinel-ci -> octocity-mission-room (1.500208ms)
✔ MissionRoom ignores a delayed search response across octocity-mission-room -> sentinel-ci (1.303875ms)
✔ generic Agentium branding is not classified as the Octocity presentation (0.867083ms)
✔ Mission Room extension keeps the existing route and API contract (25.575167ms)
✔ Sentinel resolves its own brand, assistant and action packs (6.323875ms)
✔ Octocity resolves its own brand, assistant and action packs without Sentinel terms (0.9775ms)
✔ immersive shell is restricted to an enabled demo extension route (0.966041ms)
✔ legacy Sentinel demo profile resolves to the canonical extension profile (0.87025ms)
✔ authoritative Sentinel runtime ignores every tampered Octocity legacy field (1.163167ms)
✔ authoritative Octocity runtime ignores every tampered Sentinel legacy field (0.501416ms)
✔ enabled Workspace App platform never falls back to legacy Mission Room settings (0.226541ms)
✔ generic 1.0 and 1.1 installs stay fail closed without a provider contract (0.706375ms)
✔ generic 1.2 runtime is enabled only by the exact provider contract (2.084166ms)
✔ Octocity last-mile presentation removes every Sentinel vocabulary family (3.799625ms)
✔ presentation is profile-scoped and bounded around the CI token (0.449667ms)
✔ Mission Room extension preserves its exact public route table (2.655083ms)
✔ macro strip renders nothing tenant-branded before its aggregate answers (13.432084ms)
✔ macro strip stays tenant-neutral when the aggregate fails (7.567666ms)
✔ macro strip renders the workspace payload it is actually served (49.013084ms)
✔ every key the serving surfaces name has FR and EN copy (10.290459ms)
✔ the card mounts the Playground on the read it already made (0.961333ms)
✔ the request the Playground sends is MLflow serving shape (0.24325ms)
✔ a card off the serving alias predicts from itself, form and snippet alike (0.932791ms)
✔ an answer shows itself to whoever pressed the button (0.9185ms)
✔ the route and the header are the server’s facts, never retyped in the UI (0.244ms)
✔ the key panel shows a prefix, and the secret only from the mint response (0.369833ms)
✔ a revoked key stays visible, because a demo has to show it stop answering (0.23875ms)
✔ the gauge animates, because the jump is the argument (0.429292ms)
✔ the dial is an instrument: a ramp, a glow, and a point to read it off (0.355209ms)
✔ one property carries the dial’s verdict to everything drawn from it (0.335459ms)
✔ each dial owns the gradient it paints itself with (0.379875ms)
✔ the explanation is asked for explicitly, and only for the one row on screen (0.175667ms)
✔ publishing links into the catalog and carries the model’s provenance (1.064833ms)
✔ the catalog card says which model a published skill answers from (108.620042ms)
✔ the monitoring tab reads the journal and closes the feedback loop (0.53975ms)
✔ the score tiles carry a delta and the comparison tab is mounted (0.291291ms)
✔ the card names the challenger, and takes that fact from the server (0.664917ms)
✔ promotion hands back both halves of the lineage (0.273041ms)
✔ the card says which version it is without opening a tab (0.125375ms)
✔ the hero says what kind of model this is, not only how it was fitted (1.120291ms)
✔ a dead link to a model says so, and offers the way back (0.398292ms)
✔ the card banner is the pipeline, not the version chain (0.298417ms)
✔ the lineage reads forwards, and marks the current and the serving one apart (0.228167ms)
✔ the model card draws its charts from the shared viz kit (0.1985ms)
✔ the curves are chart.js, and they are hoverable, because the elbow is the argument (6.248792ms)
✔ the comparison tab weighs a pair, and never one version against itself (0.31175ms)
✔ a fit reads as a check-list wherever it is watched, and says when it lands (0.377542ms)
✔ only a queued or running fit keeps a surface polling (57.233083ms)
✔ every model status is classified, so none can silently spin forever (23.997542ms)
✔ each algorithm family gets its own icon so the picker reads at a glance (0.458458ms)
✔ a metric is rendered in its own units, never as a bare ratio (122.122042ms)
✔ a missing score reads as absent rather than as a zero (0.277959ms)
✔ a verdict is only given where the metric scale is absolute (0.209208ms)
✔ higher-is-better is stated per metric, not assumed (0.1635ms)
✔ the row score prefers the list payload but falls back to the detail block (0.2115ms)
✔ the best score never ranks one metric against another (5.548834ms)
✔ the best score minimises a metric where lower is better (3.282625ms)
✔ an unfinished or unscored run cannot become the best score (0.585125ms)
✔ importances are normalized against the strongest column of the run (0.686916ms)
✔ a column that hurt the score is flagged, and still sized by magnitude (0.243375ms)
✔ importances are capped so a wide table cannot become the whole card (3.737166ms)
✔ class balance carries the share, which is what makes accuracy readable (0.527084ms)
✔ a knob is clamped the way the backend will clamp it (0.271792ms)
✔ a knob at its auto point reads as “let the estimator decide” (0.808958ms)
✔ knob defaults come from the descriptor, so the form opens where the server would (1.043542ms)
✔ the target picker offers only what can actually be predicted (0.249042ms)
✔ a numeric column stays offered however many values it holds (0.757584ms)
✔ plan columns project into the shared table without losing the profile (1.307291ms)
✔ features default to every column but the target, as the backend does (3.332917ms)
✔ every refusal the backend can raise has a sentence and a field (9.998417ms)
✔ a refusal renders next to the choice that caused it (8.178334ms)
✔ the identifier warning is named, so a leaky column is called out by name (1.691917ms)
✔ a worker error splits into the code the UI can name and the line it cannot (4.899291ms)
✔ a multi-line harness error keeps its tail, which is where the cause is (1.880375ms)
✔ every terminal failure the worker writes has a sentence of its own (0.28825ms)
✔ the form opens on the example the fit carried, not on the contract default (0.24425ms)
✔ with no example the form still opens filled, from the typical row (0.102959ms)
✔ a field with neither example nor default opens empty rather than as "undefined" (0.107042ms)
✔ a numeric box is sent as a number and a cleared box as a hole (0.152708ms)
✔ a numeric field holding text is sent as it was typed, so the refusal names it (0.0915ms)
✔ the gauge is about the positive class, named, not a bare number (0.449375ms)
✔ the dial is measured against the circle a browser actually draws (0.938209ms)
✔ the handle rides the tip of the stroke it terminates (1.187917ms)
✔ a full dial parks its handle a dot short of the pattern, not off the end (0.492584ms)
✔ landing outside the positive class reads as a probability of it, not of the answer (0.29ms)
✔ with no positive class the gauge falls back to how sure the model is (0.343375ms)
✔ a row with nothing to show on the dial draws no dial at all (0.25225ms)
✔ contributions are normalized against the strongest effect on this row (0.406584ms)
✔ the snippet is the request that was just made, key masked to its prefix (0.348416ms)
✔ a card that is not the one serving names its own version, so its form is judged against its own signature (0.11525ms)
✔ the snippet carries the same pin the button used, so a copy reproduces the answer (5.142959ms)
✔ the one response that carried a secret puts it in the snippet verbatim (0.133292ms)
✔ with no key at all the snippet says where one goes rather than looking done (0.1815ms)
✔ a provenance line names the serving version and quotes its score (0.523667ms)
✔ a provenance with no readable score still says which version answers (0.181541ms)
✔ the pipeline banner walks dataset, transform, this version and scored tables (0.316334ms)
✔ a card with only this version is not a pipeline (0.133291ms)
✔ a skill that answers from no model claims no provenance (0.141542ms)
✔ drift bars rank PSI the same way importances rank a feature (0.274375ms)
✔ the AUC trace is two points so the curve kit can draw the drop (0.193333ms)
✔ every coded serving refusal has a sentence of its own (0.15575ms)
✔ a delta is judged by the metric, so a smaller error is an improvement (0.385625ms)
✔ a move too small to mean anything is rendered flat, not as a win (0.084041ms)
✔ with nothing to compare against there is no delta rather than a fake zero (0.073458ms)
✔ a delta is measured against the newest trained version below this one (0.21625ms)
✔ a lineage of one has nothing to measure against (0.084625ms)
✔ a failed retrain never becomes the version a delta is read against (0.09075ms)
✔ the version that serves compares against its contender, not against nothing (0.186083ms)
✔ a version with one below it still compares backwards (0.108083ms)
✔ a lineage of one, and a failed sibling, have nothing worth a table (0.078666ms)
✔ comparison aligns two versions and marks the side each metric favours (0.781833ms)
✔ a metric only one side produced is left out rather than shown as a drop to zero (0.118292ms)
✔ every key the model plane assembles at runtime has FR and EN copy (0.396042ms)
✔ every metric the card can score has a label and a hint in both locales (0.191334ms)
✔ a step brings the count that says how much of the wait is left (0.281916ms)
✔ the check-list follows the step the row claims, and invents none (0.820583ms)
✔ a line that will never tick is not drawn (0.3095ms)
✔ the fold counter is live while the folds run, and never after (0.451916ms)
✔ the row count belongs to the fit, and to no other line (4.167083ms)
✔ every sentence the check-list can render exists in both languages (1.445708ms)
✔ a failed turn leaves the conversation open, and the next one is answered (46.794875ms)
✔ a synthesis failure keeps the room; the answer is already on screen (2.01775ms)
✔ an unreadable frame is survived without a word about it (1.07975ms)
✔ a lost room is given up, so the button means what it says (4.100708ms)
✔ a closed room is given up whatever it said on the way out (0.932792ms)
✔ a request for the live service is offered and nothing is started (11.13425ms)
✔ the identity reply fills the offer instead of reaching the engine (5.141959ms)
✔ the press takes the audited path, and forgets the code (5.155834ms)
✔ a spoken identity fills the same offer, so the press is the same (4.246875ms)
✔ nothing is offered where the workspace has no System to reach (41.5695ms)
✔ pressing again after a failed turn does not open a second room (1.694291ms)
✔ the NAWA transcript announces appended turns and its pending state (10.351958ms)
✔ the retrieval prefix is stripped, the section heading is kept (2.133792ms)
✔ a citation quotes the policy, not the document masthead (3.299417ms)
✔ front matter is never dropped to nothing (0.198542ms)
✔ a long passage is cut at a word and marked as cut (1.089417ms)
✔ the excerpt shows the sentence the answer rests on, not the chunk opening (0.685083ms)
✔ an excerpt whose opening does support the answer keeps its opening (5.256666ms)
✔ a passage that echoes nothing in the answer falls back to its beginning (2.783917ms)
✔ the excerpt obeys the same length budget as the prefix it replaces (5.254958ms)
✔ the excerpt comes from the published policy, verbatim (19.522625ms)
✔ the excerpt never quotes the document control block or a heading (2.616458ms)
✔ a policy that says nothing the answer echoes yields no excerpt (0.549292ms)
✔ file names are read as document titles (3.666708ms)
✔ elapsed time reads as a duration, never as a raw float (0.2745ms)
✔ every suggested question is a question a desk receives (0.317666ms)
✔ a staffing tally is the label plus a count and nothing else (4.72575ms)
✔ the two readings partition the field, so nothing is lost by the toggle (1.970458ms)
✔ the card summary is the first prose line, never a headcount (0.375041ms)
✔ an entry the workbook left blank says nothing rather than something invented (0.463834ms)
✔ search reads the name and both process fields (0.233ms)
✔ business totals count what is listed, missing figures included as zero (0.302583ms)
✔ the speed-up refuses to speak when the two columns do not support a claim (0.354541ms)
✔ every assistant line quotes a value the run produced (7.508583ms)
✔ the requester is quoted from the settings, never paraphrased (2.870583ms)
✔ the drafted message reaches the requester verbatim, exactly once (0.444291ms)
✔ a lane with no drafted message closes on the flow’s own outcome wording (1.968625ms)
✔ the classification is read out as the identifier the model returned (0.543167ms)
✔ no technical diagnostic reaches the conversation (0.563333ms)
✔ no bench vocabulary reaches the conversation (0.369417ms)
✔ no privileged action is narrated on a lane that performed none (1.278042ms)
✔ a paused run claims nothing while it waits (1.52225ms)
✔ an answered gate shows the decision that was recorded (0.292958ms)
✔ a queue selection with no run yet shows the request alone (0.518667ms)
✔ a System installed before the presets still renders the assistant side (0.337292ms)
✔ timestamps are clock readings, or absent (0.699166ms)
✔ 1 · the reset is recognised, offered, and not started (59.007875ms)
✔ 2 · the press composes the audited case, and never carries the code (9.031875ms)
✔ 2 · the run is read back off the run, line by line (6.564667ms)
✔ 3 · a policy question is answered from the library, with its passage (2.19775ms)
✔ 4 · a planned service plays the customer’s own procedure (35.578333ms)
✔ 4 · approving resumes the walk and closes it; declining changes nothing (24.511292ms)
✔ the turns are one conversation, and the engine names it (5.663625ms)
✔ a new conversation drops the thread and sends none (3.044583ms)
✔ the same demonstration spoken renders the same turns (5.377917ms)
✔ what is spoken aloud is not what is on screen (2.276125ms)
✔ nothing in the demonstration names a provider or a model (4.907542ms)
✔ no turn of the demonstration claims an action it did not take (10.698458ms)
✔ a citation shows the passage the retrieval returned (32.152708ms)
✔ the response numbering wins, and the tool result supplies the text (4.383834ms)
✔ a citation with no chunk id is joined on its file and page (0.872583ms)
✔ a citation nothing can be quoted for is not offered (18.436208ms)
✔ the retrieval window is cut around the sentence the answer used (2.2295ms)
✔ the published policy is preferred over the retrieval window (0.484792ms)
✔ the elapsed time on screen is the wall clock the surface measured (7.784125ms)
✔ the documents a turn needs are named by bare file name (0.4365ms)
✔ the library is called unsupported only once it has been searched (1.31525ms)
✔ an engine that could not be reached says so, and claims nothing (4.916791ms)
✔ a previewed service is played from the catalogue entry the tool returned (8.676959ms)
✔ the family count comes from the catalogue the surface still holds (10.465042ms)
✔ a run the engine started is handed to the screen to follow (0.290667ms)
✔ a turn that started a run does not also play a preview of it (0.170583ms)
✔ the service that runs here is offered, not previewed (0.729125ms)
✔ the offer follows the hint when no tool named the service (0.629833ms)
✔ a service the rollout has not reached is played, never offered (4.049833ms)
✔ a question about the rules never sprouts a button (0.162ms)
✔ the only service offered is the one this surface can actually launch (0.451292ms)
✔ a listed shortlist is shown as names (0.208458ms)
✔ a tool that refused is quoted refusing, in the engine’s own words (0.144666ms)
✔ nothing rendered names the model or the provider (0.266458ms)
✔ a spoken turn and a typed turn render identically (0.2195ms)
✔ the gateway event is read as a turn, and nothing else is (0.164208ms)
✔ a payload with missing collections still renders (0.120125ms)
✔ the transcript events feed the composer while someone speaks (0.144ms)
✔ the session id the engine returned is the one the next turn sends (0.145792ms)
✔ the header says which conversation is being remembered (0.1615ms)
✔ the catalogue is projected onto the four columns the tools read (0.218542ms)
✔ the catalogue is capped where the engine caps it (0.3865ms)
✔ an entry the engine could not project round-trips through a preview (0.494667ms)
✔ the hint and the catalogue travel together (1.45425ms)
✔ the room is opened in assistant mode, not merely on the assistant surface (0.238959ms)
✔ the gateway’s echo is what says which loop was started (0.924917ms)
✔ a failed turn is not a lost room (0.499416ms)
✔ a lost room is really lost, and unknown failures are treated as one (0.351875ms)
✔ nothing else is read as a failure of the session (0.10325ms)
✔ what the room says about a failure never reaches the screen (0.128083ms)
✔ the context reaches the room in frames that reassemble into itself (1.098875ms)
✔ a frame stays under the transport’s packet ceiling, accents included (0.637666ms)
✔ a context that fits is still framed, so there is one shape and one path (0.153584ms)
✔ the catalogue the room receives is capped where the engine caps it (20.014083ms)
✔ a frame never splits a surrogate pair (0.471875ms)
✔ the chunk size is the transport’s, not a number the caller invents (0.368375ms)
✔ the remediation entry is not a waiting request (1.813125ms)
✔ dropping that row does not drop the remediation itself (5.877958ms)
✔ no catalogue vocabulary reaches a row (0.491416ms)
✔ an unauthored field is rendered as nothing, never as a stand-in (0.225917ms)
✔ a subject falls back to the request itself, truncated (0.439333ms)
✔ channels read as a service desk writes them (0.309875ms)
✔ arrival times survive both spellings the settings can carry (0.175ms)
✔ a settings entry that is not an object is treated as absent (0.193333ms)
✔ the catalogue the harness reads is the shipped one (1.578917ms)
✔ the catalogue travels on every turn, hint or no hint (32.166375ms)
✔ a router with no opinion sends no hint at all (6.808583ms)
✔ a hint names a service and says whether it executes here (1.396958ms)
✔ the hint never names a tool (1.116708ms)
✔ requests point at the service they belong to (7.98075ms)
✔ what a microphone actually returns still points at the right service (1.814542ms)
✔ the phrasings the tables above did not think of also point somewhere (4.619292ms)
✔ questions about the rules carry no service hint (1.621625ms)
✔ every suggested request carries a hint (1.4225ms)
✔ nothing is hinted when the utterance states no need (0.171625ms)
✔ the live service is the one that runs here (8.982125ms)
✔ a planned service carries their procedure, verbatim (0.925834ms)
✔ a service of the shared pattern reports how many move with it (1.950083ms)
✔ the two proofs are read out of a reply typed any way round (5.115208ms)
✔ a proof that was not given is written as missing, not omitted (0.313917ms)
✔ the case carries the requester’s own words, judged by the System’s prompts (3.791417ms)
✔ no case is composed when the System carries no templates (0.28825ms)
✔ systemIdFromBindingResolve prefers an ok binding and ignores misses (1.04575ms)
✔ the conversation satisfies the step that asks for the request (3.083833ms)
✔ the decision is the step where IT checks an approval, and only that one (0.583ms)
✔ a procedure with no approval step yields no decision (0.201333ms)
✔ a service nobody approves does not claim to have been approved (23.216042ms)
✔ the approvers are the roles the procedure names, in order (8.728833ms)
✔ a named subject is carried into the opening line (0.466458ms)
✔ the opening line takes charge, announces the count and the stop (7.926833ms)
✔ the decision names its step and states that nothing has changed (0.804791ms)
✔ the standing mark says what a preview is and what it is not (0.968125ms)
✔ the workbook still has three services with no written procedure (3.334ms)
✔ every service in the catalogue produces a playable plan (1.497916ms)
✔ the four suggested requests all reach a plan (14.762792ms)
✔ the pre-fix rule turned dead branches green — the fixtures still catch it (9.901ms)
✔ nominal projects onto the six steps as documented (1.82475ms)
✔ ambiguous projects onto the six steps as documented (0.673166ms)
✔ ad_unreachable projects onto the six steps as documented (0.348584ms)
✔ ad_unreachable_fallback projects onto the six steps as documented (0.260708ms)
✔ quality_guard projects onto the six steps as documented (0.218084ms)
✔ weak_identity_pending projects onto the six steps as documented (0.359708ms)
✔ weak_identity projects onto the six steps as documented (2.076084ms)
✔ every fixture is covered by the expected table (0.465625ms)
✔ no step claims a privileged action the banner says did not happen (1.676167ms)
✔ a paused run claims no privileged action while it waits (0.260583ms)
✔ each lane resolves to its business outcome code (1.263958ms)
✔ the raw provider error never reaches the screen (12.104042ms)
✔ a short answer is spoken as written (1.647667ms)
✔ a long answer is cut at a sentence, never mid-word (7.45625ms)
✔ citation markers and markdown never reach the ear (0.684917ms)
✔ sources are mentioned only when the answer was shortened (0.234625ms)
✔ a procedure is spoken as a count, not as a list (0.373375ms)
✔ a single step is announced in the singular (0.236166ms)
✔ a service with no documented procedure says nothing extra (0.230667ms)
✔ an offer names the button, and says nothing has started (0.236542ms)
✔ an empty answer is admitted rather than mumbled (1.05725ms)
✔ an outcome keeps more room than a library answer (0.429958ms)
✔ unknown and invalid metrics never become a zero or perfect score (1.910958ms)
✔ timeline preserves parallel execution and does not add durations serially (0.481959ms)
✔ missing and reversed timestamps are not fabricated into intervals (2.199041ms)
✔ pending, failure and unknown platform codes stay readable in both languages (15.531791ms)
✔ legacy server errors and limitations resolve without displaying English as French primary copy (0.964708ms)
✔ localized decimal and cost displays preserve missing, zero and positive tiny amounts (41.587875ms)
▶ agent-loop inspector projection
  ✔ parses allowlist lines and drops blanks, dupes, and a 9th slug (3.383792ms)
  ✔ reads a fail-closed envelope when the config bag is thin (0.726292ms)
  ✔ clamps turns and confidence to the pinned envelope (0.213083ms)
  ✔ HumanGate prompt_kind falls back to approve_write (0.855083ms)
  ✔ ITSD overlay starter is Trigger → Agent loop → Human gate → Output with a 1–8 allowlist (2.690916ms)
  ✔ canvas line names the objective, budget, allowlist size and tier (5.193291ms)
  ✔ done_when keeps one criterion per line (0.289084ms)
  ✔ optional budget fields keep cost and a minute deadline or stay unset (0.753209ms)
✔ agent-loop inspector projection (20.760958ms)
✔ every node card exposes an accessible, lock-aware delete control (3.53675ms)
✔ the node trash keeps a 24px hit area that head-row crowding cannot shrink (0.893041ms)
✔ the inspector deletes the selected node through the same store mutation (9.994666ms)
✔ global Delete and Backspace use the interactive-surface guard (2.583791ms)
✔ toolbar keeps palette, inspector, focus, compact and workbench as explicit controls (1.627791ms)
✔ authoring is the default toolbar surface and operating is one disclosure away (1.131542ms)
✔ the runtime manifest is collapsed until asked for and the empty canvas offers one way in (4.673917ms)
✔ the inspector exposes the AgentLoop envelope and a HumanGate that resumes (1.165875ms)
✔ canvas and accessible outline are synchronized FlowStore projections (3.170375ms)
✔ outline connector picker mirrors rendered ports and filters self-loops and primitive mismatches (1.814167ms)
✔ palette search exposes one real combobox/listbox active-descendant contract (2.012083ms)
✔ builder focus mode has a native-fullscreen path and a CSS fallback (1.820458ms)
✔ builder mounts one ephemeral workbench and never exposes it on scratchpad (1.273625ms)
✔ closing the inspector preserves graph selection and later selection reopens it (2.784667ms)
✔ retrieval scope remains a per-node inspector contract (0.76725ms)
✔ version preview is semantic while unloaded rows are explicitly count-only (2.9045ms)
✔ catalog projection is stable and carries usage plus carriers (437.380459ms)
✔ the excluded rows are kept apart from what a Flow may drop (31.817208ms)
✔ loaded-empty and load-error are distinct, and Retry starts a fresh request (4.271042ms)
✔ collection catalogue loads once, merges both payload shapes and sorts unique slugs (150.025417ms)
✔ document catalogue is URL-scoped, paginated, deduplicated and sorted (2.090334ms)
✔ document error is explicit and force retry starts a fresh request (0.774708ms)
✔ workspace transition clears both catalogues and ignores late document responses (0.807958ms)
✔ derived ingress kind mirrors every branch of flow_contracts._ingress_kind (1.810042ms)
✔ a node that is not an executable source has no derived ingress kind (0.216667ms)
✔ ingress kind guard accepts exactly the backend enum (0.173875ms)
✔ schema derived from ports matches flow_contracts._ports_schema (3.274709ms)
✔ no required port means the derived schema omits required entirely (0.260292ms)
✔ condition names report what a Decision predicate reads (0.585667ms)
✔ condition names ignore an operator name hiding inside a string literal (0.4415ms)
✔ reference selection waits for draft hydration and never replaces graph state (4.53825ms)
✔ applying a correction never replaces unsaved or saving editor state (1.229125ms)
✔ reference reads are isolated from draft hydration and reject another System (8.271583ms)
✔ scratch Flow Builder draft from A is not restored or copied into B (2.552417ms)
✔ ambiguous unsuffixed scratch draft is neutralized in a multi-workspace account (0.250417ms)
✔ untagged legacy scratch draft is not attributed to the last selected workspace (5.784292ms)
✔ valid empty flow draft round-trips without being mistaken for a missing draft (0.4005ms)
✔ malformed scoped draft without an edges array is rejected and quarantined without throwing (0.442292ms)
✔ legacy raw flow requires both graph arrays (0.188958ms)
✔ draft with a null port entry is rejected before renderer hydration (0.363583ms)
✔ connector ids are derived from (nodeId, port), not coordinates (4.929458ms)
✔ source renders no input connector; sink renders no output connector (0.519292ms)
✔ EDGE STABILITY: connector source/target ids are invariant under node move / zoom / pan / resize (0.989583ms)
✔ toConnectionViews resolves to connectors the node actually renders (never dangles) (1.237625ms)
✔ connectorsToEdge round-trips and is order-defensive (0.643541ms)
✔ view → connection → edge round-trip preserves endpoints (0.797083ms)
✔ Decision route handles create canonical branch edges and preserve labels (0.411125ms)
✔ legacy branch edges without from_port bind to their labelled Decision handle (0.265292ms)
✔ with no declared schema the ingress ports name the payload keys (1.50725ms)
✔ a declared schema seeds what it demands and never invents an optional value (3.876375ms)
✔ nothing is prefilled when the entry point is ambiguous or demands nothing (0.394875ms)
✔ Retrieval identity is task-only and supports runtime and Skill aliases (14.857667ms)
✔ per-node collections and document refs normalize without cross-node state (7.862709ms)
✔ persisted refs outside the bounded catalogue remain visible and deselectable (0.654917ms)
✔ persisted Retrieval collections remain visible when absent from the catalogue (0.314166ms)
✔ changing Retrieval collections prunes document refs outside the new scope (0.459667ms)
✔ document multi-select writes explicit collection/document pairs (0.771625ms)
✔ Retrieval picker rejects client scopes beyond the server bounds (4.863292ms)
✔ published Skill execution preview matches the exact node and Skill without changing the draft (0.492ms)
✔ current Skill lookup remains read-only and distinguishes missing configuration from a pending response (5.433417ms)
✔ Skill lookups reject stale node, Skill, System and workspace responses (0.790709ms)
✔ global node deletion yields to native and ARIA interaction surfaces (26.260375ms)
✔ closest-based guard covers a nested icon inside a button or dialog (1.145292ms)
✔ scratchpad / no manifest → null (empty state) (2.046083ms)
✔ full manifest maps all four facets (0.724458ms)
✔ units chip falls back to unit_catalog length and warns when nothing is operational (0.328125ms)
✔ empty effective-config and missing retrieval → neutral fallbacks (4.595542ms)
✔ failed retrieval decision is toned negative (0.370916ms)
✔ a dropped training node carries its whole spec, unconfigured (32.564333ms)
✔ the two serving nodes drop with the params their own shape needs (10.56275ms)
✔ the inspector summarises a fit by what it predicts, and opens the studio (6.197ms)
✔ a serving node is configured in the panel, with no dialog in the way (7.554083ms)
✔ choosing a lineage in the inspector is one undoable store write (1.972791ms)
✔ the training workshop is a modal dialog that edits the graph (13.920291ms)
✔ the studio is no-code because the server answers every edit (1.639125ms)
✔ the columns a fit is built from carry their shape, not just their name (189.849792ms)
✔ both training surfaces show the rows the fit will read, in the shared table (39.2315ms)
✔ the split, the folds and the knobs are bounded by the view model (11.806583ms)
✔ a fit in flight reads as work: a live check-list, and a stop (45.62225ms)
✔ the evidence is a score plus what it moved, and names what it registered (5.356625ms)
✔ the dataset a node fits on is picked from a list and pinned by slug (0.969667ms)
✔ a refused fit reaches the author as a sentence, never a raw code (113.83775ms)
✔ a fit is dispatched through the same endpoint the Models page calls (234.074291ms)
✔ the builder mounts one training studio for the selected node (683.485625ms)
✔ the rows a fit will read, and the rows a score wrote, use the one table (166.9415ms)
✔ the three model Skills are three roles, and nothing else is one (2.423ms)
✔ a non-task node bound to a model Skill is not a model node (3.549708ms)
✔ the serving descriptor carries what differs, as data (215.606ms)
✔ a dropped training node carries every key the _train block projects (1.32325ms)
✔ a dropped serving node carries only the keys its shape reads (0.268167ms)
✔ reading a training node normalises what an author can leave broken (0.601375ms)
✔ a pin is read under either spelling, because both are written (1.291583ms)
✔ reading a serving node keeps a version pin whole or drops it (15.039875ms)
✔ the split and the folds are clamped to what the studio offers (2.769375ms)
✔ an unfinished training node is refused before a round-trip is spent (0.825291ms)
✔ a serving node has to name a model, and a score node a dataset (1.1075ms)
✔ the node keeps its own refusals and hands the rest to the model plane (18.422709ms)
✔ every code the model plane can emit resolves to a sentence, not a blank (686.802209ms)
✔ a code nobody named keeps the server’s own words (12.476875ms)
✔ a training node is summarised by what it predicts (0.588709ms)
✔ a serving summary distinguishes following from freezing (0.5705ms)
✔ the picker only offers models that can answer (89.159625ms)
✔ choosing a lineage follows it; pinning a version freezes it (0.697458ms)
✔ every step of a fit has copy in both languages (231.152042ms)
✔ a node_end frame becomes a run summary, badge block included (19.785125ms)
✔ a frame without a node id names nothing and is dropped (0.2655ms)
✔ a settled node with no status reads as completed (0.186042ms)
✔ the badge block refuses values it cannot render (0.196375ms)
✔ a badge block with nothing usable in it is absent, not empty (0.193417ms)
✔ a metric outranks every row count on the same node (275.671167ms)
✔ a transform badge reads as a transition, not as two numbers (0.568916ms)
✔ a node that only produced rows shows the count it wrote (0.322541ms)
✔ a single-record prediction counts its answers (0.22425ms)
✔ a node with no data still says how long it took (0.293666ms)
✔ a node that produced neither a figure nor a duration gets no badge (0.685042ms)
✔ a running node shows no figure, so the pulse is not contradicted (0.22275ms)
✔ a failed node keeps its figure and is flagged as failed (0.200917ms)
✔ a score keeps the decimals that distinguish two models (3.228209ms)
✔ a metric on the target scale is read as a quantity, not as a score (0.586875ms)
✔ a duration never asks the reader to count zeros (0.34825ms)
✔ a model chip names its version, and survives not having one (0.155417ms)
✔ a metric name resolves through the dictionary the model card uses (0.248542ms)
✔ every key a run badge names has FR and EN copy (0.178ms)
✔ the run service records a node_end and clears the node on node_start (1.601708ms)
✔ a new run and a workspace switch both invalidate every figure (0.378458ms)
✔ the node card renders the badge it is given, and only then (0.452292ms)
✔ the default surface is Capabilities, not the registry (51.198708ms)
✔ the advanced level opens with every category collapsed (1.099209ms)
✔ the structural primitives open themselves only on an empty graph (0.569333ms)
✔ a query switches to one ranked list, announces the remainder and adds on Enter (1.588375ms)
✔ extending a node offers only what connects, and says so when nothing does (1.048166ms)
✔ a dead end names the lever that would release it, and never offers the row (0.945542ms)
✔ an industry an admin actually chose to exclude is not read as an omission (0.367083ms)
✔ the usage signal marks what runs here and what is already in this Flow (0.823333ms)
✔ search ranks the name above the description and requires every token (119.777542ms)
✔ search reaches the taxonomy and the carrying capability, and usage breaks ties (0.648ms)
✔ capability groups carry every claimant, drop empty ones and end with the uncarried (1.965208ms)
✔ the advanced level keeps the canonical order and renders no empty category (0.345417ms)
✔ the usage shortcut disappears entirely when the workspace has no invocations (0.264125ms)
✔ an exclusion names one lever, and which one (0.244417ms)
✔ a filtered set is summarised per lever, not per reason code (137.16625ms)
✔ the hover detail carries what the row no longer spends a line on (15.483167ms)
✔ atomic promotion POST from A is cancelled before its late B callback (26.862083ms)
✔ successful promotion clears the captured A draft and never the current B slot (3.113542ms)
✔ backend save Subject from A cannot mutate UI state after switching to B (2.160333ms)
✔ Save blocks only hash-bound errors for the current validation result (2.429458ms)
✔ Validate is non-mutating and delegates the exact live revision to the sidecar (2.814459ms)
✔ bound hydration preserves an explicitly empty Flow without a starter fallback (0.86425ms)
✔ P1 hydration uses the server draft and never the System compatibility mirror (1.021625ms)
✔ P1 explicit false contract readiness overrides a raw contract hash (0.705208ms)
✔ P1 hydration barrier clears the previously pinned published contract (0.794666ms)
✔ P1 autosave is revisioned and stores an invalid draft without mutating Publish (1.3765ms)
✔ P1 draft 409 pauses writes and requires an authoritative reload (1.3675ms)
✔ P1 Publish requires rendered diff, release message and breaking acknowledgement (9.254ms)
✔ P1 migration baseline can be republished with an immutable contract at the same hash (1.090875ms)
✔ malformed bound Flow fails closed instead of becoming an editable scratchpad (0.77575ms)
✔ missing bound flow_definition is a protocol failure, not an empty Flow (0.406583ms)
✔ confirmed Clear pauses autosave and sends one explicit active replacement intent (1.187875ms)
✔ active mass import cannot save until a second explicit replacement confirmation (0.92025ms)
✔ late save acknowledgement cannot mark a newer graph revision as saved (0.868ms)
✔ discard is the only non-save path that releases an import hold (0.700208ms)
✔ failed promotion keeps the local draft and does not navigate away (0.9335ms)
✔ promotion acknowledgement for an older revision preserves the newer draft (0.752458ms)
✔ promotion keeps the draft when the atomic create response cannot prove the Flow (0.986167ms)
✔ shared flow is one-shot and Discard restores the durable workspace draft (6.885959ms)
✔ saving a shared flow consumes its hash so reload cannot reapply it (0.842208ms)
✔ malformed node ports fail closed before bound hydration (0.375125ms)
✔ active rollback options carry the hydrated hash and explicit intent (0.408917ms)
✔ Clear and mass import schedule no autosave while a meta-only edit does (1.296875ms)
✔ Workbench holds a dirty snapshot unsaved and resumes autosave on close (8.956167ms)
✔ stale save acknowledgement schedules exactly one follow-up autosave (3.953666ms)
✔ Decision palette seed is executable and fail-closed by default (23.306542ms)
✔ source and asset without inputs are not offered as targets (4.3965ms)
✔ sink without outputs is not offered as a source but keeps its input handle (14.945125ms)
✔ preconnect chooses the first compatible port, not the first declared port (15.42325ms)
✔ a port-less task uses its rendered implicit connector (0.455208ms)
✔ no compatible rendered port yields neither menu item nor edge (0.894666ms)
✔ preconnect from a Decision route creates a labelled branch edge (0.324667ms)
✔ inserting a Decision upstream uses its first route handle as a branch (2.239875ms)
✔ the palette projection seeds an executable recipe node (17.842084ms)
✔ the inspector shows a recipe summary and one way into the workshop (6.082375ms)
✔ the builder mounts one workshop dialog for the selected recipe node (3.149291ms)
✔ the workshop is a modal dialog that edits the graph through the store (14.749583ms)
✔ machine failure codes reach the author as localized sentences (8.450417ms)
✔ the shared schema editor speaks the dictionary, not hardcoded English (1.337458ms)
✔ the recipe poll budget outlasts an env build and names its own timeout label (0.967541ms)
✔ the shared code editor lazy-loads CodeMirror and keeps a textarea fallback (0.947083ms)
✔ isPythonRecipeNode matches only task nodes bound to the recipe skill (6.424542ms)
✔ readRecipeParams fills defaults and normalises whatever is unset or malformed (3.203625ms)
✔ recipeWorkshopTestInput seeds the Test tab from node data (0.67425ms)
✔ clampRecipeTimeout mirrors the server window (0.231375ms)
✔ previewRequirements mirrors the server normalisation (comments, dedupe, sort, options) (12.801416ms)
✔ recipeSpecKey identifies the spec by its normalised fingerprint fields only (1.953584ms)
✔ every env and execution status resolves to FR and EN copy (0.3775ms)
✔ the execution timeline projects active, terminal and unknown statuses (0.424125ms)
✔ active statuses are exactly the cancellable ones (0.220792ms)
✔ display helpers stay defensive on absent values (0.582333ms)
✔ workspace reset rejects late trigger, HITL, step and nested getRun responses (36.266083ms)
✔ status: idle → running → done across a clean backend run (4.240125ms)
✔ publication Builder executes the saved server draft, never the published Run endpoint (3.841417ms)
✔ multiple draft ingresses stay ambiguous until the operator chooses one (0.320292ms)
✔ draft test ingress selection supports a sole non-manual adapter (0.218709ms)
✔ draft input modal blocks an ambiguous Flow until a real ingress is selected (1.82575ms)
✔ Decision terminal renders explicit resolution and branch label without values (1.072334ms)
✔ status: trigger failure → error (2.910292ms)
✔ HITL: pause → accept resolves and restarts the stream (3.503041ms)
✔ HITL: reject is forwarded; ignored when no pending gate (7.458583ms)
✔ debug: step then stop drives the debugger (2.092833ms)
✔ debug: continue forwards the live breakpoint set (5.811708ms)
✔ breakpoint debug cannot execute without a selected node (2.882667ms)
✔ breakpoints: add / remove + debug-mode cycle (2.357625ms)
✔ gating: invalid flow blocks the backend launch (1.255334ms)
✔ gating: scratchpad (no systemId) cannot Execute (0.875292ms)
✔ input editor accepts only JSON objects and reserves _debug (0.294417ms)
✔ service-owned debug metadata cannot be injected through a direct Execute call (0.530417ms)
✔ runtime badge accepts the three server modes and only falls back when canonical mode is absent (0.219417ms)
✔ gating: dirty, saving, save error, missing hash and stale manifest all fail closed (1.55475ms)
✔ Execute consumes only a current server validation for the saved hash (0.693125ms)
✔ debug is blocked in sequential legacy while normal Execute stays available (0.579167ms)
✔ 403/409/422 trigger errors stay distinct and keep operator input open (1.947917ms)
✔ authoritative hydration releases a 409 Execute latch even at the same Flow hash (4.066875ms)
✔ simulate: client-side dry run works without a System and skips the backend (3.407666ms)
✔ replay: re-emits the current run checkpoints into the terminal (1.103042ms)
✔ semantic diff detects same-count node kind, port and config changes (3.130875ms)
✔ semantic diff detects edge kind, branch and port changes with equal counts (3.731791ms)
✔ semantic diff treats executable node and edge ordering as observable (9.721041ms)
✔ semantic diff reports additions and removals rather than only count deltas (7.01625ms)
✔ semantic diff distinguishes changed and pinned-but-uncomparable contracts (5.433458ms)
✔ the palette projection seeds a runnable SQL transform node (94.406833ms)
✔ the palette projection seeds a runnable Polars transform node (0.444167ms)
✔ the palette projection seeds a runnable dbt transform node (22.061958ms)
✔ the engine identity is one fact: the palette and the workshop head agree (2.219292ms)
✔ the inspector shows an engine-aware summary and one way into the workshop (5.584541ms)
✔ the builder mounts one workshop for the selected transform node (2.045833ms)
✔ the workshop is a modal dialog that edits the graph through the store (4.0815ms)
✔ a queued run states its phase and can be stopped (0.611584ms)
✔ the libraries panel exists only for the engine that needs a venv (0.648417ms)
✔ a dbt project is authored as files, with the published model badged (1.866375ms)
✔ the dbt verdict is rendered on a refusal, not only on a success (2.68275ms)
✔ a refused program reaches the author as a sentence, never a raw code (0.768334ms)
✔ the preview never persists and never validates client-side (2.237542ms)
✔ the shared code editor lazy-loads each language and its schema completion (0.652167ms)
✔ isSqlTransformNode matches only task nodes bound to the transform skill (2.259208ms)
✔ reading the params falls back to the runnable starter statement (1.996334ms)
✔ reading the params keeps only pins that reference a dataset (0.581208ms)
✔ a legacy slug key on a pin is still resolved (0.226917ms)
✔ view names are duckdb-safe, accent-free and never collide (6.76825ms)
✔ the inspector summary skips the engine's own comment syntax (0.984583ms)
✔ the line count ignores a single trailing newline (0.29075ms)
✔ the preflight only blocks the two refusals an author hits by habit (0.576125ms)
✔ a coded refusal becomes a translated sentence, engine words kept where they help (0.353958ms)
✔ a refusal that names a place carries it, so the cursor can go there (0.461208ms)
✔ a coordinate is validated before it is used to move a caret (0.190833ms)
✔ every refusal code the workshop claims has FR and EN copy (0.261167ms)
✔ the completion schema exposes every name the statement can address (0.323875ms)
✔ the starter statement projects real columns, capped so it stays readable (0.20975ms)
✔ the output name falls back to the node label, then to the caller default (0.106291ms)
✔ the engine is read off the bound skill, and only for authorable nodes (0.196084ms)
✔ a Polars node cannot add libraries; a dbt project can (0.0935ms)
✔ a dropped Polars node carries a runnable script and its environment (0.148958ms)
✔ the program is read from the engine's own params field (0.248ms)
✔ the timeout clamps to the platform window (0.091917ms)
✔ the Python preflight blocks an empty editor and a missing entry point (0.248792ms)
✔ a worker-side refusal parses back into its code and the author's words (0.234875ms)
✔ the Polars starter script addresses the source by its real name (5.169459ms)
✔ declared libraries drop blanks and comments (0.771375ms)
✔ a dropped dbt node carries a staging model, a mart and a tests file (0.840791ms)
✔ a dbt node with no chosen mart still publishes its last model (0.864958ms)
✔ the file list is the project: models first, the tests gate last (3.968625ms)
✔ editing a file writes to the params path that file lives in (4.418542ms)
✔ renaming a model follows its refs and its publication (1.502916ms)
✔ adding a model chains it onto the published one (2.531959ms)
✔ deleting a model hands the publication over, and the last one is kept (1.274583ms)
✔ publishing another model moves the port and absorbs its dataset tick (0.296209ms)
✔ ticking a model as a sibling dataset is reversible and refuses the port (0.251875ms)
✔ the extra selection survives a rename and a deletion, but not its model (0.322708ms)
✔ the stored extra selection is read deduplicated and without the port (0.208959ms)
✔ a ghost in the extra selection is refused before the round-trip (1.699334ms)
✔ the dbt preflight refuses the project shapes dbt could not compile (1.074167ms)
✔ the dbt starter teaches source(), not the bare relation (0.19875ms)
✔ the build verdict is read off the row on success and on refusal alike (0.295917ms)
✔ a worker-side dbt refusal parses back into its code and its words (0.138167ms)
✔ every engine label the workshop renders has FR and EN copy (2.890625ms)
✔ a preview says which phase it is in, and skips one it will never enter (0.393458ms)
✔ client diagnostics map into the strip vm with node ids (15.720708ms)
✔ clicking a node-scoped row selects the node and emits focusNode (1.57875ms)
✔ clicking a graph-level row (no node id) is inert (0.74825ms)
✔ a known code reads as a sentence naming the node, not as the code (1.172958ms)
✔ an unknown server code falls back to the server sentence, never to a key (0.451667ms)
✔ a node-scoped message with no node falls back rather than showing {name} (0.570083ms)
✔ vm reacts to graph edits (resolving the cycle drops the error) (4.373875ms)
✔ no issues → clean, empty rows, zero counts (2.739375ms)
✔ client issues map to rows; errors group before warnings with counts (0.370541ms)
✔ current server issues are authoritative; identical client preview is deduped (0.260708ms)
✔ node_id null/undefined normalize to null (0.272834ms)
✔ fingerprint is deterministic across object key order (7.498083ms)
✔ an edit masks accepted diagnostics synchronously (31.827375ms)
✔ a late response cannot replace diagnostics from the newer request (1.502291ms)
✔ an out-of-order response is ignored even before the newer request resolves (0.951625ms)
✔ upstreamOutputs returns only ancestors of the selected node (4.971583ms)
✔ upstreamOutputs excludes self, downstream and parallel non-ancestors (0.662709ms)
✔ upstreamOutputs returns [] for a root node and for unknown selection (1.356167ms)
✔ upstreamOutputs enriches portless nodes from the manifest output_schema (0.614583ms)
✔ upstreamOutputs orders candidates by the supplied topological order (0.422833ms)
✔ filterCompatibleCandidates reuses the primitive-compat rule (0.35725ms)
✔ encode/decode round-trips and variableRefFor builds a typed selector (0.285666ms)
✔ Published pointer identity is separate from current server draft identity (5.080584ms)
✔ exact rollback evidence validates immutable and draft identities and digests (1.916583ms)
✔ server diff summary exposes contract and executable order changes (0.353209ms)
✔ component gates rollback on dual exact evidence and revision-bound fences (0.396458ms)
✔ workbench JSON object parser accepts only a top-level object (2.775208ms)
✔ golden-set parser preserves expected values and enforces the bounded wire contract (0.854583ms)
✔ golden-set parser rejects ambiguous ids and malformed input_ref values (0.338583ms)
✔ isolated-node affordance accepts only task nodes with one coherent Skill slug (4.741209ms)
✔ workbench panel exposes the three preview modes and the unsaved boundary (33.18925ms)
✔ golden matcher is recursive object-partial and array-exact (5.847417ms)
✔ chat input follows the selected ingress schema without synthetic aliases (3.233875ms)
✔ real side-effect acknowledgement is required before validation or dispatch (19.48425ms)
✔ chat validates and hash-binds the exact dirty snapshot without saving it (11.676208ms)
✔ a graph edit during validation fences the request before dispatch (3.546708ms)
✔ multiple ingresses require an explicit stable selection (4.534125ms)
✔ isolated node execution keeps source hash evidence and projects its result (5.004833ms)
✔ golden batch maps server-owned case ids and scores expected output (3.291917ms)
✔ golden polling follows the server queue instead of polling every case concurrently (6.630834ms)
✔ sequential legacy validation fails closed before any workbench endpoint (2.467958ms)
✔ golden polling has a distinct one-hour budget without changing interactive polling (1643.043541ms)
✔ every Flow revision invalidates completed workbench evidence (14.237375ms)
✔ workspace reset clears workbench evidence and rejects a late validation (16.216833ms)
✔ selection is deterministic and synchronous (inspector updates within one frame) (8.355625ms)
✔ load resets dirty; a manifest write marks dirty; markSaved clears it (5.174334ms)
✔ revision is monotone and a stale save acknowledgement cannot clean a newer edit (3.977375ms)
✔ load and snapshot preserve known and unknown top-level sidecars without graph duplication (1.844875ms)
✔ replaceAsEdit is dirty and undo/redo restores the complete metadata sidecar (2.320583ms)
✔ clear is idempotent for an already empty graph (0.539875ms)
✔ TWO-WAY WIRING: top_k edit writes the exact nested path and round-trips on reload (0.9225ms)
✔ skill param home: config.params.<key> writes + round-trips (PART A.4) (1.783125ms)
✔ undo/redo + connect/disconnect behave as single steps (1.25875ms)
✔ accessible outline reorder shares canonical order and one undo frame with the canvas (20.022625ms)
✔ task deletion cuts incident routes and undo restores the exact graph atomically (1.982625ms)
✔ Skill, Governance and ordinary tasks never reconnect compatible routes (3.337334ms)
✔ deletion preserves pre-existing non-incident routes without synthesising another (0.585709ms)
✔ clear is one revision and undo restores the graph (1.74625ms)
✔ edge identity includes kind, branch label and both ports (0.417041ms)
✔ Decision rename updates config, route handle, default and edges in one undo frame (1.604334ms)
✔ Decision delete removes its routes and default atomically; undo restores all (1.257834ms)
✔ Decision add, reorder and default selection each remain a single mutation (1.247125ms)
✔ two Decision labels may fan out to the same target without deduplication (0.588084ms)
✔ the canonical Skill taxonomy has the exact product order (19.038ms)
✔ the palette section is the catalog category, never re-inferred (0.494292ms)
✔ uncategorised skills stay visible under Other (0.253541ms)
✔ skill projection exposes category/runtime without leaking palette-only top-level fields (4.714417ms)
✔ every trigger type the backend maps to an event is reachable from the palette (0.4645ms)
✔ the visibility verdict and the usage count travel with the palette entry (0.857875ms)
✔ Retrieval taxonomy is persisted as a shared canonical config marker (0.251667ms)
✔ a required Skill param fed by an upstream binding is valid while empty (1.74ms)
✔ a required Skill param with neither value nor binding stays invalid (0.339084ms)
✔ a supplied value or an optional param is never flagged, whatever the bindings (0.185875ms)
✔ only Skill params read a binding; node config and data keep the plain test (0.185666ms)
✔ binding recognition accepts a typed ref or a legacy path, nothing else (0.183ms)
✔ routing load failure leaves no invented draft and blocks saving (74.320834ms)
✔ permissions fail closed for configuration, credentials, serving and lifecycle (5.954958ms)
✔ catalog filters provider, task and runtime and preserves explicit empty fallback (8.216875ms)
✔ saved Azure metadata pre-fills without exposing or inventing secrets (3.252125ms)
✔ workspace transition purges secrets and rejects stale test targets (38.769417ms)
✔ canonical targets match the selected pair and form input preserves additional defaults (29.918208ms)
✔ test rejects missing acknowledgement, invalid JSON and absent required inputs (3.820625ms)
✔ catalog refresh preserves active test; clearing the selection removes previous result (15.434375ms)
✔ model and token evidence is canonical trace and metrics, never arbitrary output (5.952083ms)
✔ costs distinguish catalog calculation, provider-reported zero and missing measurement (48.697959ms)
✔ unreachable connections stay selectable but carry an explicit warning, including fallback (2.662916ms)
✔ a delayed initial distribution never overwrites a later selected window (1.412625ms)
✔ a slow canonical Run read is allowed to finish without polling cancellation (1113.930333ms)
✔ Skill creation keeps Govern context and model parameters in the query, not the route path (4.96975ms)
✔ invocation evidence links preserve Govern as a query parameter (0.747167ms)
✔ connector configs and app toggles are isolated by active workspace (6.222ms)
✔ CONNECTORS has one generic MCP card, not SAP posting or HIKMA (0.407166ms)
✔ apply requires explicit review and prevents duplicate dispatch while in flight (15.69675ms)
✔ a response from the previous workspace does not change current proposal or emit application (1.193167ms)
✔ restoring a saved proposal selects its diff without applying and rejects another System (1.290917ms)
✔ Run facets track history, merge tab changes and refresh can force store invalidation (17.626834ms)
✔ Run loads its projection when the effective gate activates in the same workspace epoch (1.65725ms)
✔ Experience origins are exact API filters built from safe application slugs (1.337584ms)
✔ non-Experience and malformed origins never reach the Runs API (0.219792ms)
✔ each Run exposes a native keyboard link to its detail (5.499208ms)
✔ the status selector invalidates the visible Runs projection (0.641958ms)
✔ Runs API failures remain distinct from an empty successful list (18.843208ms)
✔ SkillInvocation is a dedicated Run child resource before the generic Run route (1361.398125ms)
✔ SkillInvocation facets follow validated deep links and preserve query context on tab changes (14.34825ms)
✔ SkillInvocation loads its projection when the effective gate activates in the same workspace epoch (1.443458ms)
✔ creating a draft requires explicit review and suppresses duplicate sends (7.723875ms)
✔ a late response cannot cross the workspace boundary (1.375584ms)
✔ uncertain generation retries retain their key; changing inputs starts another request (17.402167ms)
✔ uncertain suite execution retries keep the same frozen request and workspace scope (16.412625ms)
✔ reopening a completed BRD job restores its batch without executing again (26.346833ms)
✔ requirement links only use test evidence from this exact BRD proposal (1.620833ms)
✔ the runtime controls are read from the descriptor, not from a local copy (18.466459ms)
✔ the runtime is named in plain words with the raw kind still available (1.02825ms)
✔ a contract cannot be invalid JSON any more, because it is never text (10.420667ms)
✔ preset inputs are a form derived from the wrapped skill own contract (1.319625ms)
✔ a preset value the target contract does not declare is named, not dropped (11.506125ms)
✔ preset inputs written by hand are still checked before they are sent (4.876417ms)
✔ a runtime parameter the descriptor requires blocks the submission (1.186333ms)
✔ switching runtime drops the parameters the previous one owned (0.378334ms)
✔ a preset picks the runtime and proposes the contract, all of it editable (0.598583ms)
✔ a complete draft posts exactly what the workspace decided (8.108959ms)
✔ no capability named means no claim asked for (0.495917ms)
✔ editing the same screens patches the row and never renames the slug (9.772917ms)
✔ a refusal is shown in the server’s own words (4.891333ms)
✔ an imported requirement opens the wizard already filled in (0.623333ms)
✔ the New skill affordance appears only when the server grants skill.admin (8.033375ms)
✔ a Portal model seeds an executable prompt Skill, preserves its model and clears it on provider change (2.74975ms)
✔ the Skill picker excludes non-generative and unconfigured models, and ignores stale workspace responses (10.964625ms)
✔ Portal authoring entry requires the current workspace and server authoring right (7.08125ms)
✔ Run model summaries use recorded resolution and never infer a provider from an arbitrary model name (0.319375ms)
✔ an unknown authoring right fails closed rather than assuming an admin (7.900708ms)
✔ an authored skill lands in the registry and is selected (2.391375ms)
✔ a refused capability claim is said out loud, and the skill is still there (5.08275ms)
✔ edit and delete are offered on the rows this workspace owns, and only those (7.824791ms)
✔ a delete the API refuses is reported in the API own words (1.136625ms)
✔ a delete the API accepts clears the selection and re-reads the list (0.822792ms)
✔ an imported row opens the wizard as a draft rather than creating anything (1.222333ms)
✔ only a capability this workspace owns is offered as a carrier (0.461417ms)
✔ switching workspace withdraws the authoring right until B answers (6.888375ms)
✔ Skill costs distinguish missing, zero and positive amounts below display precision (137.19075ms)
✔ Observed Skill costs never substitute a catalog price or unmeasured default (0.629ms)
✔ Skill view purges A synchronously and only accepts the B reload (26.4095ms)
✔ Skill detail requires both the server editing right and workspace ownership (16.65675ms)
✔ Skill detail edits prompt_template through the existing wizard without losing contracts or params (13.007625ms)
✔ Skill detail edits registry_call through the existing wizard without losing contracts or params (1.503375ms)
✔ Skill detail skips registry loading when only a prompt executor is available and keeps create at Intent (1.954083ms)
✔ Skill detail reports a failed registry load and allows a fresh attempt (5.156291ms)
✔ Skill detail purges editing rights, targets, notices and stale updates on workspace change (4.071083ms)
✔ Skill detail discards a pending edit and old reads when navigating to another Skill (0.929375ms)
✔ review queue inherits scope and ignores a response from the previous scope (7.966375ms)
✔ canonical review queue serializes the System and period scope (21.719709ms)
✔ Runner JSON parser rejects malformed, null, arrays and primitives without coercion (2.774209ms)
✔ Systems routing exposes the Runner before the generic System detail route (0.340125ms)
✔ Runner live-state detector keeps polling only for non-terminal Runs (0.387ms)
✔ an inactive durable session is never executable client-side (9.725125ms)
✔ invalid editor JSON performs zero execute requests (0.872875ms)
✔ execute binds the immutable published version and hash to the request (3.4105ms)
✔ 409 latches published authority until overview and session reload both succeed (2.304ms)
✔ session changes are fail-closed and a late previous session cannot win (0.60925ms)
✔ workspace reset invalidates an in-flight Runner overview before it can populate state (0.762584ms)
✔ route load resumes the latest durable Runner session (6.900625ms)
✔ a Flow Builder graph with declared ingresses is flow-backed (18.173792ms)
✔ the System Builder form projection keeps its RAG rendering (2.776708ms)
✔ the workspace chat System is never described as a graph (0.344917ms)
✔ variants that already own a bespoke rendering are left alone (0.392708ms)
✔ absent, empty or unauthored graphs fall back to the existing behaviour (0.759541ms)
✔ the server manifest can only narrow the verdict, never open it (0.231625ms)
✔ manifest runtime status is projected onto the matching step (0.336959ms)
✔ publication evidence and scratchpad provenance are surfaced verbatim (0.276709ms)
✔ an unpublished flow-backed System reports the draft badge (0.6085ms)
✔ a source node without config.ingress_kind reports the kind publication derives (0.422209ms)
✔ a source node declaring an unknown ingress kind is not counted as a trigger (0.407833ms)
✔ an explicit rag_mode still wins for systems that are not flow-backed (0.143542ms)
✔ value-loop helpers distinguish simulation, missing measurement and observed evidence (9.657208ms)
✔ value-loop progress advances only through persisted scenario states (6.001625ms)
✔ baseline selector trusts the server eligibility flag and excludes operator, seed and canary runs (9.334875ms)
✔ late value-loop responses are rejected after a workspace, System or request change (3.601792ms)
✔ command ledger reuses an idempotency key across retries and rotates after success or context reset (0.467125ms)
✔ System value-loop visibility is authorized only by the current server Steer projection (1.370459ms)
✔ ChatKnowledge cancels the A write chain before a late response can continue in B (17.431792ms)
✔ ChatKnowledge pins and cancels post-save reloads so late A reads cannot repopulate B (4.546542ms)
✔ ChatKnowledge keeps guide writes and their refresh in one cancellable A scope (2.182792ms)
✔ Members displays and sends a manifest-defined non-Andritz entitlement on invite (19.79675ms)
✔ Governance toggle preserves a future active key and saves it unchanged (2.675834ms)
✔ memoizeLayout rebuilds only when the key changes (2.18825ms)
✔ shouldRebuildLayout ignores hover-only input names (0.331083ms)
✔ nearestDayIndex snaps a pointer x onto the closest day (0.309583ms)
✔ placeTooltip flips at the viewport edges and stays inside (1.280458ms)
✔ wrapLabelLines keeps short names and wraps long System names to two lines (0.71675ms)
✔ easeOutProgress lands on 0 and 1 (0.404ms)
✔ dense layout reproduces the approved scale and stacks stubs under the hours node (7.034708ms)
✔ a single converging source still curves into a lower hours node and is capped (6.178083ms)
✔ stub-only sources render without hours or value nodes (0.382083ms)
✔ truncateLabel keeps short names and ellipsises long ones (0.1895ms)
✔ niceStep picks round gridline steps that give about four lines (2.017833ms)
✔ spreadLabelRows pushes overlapping labels apart inside the plot (8.578208ms)
✔ cubicSmoothPath uses horizontal midpoints between consecutive points (0.781958ms)
✔ cubicSmoothAreaPath closes to a lower band or a baseline (3.200125ms)
✔ sankeyRibbonPath is a cubic band between two node segments (2.189209ms)
✔ radial spoke math matches the approved 30-day clock (0.700834ms)
✔ accumulateStackedSeries builds lower and upper bands per series (0.514291ms)
✔ primary CTA text meets WCAG AA in dark and light themes (2.690084ms)
✔ secondary text meets WCAG AA on cockpit panels (8.2055ms)
✔ secondary text meets WCAG AA on raised surfaces too (0.397583ms)
✔ every cockpit token a component names is a token the theme defines (675.472458ms)
✔ a connection link in a new tab leaves the Skill draft in its current tab (10.830333ms)
✔ every state maps to a painter at both tuned sizes (28.369083ms)
✔ each painter puts ink inside the canvas box (51.516916ms)
✔ dark and light are the same drawing in opposite ink (7.023625ms)
✔ resolving a preset twice hands back the cached tuning (0.52625ms)
✔ renders yields below the ceiling exactly as measured (2.739792ms)
✔ keeps the ceiling itself in full and bounds everything above it (0.308125ms)
✔ renders a missing or unusable measurement as an em dash (0.189459ms)
✔ bounds the ratios observed in production instead of printing them (0.210917ms)
✔ a contract the rows can hold projects with nothing left over (16.059292ms)
✔ writing the rows back preserves the keys the rows never knew about (5.692875ms)
✔ an edit through the rows changes only what it touched (1.563292ms)
✔ a construct no row can hold is named, not flattened (0.479542ms)
✔ an empty contract is a clean slate, not a complaint (25.054166ms)
✔ a row with no name is dropped rather than writing an empty key (0.504917ms)
✔ preset inputs are derived from the target contract and typed on the way in (0.680833ms)
✔ numeric columns draw their histogram, normalized to the tallest bucket (2.871666ms)
✔ categorical columns draw their top values instead of a histogram (2.467ms)
✔ a column with no profile draws nothing rather than a fake baseline (0.214666ms)
✔ a histogram bin with no upper edge still labels its bucket (0.325875ms)
✔ null ratios become whole percentages, and a clean column reports zero (0.281084ms)
✔ only integer and float count as numeric for alignment and histograms (0.688708ms)
✔ every column kind has a header glyph so no column renders unlabelled (0.839666ms)
✔ a numeric profile states counts, then range, then central tendency (1.152167ms)
✔ a categorical profile leaves out the statistics that would be meaningless (0.778166ms)
✔ a clean column still says so, because "no missing values" is a finding (3.392792ms)
✔ a datetime column keeps its range without inventing an average (0.423709ms)
✔ a column with no profile at all offers no facts to open (0.188916ms)
✔ a row count is only stated when it is one (0.275167ms)
✔ top values rank widest first, relative to the most frequent one (0.59ms)
✔ a high-cardinality column still shows shape, not seven empty slivers (0.214584ms)
✔ a numeric column has no top values, so its popover shows only figures (1.566083ms)
✔ byte sizes read as volumes, keeping a decimal only where it informs (70.564125ms)
✔ a column click replaces, toggles or leaves the selection alone (0.326541ms)
✔ the table states its own shape, so no caller can forget to (0.993708ms)
✔ every icon name used in a template resolves in the registry (267.738708ms)
✔ every icon name declared as data resolves in the registry too (98.341583ms)
✔ no registry key is written in a form the lookup can never reach (0.560708ms)
✔ authoring and confirmation modals own focus, Escape and an accessible name (10.1855ms)
✔ the BRD upload uses a keyboard button and a focusable visually-hidden input (1.071917ms)
✔ shared modal and contextual help keep locale and pointer focus semantics (1.175708ms)
✔ AuthStore advances an opaque epoch and resets principal caches atomically (5.122375ms)
ℹ tests 1466
ℹ suites 1
ℹ pass 1466
ℹ fail 0
ℹ cancelled 0
ℹ skipped 0
ℹ todo 0
ℹ duration_ms 49034.707667
