
> agentium@0.1.0 test:unit
> node scripts/run-unit.mjs

✔ POST composes an explicit workspace with an idempotency header (6.55275ms)
✔ 401 refresh retry preserves the active X-Workspace-Slug (20.223792ms)
✔ an explicit workspace header wins over the current workspace and survives retry (19.282375ms)
✔ a wrapped 500 auth error preserves the historical refresh retry (0.351458ms)
✔ concurrent 401 retries preserve the workspace on every queued request (0.433ms)
✔ HttpClient and direct fetch share one refresh while retaining distinct workspaces (1.646291ms)
✔ a late 401 reuses the token refreshed by an earlier request (1.022ms)
✔ a failed shared refresh rejects every concurrent request and expires once (0.42125ms)
✔ cancelling the refresh leader does not strand a concurrent follower (0.313417ms)
✔ a started refresh survives cancellation and a later 401 joins it (0.27125ms)
✔ a 401 from the retried business request does not clear the refreshed session (0.465291ms)
✔ a 403 from the retried business request does not clear the refreshed session (0.220583ms)
✔ a 500 from the retried business request does not clear the refreshed session (0.191375ms)
✔ appearance accepts bounded options and never exposes arbitrary CSS or native profiles (6.018334ms)
✔ preview and runtime use the same palette, contrast choice and logo fallback (0.736375ms)
✔ custom mid-tone accents keep readable text at the contrast boundary (0.113166ms)
✔ listSkills keeps the backwards-compatible empty fallback by default (15.177291ms)
✔ listSkills can propagate transport errors to truth-sensitive catalogs (1.385417ms)
✔ listSystems preserves fallback compatibility but can fail closed for Studio (0.519834ms)
✔ the shared model catalogue propagates failures and resolves with the explicit System context (0.538459ms)
✔ version history keeps backwards-compatible empty/null fallbacks by default (2.585583ms)
✔ truth-sensitive version history can propagate list and preview failures (0.378ms)
✔ round-trip: nodes.<id>.data.retrieval_defaults.top_k survives normalize (load) (1.830167ms)
✔ round-trip: annotateSidecars (save path) does not drop node data/config (0.157416ms)
✔ normalize is idempotent for the budget flow (load → snapshot → load fidelity) (0.460167ms)
✔ PART A.4: skill config.params.<key> is the shared home and round-trips (0.713667ms)
✔ validateFlow flags a task node with no skill bound (2.239709ms)
✔ validateFlow accepts a bound skill task with no warnings for it (0.093583ms)
✔ validateFlow rejects duplicate node ids before ambiguous map construction (0.605167ms)
✔ edge identity is structured, collision-free and rejects true duplicates (0.372583ms)
✔ strict Flow requires exactly one explicit output sink (0.239166ms)
✔ Decision condition structural validation accepts the runtime DSL and rejects unsafe syntax (1.863834ms)
✔ validateFlow accepts a fully wired Decision contract (0.40575ms)
✔ validateFlow mirrors Decision contract diagnostics (0.114167ms)
✔ validateFlow reports unwired Decision routes and foreign branch edges (12.80675ms)
✔ validateFlow pairs fork/join by real reconvergence, not global counts (0.356416ms)
✔ validateFlow accepts a labelled fork whose lanes post-dominate at a join (0.140208ms)
✔ normalize backfills schema_version 3 idempotently (v2 -> v3) (0.07525ms)
✔ normalize infers typed ports from data edges that name a port (idempotent) (0.162917ms)
✔ normalize leaves legacy inputs_map dot-path strings intact (0.046958ms)
✔ validateFlow: port_type_mismatch warns on incompatible primitives only (0.099333ms)
✔ validateFlow: port_type_mismatch silent on numeric widening + portless edges (0.06325ms)
✔ validateFlow: variable_unresolved warns on unknown/non-upstream refs, silent for reserved + legacy (0.140292ms)
✔ VariableRef JSON shape matches the backend strict contract (0.050333ms)
✔ validateFlow rejects the same malformed VariableRefs as the backend (0.075417ms)
✔ strict dot-path conversion refuses empty path segments (0.175042ms)
✔ topoSort returns an order for a DAG and null for a cycle (0.105667ms)
✔ ingress kind typos and inbound source nodes are blocking (0.181ms)
✔ agent loop requires a turn budget and a compact allowlist (0.30025ms)
✔ loop and retry budgets must be finite positive integers (0.193292ms)
✔ every lexicon entry is complete in both languages (1.536ms)
✔ definitions stay one line of plain language (0.146583ms)
✔ concept ids are unique (0.0885ms)
✔ a forbidden word belongs to exactly one concept (0.135125ms)
✔ the canonical term of a concept is never itself forbidden (0.104291ms)
✔ lookups fall back instead of throwing on an unknown concept (0.075666ms)
✔ the dictionary keeps FR/EN parity across every domain (17.99925ms)
✔ each key lives in the domain module that owns its prefix (10.523917ms)
✔ no key is defined by two domains, so the merge order never decides (7.948958ms)
✔ the interpolation placeholders of a key match across locales (15.950041ms)
✔ the English PR to PO desk does not keep French dossier or terrain (7.839042ms)
✔ LiveKit workspace invalidation suppresses queued data synchronously (2.964625ms)
✔ session.start carries the mode the caller asked the room for (5.566125ms)
✔ a control frame with no dedicated helper travels with its payload intact (0.134666ms)
✔ a framed answer reaches the surface as one whole event (0.300416ms)
✔ a one-frame payload takes the same path as a large one (0.115541ms)
✔ an interrupted push is dropped rather than half-delivered (0.117708ms)
✔ opening a room asks for its mode from the very first hop (3.359542ms)
✔ a rejected LiveKit await after A→B is surfaced as workspace cancellation (0.493459ms)
✔ navigation guard observes V2 after the legacy decision and executes only legacy output (6.084ms)
✔ an unexpected shadow exception never interrupts legacy navigation (0.729166ms)
✔ a direct legacy decision remains direct even when shadow reports a divergence (0.290125ms)
✔ business profile resolves the Andritz applications in their stable order (2.626042ms)
✔ a partial legacy profile cannot hide an app before the entitlement flag (0.3005ms)
✔ admin keeps the full Agentium shell unless business preview is enabled (0.3645ms)
✔ business allowed paths remain stable inputs for the navigation resolver (0.990833ms)
✔ V2 produces the business shell policy when its workspace flag is enabled (1.732167ms)
✔ app entitlements filter both legacy and V2 profiles and missing grants fail closed (0.661625ms)
✔ NavigationProfile consumes installed app authority when the platform gate is active (1.68425ms)
✔ platform authority never exposes an installed business app without a member grant (0.30525ms)
✔ NavigationProfile never revives the legacy shell when enabled platform authority is invalid (0.179875ms)
✔ business policy matrix is owned once and every destination is terminal (3.952958ms)
✔ business policy keeps the admin shell until preview is explicitly enabled (0.997ms)
✔ V2 business redirects are executed only by the navigation resolver (3.574709ms)
✔ enabled Workspace App authority redirects every invalid runtime surface to a terminal unavailable shell (1.686166ms)
✔ invalid runtime exposes the isolated repair route only to workspace admins (0.655375ms)
✔ the unavailable page cannot masquerade as workspace state once platform authority is healthy or disabled (0.815958ms)
✔ app entitlements redirect denied business surfaces to an entitled terminal route (0.473375ms)
✔ an unsafe or self-referential business default falls back to chat (0.18875ms)
✔ demo hypervisor resolves once to the configured default route (0.226375ms)
✔ axes v4 owns legacy hypervisor object links and keeps Hypervisor at Portfolio (0.227042ms)
✔ builder + nav v5 sends Portfolio home to /create (D4) (0.137292ms)
✔ legacy focus and tab queries rewrite to the v5 grammar (0.132417ms)
✔ Mission Room fallback and deep links require the workspace extension (0.240583ms)
✔ a stale Mission Room default cannot loop while the extension is disabled (0.12375ms)
✔ business policy resolves a Mission Room deep link directly to its terminal surface (0.16175ms)
✔ demo entry aliases cannot create a self redirect or an Angular alias cycle (0.122958ms)
✔ workspace entrypoint resolves once with an encoded active slug (0.120875ms)
✔ workspace query on a product route activates that tenant (0.201584ms)
✔ workspace deep links activate their tenant before component construction (0.13225ms)
✔ unknown workspace deep links resolve back to the active workspace (0.104333ms)
✔ workspace load failure fallback remains owned by the navigation resolver (0.098667ms)
✔ business policy has deterministic precedence over demo and workspace entrypoints (4.353209ms)
✔ adoption generic home follows the task and retains authorized deep links (0.657584ms)
✔ an unavailable application is never bypassed by the adoption home (1.470125ms)
✔ direct navigation emits one workspace-scoped event without query or fragment (5.416708ms)
✔ explicit redirect keeps the original request, owner and typed reason (0.728125ms)
✔ explicit redirect records the final destination after a chained Angular redirect (0.720583ms)
✔ workspace extension rejection emits the resolver-owned audit reason (0.46375ms)
✔ explicit redirect survives a superseded navigation when its replacement wins (1.055209ms)
✔ a superseded redirect cannot leak into a different replacement destination (1.308833ms)
✔ cancelled or failed redirects cannot leak into a later navigation (2.75575ms)
✔ static Angular redirect is inferred from urlAfterRedirects (0.475417ms)
✔ public/auth routes and navigations without a workspace are not emitted (1.361416ms)
✔ the first NavigationEnd is safely backfilled after workspace loading (0.536166ms)
✔ privacy and surface helpers redact identifiers and reuse the catalog ids (2.772708ms)
✔ navigation.transition is off unless the workspace opts in (0.8925ms)
✔ navigation.transition records zone, depth and inferred trigger behind the flag (6.588708ms)
✔ popstate navigations classify as history without leaking query text (3.266542ms)
✔ the Flow entry is named after the destination it resolves to (5.609833ms)
✔ destination naming exposes a dedicated key so a locale can override it (1.149625ms)
✔ sections without a dynamic destination keep their catalog naming (0.115042ms)
✔ Client360 stays classified under Operate in the standard admin cockpit (0.4965ms)
✔ Andritz business app catalog keeps its stable routes and API prefixes (0.472042ms)
✔ surface registry owns unique ids and every rail section references it (0.143292ms)
✔ lens changes preserve Capability, System, Run and SkillInvocation identity (22.590917ms)
✔ scope routes retain the real current ancestry (3.9135ms)
✔ object builders use canonical locators and business guards match registered surfaces (1.682333ms)
✔ axes v4 has four object lenses and a distinct Portfolio destination (0.367ms)
✔ unknown navigation query values never influence the cockpit projection (0.243042ms)
✔ experience studio adds one Create entry and keeps the zone catalogues (0.402083ms)
✔ the data plane is one Build entry that owns both of its routes (0.244584ms)
✔ Lot 6 orphan leaves are catalogued (0.39675ms)
✔ legacy query aliases hydrate the canonical grammar (0.3515ms)
✔ nav v5 sommaire has no object-type index outside Create (I1) (0.070167ms)
✔ OBJECT_FACETS lists System descendants used by the sommaire branch (0.082667ms)
✔ a page link keeps lens and ancestry (I3) (1.543ms)
✔ every catalogued surface route is reachable through a declared route (2.052375ms)
✔ every surface and leaf route is absolute (0.295625ms)
✔ planned orphan leaves have a catalog entry (0.3735ms)
✔ every Router path has a catalog entry or a named exemption (14.599167ms)
✔ ObjectPerspectiveStore validates, preloads and caches one invariant four-lens bundle (4.531084ms)
✔ a late server gate revocation purges the projection and refreshes workspace authority (2.836916ms)
✔ concurrent non-force loads share one authoritative four-lens request (0.495209ms)
✔ a newer force refresh wins even when it completes before the older request (0.520459ms)
✔ one snapshot mismatch retries all four reads once in the same request generation (0.348958ms)
✔ a persistent snapshot mismatch fails after one complete retry (0.308041ms)
✔ cache TTL is finite and forceRefresh atomically invalidates a fresh bundle (0.440625ms)
✔ the cache key includes workspace epoch even before a reset notification (0.462084ms)
✔ the cache key includes workspace identity when a slug is recreated in the same epoch (3.673209ms)
✔ logout and a new principal cannot reuse the previous principal cache (0.570584ms)
✔ a late response from principal A is rejected after principal B logs in (0.335791ms)
✔ a late 410 from principal A cannot revoke the projection for principal B (0.626417ms)
✔ a workspace reset rejects late responses and cannot repopulate the cache (0.603458ms)
✔ a late 410 from workspace A cannot revoke the projection in workspace B (0.205459ms)
✔ schema and cross-lens invariant violations never populate the cache (1.27075ms)
✔ a SkillInvocation request without its parent Run fails before an API call (0.104042ms)
✔ a workspace without the setting keeps the Agentium chrome (0.963625ms)
✔ the immersive workspace-app brand never rebrands the platform chrome (0.403375ms)
✔ a label and an emblem together carry the tenant identity (0.460291ms)
✔ a tenant may declare a second artwork for light surfaces (0.217125ms)
✔ the light variant alone never makes a brand whole (0.168458ms)
✔ a malformed or blank light variant falls back to the single emblem (0.22525ms)
✔ half a declaration is refused rather than mixed with our own brand (0.146292ms)
✔ a malformed setting cannot break the chrome (0.287416ms)
✔ the return route is kept only when it is an in-app absolute path (0.188292ms)
✔ a fresh browser follows the operating system (0.4755ms)
✔ an explicit preference on the unified key is honoured (0.0915ms)
✔ the business-shell key is adopted when the unified key is unset (0.0645ms)
✔ the pin's constant dark loses to a real business-shell choice (0.053333ms)
✔ a non-dark unified value outranks the legacy key (0.081791ms)
✔ garbage in either key never escapes the tri-state (0.096917ms)
✔ dispose discards recorder A without emitting a final chunk or endpoint (0.955042ms)
✔ hard stop invalidates a getUserMedia request still arming in workspace A (0.256625ms)
✔ normal endpoint still flushes audio and calls onEndpoint once (0.904833ms)
✔ the direct WebSocket lane carries the assistant mode and its session context (22.889459ms)
✔ the direct lane rejoins a framed answer exactly as the LiveKit lane does (0.466584ms)
✔ voice WebSocket pins the captured workspace query and closes on switch (2.1485ms)
✔ a rejected play promise from workspace A cannot advance or finish the B queue (2.723333ms)
✔ business proof requires a declared and granted primary entitlement (12.798459ms)
✔ business proof never downgrades to a route-only check (0.110875ms)
✔ immersive proof requires an entitlement-free extension boundary (0.146791ms)
✔ immersive proof targets the manifest that owns the Mission Room projection (0.284958ms)
✔ standard proof also fails closed on an unenforced entitlement declaration (0.302084ms)
✔ shadow runtime records a match against the exact legacy redirect decision (29.605875ms)
✔ shadow runtime reports but never applies a divergent legacy decision (12.196375ms)
✔ workspace entrypoint blocks a cross-workspace target before slug redaction (1.849416ms)
✔ system capture keeps only equality/presence proofs and never retains its query value (0.70725ms)
✔ system capture blocks a different forwarded System id without retaining either id (2.449375ms)
✔ system capture without the semantic systemId key is an observed divergence (1.968ms)
✔ unknown runtime configuration is fail-closed evidence instead of a thrown error (1.921875ms)
✔ workspace reset atomically clears reports and rejects late A observations (1.762416ms)
✔ current complete Sentinel payload marks both critical scenarios observed without mutation (1.073958ms)
✔ sealed Mission Room proofs aggregate across workspaces and invalidate on config drift (6.512917ms)
✔ sealed proof does not survive workspace recreation with the same slug and config (10.690292ms)
✔ raw Mission Room observation cannot be resealed after same-id config drift (6.930375ms)
✔ a synthetic projection cannot overwrite an observed runtime divergence (3.077958ms)
✔ Mission Room rejects an old workspace id after same-slug recreation without epoch change (0.882791ms)
✔ Sentinel observation with an absent brand remains invalid and fail-closed (5.27075ms)
✔ Sentinel observation with a primitive brand remains invalid and fail-closed (1.945667ms)
✔ Octocity non-empty brand without style is compared as the Sentinel UI fallback (1.192458ms)
✔ Octocity contradictory brand label is retained only as a private fingerprint input (1.239167ms)
✔ Mission Room brand label/style fields fail closed when present with invalid types (3.966166ms)
✔ Mission Room observation error is preserved as fail-closed evidence (3.232125ms)
✔ Mission Room payload with a slug inconsistent with its scope is ignored (0.125ms)
✔ registry IDs are unique and deterministically ordered by priority (1.184708ms)
✔ Andritz member keeps the rendered business experience and hard-coded surface order (1.569833ms)
✔ app entitlements filter the V2 business policy in canonical order and fail closed (0.193875ms)
✔ app entitlement payload is ignored until its feature flag is enabled (0.7665ms)
✔ workspace app runtime is a strict no-op while its feature flag is off (1.037333ms)
✔ authoritative business installations own surfaces and routes without legacy fallback (15.967584ms)
✔ authoritative business installations require grants even when the legacy entitlement flag is off (0.562625ms)
✔ three Andritz installations expose four entitled surfaces without a fourth app (0.496209ms)
✔ authoritative Mission Room projection isolates Sentinel and Octocity from crossed legacy terms (0.928625ms)
✔ runtime bootstrap transports the generic provider contract and rejects malformed endpoints (3.447875ms)
✔ enabled platform fails closed to an isolated unavailable shell when runtime authority is absent or invalid (0.292709ms)
✔ invalid runtime keeps the unavailable page terminal and grants only admins the isolated repair route (0.17ms)
✔ Andritz admin remains standard while admin preview restores business (0.509292ms)
✔ workspace_admin role template is classified as admin (1.080083ms)
✔ unsupported admin shorthand is not broader than WorkspaceService.isAdmin (0.403375ms)
✔ custom primary_surfaces and link/hidden access do not drive legacy shell or routes (0.82925ms)
✔ business compatibility aliases remain route-sensitive and canonical (0.479083ms)
✔ configured business defaults never retain query values in either projection (0.232625ms)
✔ system capture compares semantic query presence without retaining its value or System id (1.040375ms)
✔ observed system capture compares a decoded query to an encoded route segment (0.525084ms)
✔ workspace entrypoint comparison preserves tenant equality without retaining the target slug (0.712084ms)
✔ comparator consumes the decision actually observed from NavigationResolverService (0.241833ms)
✔ legacy Showcase portfolio projects standard chrome and all five cockpit verbs (0.972084ms)
✔ Sentinel API observation maps app label separately from assistant and ignores Systems ownership (0.714167ms)
✔ Octocity API observation is selected by settings, never by slug (0.36075ms)
✔ Octocity compatibility defaults are profile-driven after a workspace rename (0.372166ms)
✔ Mission Room compares the effective rendered brand label and style (0.907583ms)
✔ candidate and independent legacy oracle honor Mission Room label as assistant fallback (0.446209ms)
✔ immersive workspace app is scoped to final Mission Room route only (0.301291ms)
✔ overlap precedence composes profiles then workspace app then active business (0.121667ms)
✔ malformed settings and unknown adapters are reported fail-closed without throwing (0.18325ms)
✔ comparator emits sorted canonical paths and explanations require exact triple (0.486375ms)
✔ explanations require complete non-empty governance and exactly one exact match (1.675ms)
✔ fingerprint is canonical, exact, and changes with any compared value (0.100583ms)
✔ public diffs redact values while the exact raw mismatch still changes the fingerprint (0.178584ms)
✔ MissionNavigation observation detects exact item order but never resolves backend Systems (0.258417ms)
✔ MissionNavigation proof fails closed when items or required app fields are absent or malformed (0.4625ms)
✔ MissionNavigation observation preserves extra keys and duplicates so drift remains visible (0.177792ms)
✔ exported critical matrices are complete and produce parity (0.986792ms)
✔ rollout gate opens only with one current valid observed proof per critical scenario (1.395167ms)
✔ rollout gate blocks wrong versions, stale epoch, unknown adapter and missing MR observation (1.817791ms)
✔ rollout gate blocks an expired explanation and an unexplained divergence (0.818833ms)
✔ rollout gate rejects tampered comparison identities and internally inconsistent statuses (1.531583ms)
✔ scenario key drops query/fragment and canonicalizes dynamic workspace and System segments (0.058ms)
✔ legacy projection is independent from the exported adapter registry (0.2255ms)
✔ legacy oracle has no structural dependency on candidate registry or policy functions (0.410583ms)
✔ legacy oracle is anchored directly to NavigationProfile, Shell, SideRail and Mission Room UI (0.110208ms)
✔ independent legacy parsing can expose candidate drift instead of producing a synthetic match (0.158ms)
✔ candidate constant drift cannot move the independent legacy UI oracle (0.106125ms)
✔ the current workspace is captured before dispatch and pinned across a 401 retry (37.712375ms)
✔ an explicit X-Workspace-Slug header wins over requested and current workspaces (1.601375ms)
✔ a repeated 401 is returned after one retry and is never replayed again (0.631083ms)
✔ concurrent direct requests share one refresh exchange (1.0665ms)
✔ an abort during refresh prevents the retry dispatch (2.146334ms)
✔ evaluation context written in workspace A is never read or posted in B (1.826917ms)
✔ ambiguous legacy evaluation context is consumed without adoption (0.111625ms)
✔ a tagged legacy evaluation context migrates only to its origin workspace (0.089959ms)
✔ untagged Settings preferences may migrate for a sole known workspace (0.659083ms)
✔ untagged System drafts are not attributed to the last selected workspace (0.350958ms)
✔ a workspace declares the language its pages open in (1.209625ms)
✔ a workspace that declares nothing gets no opinion (1.515208ms)
✔ a locale the product does not have is not a locale (1.9335ms)
✔ a presentation block that is not a block is ignored, not trusted (0.18575ms)
✔ workspace Chat is not reused when the deep-link slug changes (0.770916ms)
✔ workspace Chat remains reusable inside the same workspace (0.121292ms)
✔ workspace shell is recreated from workspace A settings to workspace B settings (0.092292ms)
✔ hierarchy detail components are recreated when their route-owned id changes (0.080917ms)
✔ Experience Studio editor is recreated when its application id changes (0.099292ms)
✔ unrelated parameterized routes keep Angular default reuse semantics (0.063666ms)
✔ a stale preset list rejects instead of triggering a B fallback for an A id (4.66675ms)
✔ a late maritime snapshot completes without reaching public subscribers (1.0695ms)
✔ HelpService pins A and completes a stale public load without replaying it in B (1.568291ms)
✔ RuntimeHealthService pins A and hides a late A response from signals and subscribers (1.547834ms)
✔ PermissionsService pins A and suppresses a late IAM matrix after A→B (0.432333ms)
✔ SystemsStore pins load/getById to A and exposes no late A system in B (0.904792ms)
✔ POST and Run SSE streams use the workspace captured at subscription time (41.987792ms)
✔ a workspace switch aborts an open POST stream without leaking an error frame (0.380583ms)
✔ a workspace switch aborts an open Run stream without a late event (0.252375ms)
✔ WorkspaceViewContext clears A synchronously and reloads only after B is published (1.133208ms)
✔ WorkspaceViewContext rejects a late route id and skips superseded reload epochs (0.123041ms)
✔ runtime entitlement catalog accepts a future key and keeps the four Andritz labels compatible (1.291583ms)
✔ toggling a known entitlement preserves valid active keys absent from the runtime catalog (0.146208ms)
✔ workspace switch clears registered context before publishing one new slug/epoch (2.909291ms)
✔ workspace app platform authority enables member entitlement administration without the legacy flag (0.312375ms)
✔ same-slug workspace recreation invalidates the old identity atomically (0.329958ms)
✔ a late workspace response cannot repopulate context after a switch (0.404958ms)
✔ workspace settings writes can pin an explicit workspace header (0.281875ms)
✔ member administration sends an explicit canonical app entitlement decision (0.24575ms)
✔ a storage write failure cannot split the workspace transaction (0.501292ms)
✔ effective feature revocation is synchronous, same-epoch and idempotent (1.62425ms)
✔ Run deep link resolves the real Capability → System → Run graph and keeps the lens (8.731208ms)
✔ SkillInvocation deep link resolves a runtime leaf without becoming a catalog Skill (11.612291ms)
✔ a catalog Skill is not attached to a Run that never invoked it (4.653208ms)
✔ a Skill configured on the System is still rejected when the selected Run never invoked it (4.016125ms)
✔ a scoped Skill list cannot forge a Skill edge under a Run that never invoked it (6.457583ms)
✔ scoped-list rail clicks are inert while canonical ancestry is still loading (1.971291ms)
✔ global object jumps clear the previous ancestry and UrlTree parsing keeps query separators (4.159375ms)
✔ axes v4 sends Hypervisor to Portfolio while object lenses keep the selected System (1.472625ms)
✔ the selected System path rejects a Run query from another branch (4.303416ms)
✔ an unflagged workspace ignores routed axes and emits legacy object links (1.075125ms)
✔ nav v5 zone sommaire omits ?scope= (I5) (4.018417ms)
✔ Flow builder follows the proven System, else the scratchpad — never session memory (4.833416ms)
✔ parentUrl is the breadcrumb parent (D6) (4.422ms)
✔ parentUrl of a non-hierarchy object is its catalog list (1.669416ms)
✔ workspace reset clears synchronously and ignores the late graph from the old epoch (4.161708ms)
✔ an invocation absent from the authorized Run cannot inherit forged query parents (2.293375ms)
✔ signin presentation is selected by the explicit experience contract (1.199ms)
✔ legacy Sentinel workspace links keep the same presentation without component slug logic (0.209667ms)
✔ unknown profile fails closed to standard and cannot reactivate a legacy alias (0.089833ms)
✔ historical demo-only link preserves its prefilled account (0.069417ms)
✔ Capabilities purges A, reloads B and follows focus across browser history (6.704417ms)
✔ Capability facets follow validated query state and tab changes merge the URL (4.793459ms)
✔ Capability facet routing leaves the historical gate-off behavior unchanged (0.383125ms)
✔ Capability falls back without an error panel when the server revokes its projection (0.58325ms)
✔ Capability loads its projection when the effective gate activates in the same workspace epoch (1.044333ms)
✔ a coverage gap is applied as the tier decision it is, not as 36 toggles (6.175709ms)
✔ the unclaimed group is the only gap that enables skills one by one (0.733166ms)
✔ enabling a hidden capability also lifts the hide that outranks it (0.367416ms)
✔ an app-written override is attributed to its app and cannot be removed here (0.304333ms)
✔ hiding a visible skill and enabling a filtered one write opposite levers (0.962209ms)
✔ the escape-hatch list stays closed until searched (0.566167ms)
✔ a failed write leaves the displayed policy untouched and says so (0.5445ms)
✔ switching workspace purges the coverage and reloads for the new one (0.330375ms)
✔ a read-only member sees the report without write affordances (0.19975ms)
✔ workspace switch closes the drawer, revokes its blob and ignores later preview data (11.357167ms)
✔ network recovery retains the exact idempotency request and session (5.864958ms)
✔ workspace changes discard late responses and scope changes do not share memory (0.363834ms)
✔ voice oracle timeline only uses registered Lucide icons (5.908917ms)
✔ a late session create from A cannot select, store or render the A session in B (1.315625ms)
✔ a late open-session response from A cannot restore its messages in B (0.431417ms)
✔ evaluation and Deep Search poll responses from A cannot mutate B (1.12575ms)
✔ HITL message polling is unique per session and Run, then refreshes the pending bubble (0.819458ms)
✔ a HITL poll from a conversation left behind cannot mutate the active conversation (0.482542ms)
✔ spreadsheet citations preserve the sheet and cell range in the source preview request (0.500708ms)
✔ a fresh publication conversation ignores stored history but can select its newly created session (0.302333ms)
✔ publication context describes its collection rather than uploaded session files (0.764834ms)
✔ a late upload response from A cannot start an ephemeral context in B (43.257792ms)
✔ a late A context creation cannot attach its id or documents to B (20.781416ms)
✔ Client360 pins validateMapping -> reload/run to A and cancels the chain on A -> B (4.888125ms)
✔ Client360 pins and cancels every runEngine refresh read before it can mutate B (3.189417ms)
✔ Client360 annuaire selection pre-fills targeting and posts customer_keys on create (0.575167ms)
✔ Client360 surfaces dedup outcomes after campaign draft generation (0.359375ms)
✔ Client360 fiche next-due CTA targets the customer with a due window (0.197125ms)
✔ Client360 fiche loads in two phases: payload without AI summary, then async summary merge (0.347667ms)
✔ Client360 pins fiche and summary to one workspace epoch and purges them on switch (0.2275ms)
✔ Client360 fiche pages long lists client-side with show-more increments (0.474ms)
✔ Client360 landing page collapses alerts to a digest and pages the table (0.449458ms)
✔ Client360 business selections use named keyboard controls instead of clickable rows (2.763959ms)
✔ Client360 pins syncFromCollection to A and cancels refresh on A -> B (1.043084ms)
✔ every Client360 network call is pinned to a workspace epoch and scoped by header (3.09975ms)
✔ classifies live SAP names as read or write without inventing aliases (0.54225ms)
✔ humanizes OData and custom-field names for the catalog (0.314833ms)
✔ groups header and item tools on the same object (8.879333ms)
✔ hostname wins when a credential-file label would swap PR and PO (0.866542ms)
✔ falls back to the attached server id when the host is unknown (0.162167ms)
✔ readiness comes from live tool names, not invented PDF aliases (0.106167ms)
✔ orders the four Nawa servers as the PR to PO showcase (0.558333ms)
✔ only pending and ingesting keep a surface polling (1.881125ms)
✔ every dataset status is classified, so none can silently spin forever (0.895125ms)
✔ each origin gets its own icon so provenance reads without a legend (0.088292ms)
✔ the columns a model wrote are the ones it says it added (0.087916ms)
✔ a dataset nobody scored attributes nothing (0.064334ms)
✔ the credited model names its version, since promoting one changes answers (0.073041ms)
✔ a lineage block that names no model produces no half-written badge (0.110833ms)
✔ a dead link to a dataset says so, and offers the way back (0.638458ms)
✔ the detail page badges the scored columns and links back to the card (0.18625ms)
✔ a column header opens its own profile, and only when it has one (0.49425ms)
✔ the profile popover names every statistic it prints, in both languages (0.090208ms)
✔ the surfaces that show a preview tell the table how many rows there are (2.372917ms)
✔ the preview can be walked past the rows the ingest cached (0.3795ms)
✔ the ingest reads as a check-list, not as one line at a time (0.195167ms)
✔ a step from an older worker is refused rather than rendered raw (0.079791ms)
✔ every step has a sentence in both locales, counted and not (0.077334ms)
✔ a scored table reports its own steps, not the ingest’s (0.097917ms)
✔ a bar is a direction, not a rectangle (1.237ms)
✔ the bars keep the two colours that mean something (0.303041ms)
✔ a bar arrives in rank order, on a delay the arithmetic decides (0.196791ms)
✔ a count and its share are typeset as two different things (0.56575ms)
✔ the matrix says the share its shading encodes (0.161292ms)
✔ the matrix uncovers itself across the diagonal (0.184334ms)
✔ a hovered cell is raised, never recoloured (0.220583ms)
✔ every entrance in the kit yields to a reader who asked for less motion (0.2505ms)
✔ a tooltip does not stand on the curve it is quoting (0.594292ms)
✔ a curve with nothing to draw yields nothing rather than a stray dot (1.265625ms)
✔ a regression fit is scaled to the target’s own units, not the unit square (0.2115ms)
✔ a degenerate domain is padded instead of dividing by zero (0.087083ms)
✔ a ROC’s reference is the diagonal of the box it is drawn in (0.1205ms)
✔ a prevalence level spans the plot, or is refused rather than clamped (0.092125ms)
✔ an identity reference is a series like any other, and is filtered like one (0.20975ms)
✔ a token becomes a colour a canvas can fill with (0.751208ms)
✔ a colour nothing can parse fills with nothing, not with everything (0.157416ms)
✔ the wash under a curve is spent against the line and none of it on the floor (0.47725ms)
✔ a wash nothing can parse is no wash, not an opaque one (0.306833ms)
✔ a reveal starts closed, ends open, and never reverses (0.125042ms)
✔ a reveal with no time to run is already over (0.063042ms)
✔ the confusion matrix is shaded per actual row, not per grand total (0.331292ms)
✔ a malformed or absent matrix renders nothing at all (0.229ms)
✔ an empty row divides by nothing and stays at zero (0.258083ms)
✔ a cell that holds anything is tinted, and the diagonal is the green one (2.694583ms)
✔ a stagger a reader can follow, on a set of any size (0.087834ms)
✔ a long list compresses its step instead of outstaying its welcome (0.053ms)
✔ a stagger only ever runs forwards (0.164542ms)
✔ an index past the end of its set waits no longer than the end does (0.037916ms)
✔ viewer stays in Work while reviewer can inspect the Studio inventory (1.088709ms)
✔ contributors and workspace administrators can edit Studio experiences (0.087625ms)
✔ result inspection follows its producing component and respects business navigation (1.606875ms)
✔ a chart with no binding draws the series the document shipped with (21.210125ms)
✔ a run-output binding replaces the series the document shipped with (0.366875ms)
✔ a bound chart follows the run it waits on, not the series it was authored with (2.216833ms)
✔ a binding that resolved to something undrawable shows the empty state (0.680625ms)
✔ a chart reads the fields it was told to read, and label/value when it was told nothing (4.796834ms)
✔ an unrecognised kind draws bars rather than refusing the document (0.5445ms)
✔ a bar carries its share of the base, and only when there is a base (1.071959ms)
✔ a ramp is drawn only when the author said the bands are ordered (2.046542ms)
✔ a donut says what the ring adds up to (25.148916ms)
✔ a donut announces the numbers its canvas hides (7.275458ms)
✔ immutable renderer pins route to distinct catalogs and unknown pins fail closed (0.461042ms)
✔ versioned components keep distinct Angular style scopes (254.392583ms)
✔ a type the current catalog gained degrades on the renderer a release is pinned to (1.521208ms)
✔ fieldsFromSchema maps string/number/enum/date/boolean/file (4.16725ms)
✔ form presentation localizes copy without changing schema values (0.444958ms)
✔ certified no-code forms reject schema shapes the renderer cannot enforce (0.279666ms)
✔ schema identifiers keep payload keys but expose deterministic business labels (0.169916ms)
✔ selector-free template bindings project common output shapes (0.151167ms)
✔ a chart series scales its bars against the largest value it plots (0.207791ms)
✔ a share is only offered for a series that is a whole to take a share of (0.226ms)
✔ a ramp spans its anchors however many bars the run came back with (1.46075ms)
✔ a ramp between two hues stays a colour instead of passing through grey (0.16625ms)
✔ a palette is opt-in, because a ramp claims an order the data may not have (0.114459ms)
✔ a chart drops rows no bar can honestly stand for (0.141167ms)
✔ over the cap a chart keeps the largest values in the order they arrived (0.099916ms)
✔ an unrecognised chart kind draws bars rather than nothing (0.057667ms)
✔ business results are bounded, nested and humanised without JSON fallback (0.265833ms)
✔ BRD text length constraints are enforced without truncation or UTF-16 counting (0.91975ms)
✔ validateValues flags required and invalid numbers, accepts a filled form (0.204709ms)
✔ the authoring catalog creates releases against renderer 0.2 (0.039083ms)
✔ document copy resolves explicit i18n refs with a controlled fallback (0.174583ms)
✔ data/query bindings are closed and selectors cannot traverse prototypes (0.66075ms)
✔ only an uploaded document id is a ready file reference (0.076958ms)
✔ after-success behavior is a closed catalog with safe page ids (0.126792ms)
✔ unknown types fall back; nested page is ignored (0.10225ms)
✔ renderableComponents drops an action_button that duplicates the form submit (0.094791ms)
✔ appearance props persist on a page and a node (0.103167ms)
✔ a width nobody wrote, or wrote wrong, is the whole row (0.046667ms)
✔ each width divides a page row with nothing left over (0.044666ms)
✔ a header keeps its row while the panels of a board may share one (0.034834ms)
✔ the page grid is cut into the tracks the width projection counts (0.209625ms)
✔ the renderer a pinned release draws through never learned about columns (0.057917ms)
✔ custom accents always choose the higher-contrast text colour (0.111459ms)
✔ a11y aria on a button and a form (0.1055ms)
✔ a block that draws nothing on a bad morning is offered the words to say so (0.037917ms)
✔ mapRunStatus uses business vocabulary; citations read output_ref (0.083542ms)
✔ firstManualIngress skips non-manual entries (1.838291ms)
✔ systemHomeBlocker rejects non-actionable one-click homes (0.228625ms)
✔ hasHitlHint reads graph kinds and ingress ids (0.145792ms)
✔ compileSystemHome builds form_result from the manual contract (0.504958ms)
✔ BRD text bounds reach the Work form unchanged (0.130875ms)
✔ compileSystemHome adds approval_card when a hitl hint is present (0.110917ms)
✔ remapSystemHomeBinding keeps the generated source on the replacement key (0.104667ms)
✔ unique identifiers stay within the backend regexes (0.30475ms)
✔ slugify strips accents and punctuation into a url token (3.763875ms)
✔ experienceSlug is a valid API slug and stays unique against taken values (0.223625ms)
✔ a binding key names its System entry point and never collides (0.2675ms)
✔ schema selector options keep no-code authors on compatible output paths (3.199416ms)
✔ wizard bindings hydrate the generated form and add usable extra actions (2.300583ms)
✔ a generated System Home keeps one source action and binds extra actions (0.218875ms)
✔ data-led templates wire their widgets to the linked action output (0.323708ms)
✔ data-led templates accept only outputs their generated widgets can render (0.154375ms)
✔ draft payload keeps localized copy dictionaries and references intact (0.147458ms)
✔ bindingSharedWith names the other applications a binding serves (0.138792ms)
✔ release review preserves a groups-only access policy (0.11575ms)
✔ deploying an existing release reviews its immutable snapshot (0.145041ms)
✔ release and rollback requests carry the state reviewed by the author (0.187959ms)
✔ deployment compares the channel head captured when review opens (0.21325ms)
✔ deployment conflicts refresh the CAS heads used by retry (0.112083ms)
✔ wizard metadata updates compare the row version last loaded by the author (0.074542ms)
✔ metadata responses cannot roll the local draft revision backwards (0.057958ms)
✔ draft history restore is append-only, confirmed and revision-safe (0.641084ms)
✔ applyPatch add/remove/rename and undo/redo on the revision stack (0.600625ms)
✔ pages can be added and removed, never below the last one (0.505541ms)
✔ move_component reorders inside a page and stops at the edges (0.267833ms)
✔ ready-check dialog cannot release with blockers or empty notes (0.340833ms)
✔ release review classifies semantic changes and marks user-impacting removals as breaking (1.131458ms)
✔ additive release changes do not require a breaking-change acknowledgement (0.15325ms)
✔ publication review compares the exact saved snapshot before enabling release (2.820459ms)
✔ wizard makes creation and workspace-level binding effects explicit (0.311875ms)
✔ wizard refreshes stale System versions without retargeting shared bindings (0.359417ms)
✔ editor invalidates readiness while dirty and fails closed on shared binding catalog errors (0.600833ms)
✔ editor authors localized form copy without rewriting the executable schema (0.165459ms)
✔ editor route work is cancelled and readiness waits for the final queued save (0.158292ms)
✔ editor preserves the Work page context in both directions (1.105875ms)
✔ Work and Studio can roll out independently without breaking legacy workspaces (0.166916ms)
✔ data inspector keeps schema fields and result paths no-code while raw JSON stays advanced (0.21375ms)
✔ dirty or saving editor state blocks route and browser navigation until confirmed (0.188375ms)
✔ editor keyboard history maps Cmd or Ctrl+Z once and leaves form controls alone (0.183583ms)
✔ form binding changes wait for the latest ingress schema and fail closed (0.245667ms)
✔ wizard requires an explicit audience and exposes step semantics (0.362542ms)
✔ catalog failures propagate to distinct retryable states (0.392875ms)
✔ wizard stores published outputs and blocks data-led templates without a compatible source (0.761ms)
✔ release and deployment remain two explicit actions (0.581125ms)
✔ inventory filters follow live > pilot > draft (0.119459ms)
✔ inventory audience distinguishes groups, open access, and absent draft policy (0.128ms)
✔ Preview as evaluates access locally without impersonating or loading data (0.152084ms)
✔ reviewers receive a read-only review link for every inventory row (0.05075ms)
✔ viewHref resolves the immutable Work release before a dual-run redirect (0.146834ms)
✔ applying appearance props updates node and page (0.087041ms)
✔ Appearance owns only visual properties while localised copy stays in Content (0.122791ms)
✔ Appearance offers a width to the blocks that may share a row (0.384666ms)
✔ the palette is offered on charts, with the warning that earns the ramp (0.078125ms)
✔ application identity flows through create, metadata edit, and localised a11y authoring (0.124584ms)
✔ assistant patch reject unknown type (0.55975ms)
✔ assistant proposes local patches for empty-state, rename, approval_card (0.598208ms)
✔ the factory cycle is the live Experience binding, not a System API shortcut (3.61125ms)
✔ a cycle may start only when the work binding resolve is ok (0.331125ms)
✔ lineage hrefs stay on the System and the Run (0.141834ms)
✔ the factory portal bridge opens workspace chat on the System (0.313209ms)
✔ factory provenance is the Experience origin on the Run ingress (0.285042ms)
✔ security invariant: the browser has no SAP path — no MCP call, no BAPI body (4.117458ms)
✔ the studio node list mirrors the published DAG, one entry per node (0.9265ms)
✔ the launch payload carries only known guardrails and an optional pin (1.018166ms)
✔ a paused run projects to running-until-the-gate with the server calls verbatim (1.482125ms)
✔ a failed node reads as error with the walker message, not a silent skip (0.439834ms)
✔ the gate package comes from hitl.upstream and names every source (35.523084ms)
✔ a zero-price package is flagged the way SAP will refuse it (06/215) (0.199625ms)
✔ settled, busy and decided follow the HITL decision, not only the run status (0.617542ms)
✔ an approved run shows the create + commit pair and the PO number from the gate envelope (1.068708ms)
✔ sealed, blocked and refused writes keep their own verdicts (1.40275ms)
✔ the chat fact sheet is the run: open rows, majority terms, budget, proposal state (0.488292ms)
✔ the chat write dialogue follows the run: preparing → proposing → posting → posted (0.311792ms)
✔ invocation lookup takes the latest row for a node and calls are verbatim JSON (0.143125ms)
✔ launcher redirects when exactly one app is openable (1.763958ms)
✔ live_href on theme is the launch target for dual-run apps (0.863125ms)
✔ validations surface from pattern or certified nodes (0.147916ms)
✔ release theme and page links are safe, stable projections (0.480459ms)
✔ studioHref opens the editor and carries safe Work context (0.327542ms)
✔ author roles can edit; locale list keeps fr/en only (0.110833ms)
✔ Work renders the immutable release identity with a legacy fallback (0.793166ms)
✔ all Work chrome stays in business language in both locales (14.30925ms)
✔ runtime copy rendered inside Work stays in business language (1.262208ms)
✔ runtime failures never render raw backend detail to viewers (0.307083ms)
✔ validation loading failures stay distinct from an empty queue and can be retried (0.157166ms)
✔ Work hides Studio actions when authoring is disabled for the workspace (0.210333ms)
✔ Work editor links preserve the application ID and release context as router query parameters (2.988375ms)
✔ Experience governance is reviewer-plus and never broadens contributor access (1.180417ms)
✔ inventory reflects the effective channel and filters business names (1.769042ms)
✔ audit filtering relates lifecycle and binding events to the selected application (0.3355ms)
✔ audiences and drift stay compact governance projections (0.376125ms)
✔ unavailable drift data never renders a healthy zero or green state (0.625666ms)
✔ Govern navigation remains contained and keyboard-reachable on narrow viewports (0.32025ms)
✔ workspace app repair remains directly available to workspace admins (3.804208ms)
✔ invalid runtime sends non-admins to the isolated unavailable page (0.548375ms)
✔ legacy non-admin lifecycle access keeps its governance fallback (0.245875ms)
✔ admin UI performs exact plan/apply and reuses its Idempotency-Key after a failed retry (7.204ms)
✔ workspace epoch reset atomically clears catalog, pending plan, receipt and retry state (0.480583ms)
✔ a delayed registry response from workspace A cannot replace the loaded workspace B catalog (0.55725ms)
✔ non-admin UI does not call the governance API even when reached directly (0.127875ms)
✔ catalog sorts strict semver and derives only valid authoritative transitions (1.460917ms)
✔ an absent app installs only the latest exact digest and never carries settings or entitlements (0.119333ms)
✔ an installed row whose digest is absent from the registry cannot be uninstalled from the UI (0.453958ms)
✔ response identity rejects an old workspace epoch even when a slug is reused (0.073792ms)
✔ apply retries reuse one key; success and workspace reset retire it (0.178458ms)
✔ a blueprint dry-run remains applicable only for its exact target and choices (0.416417ms)
✔ JSON edits and policy changes invalidate a blueprint plan (0.085792ms)
✔ computes a delta only when both measurements are present (1.15875ms)
✔ counts capabilities independently from any Run aggregate (0.1085ms)
✔ formats numeric impact values without changing the historical display (0.154208ms)
✔ renders descriptive impact values and rejects values that cannot be displayed (0.132291ms)
✔ portfolio value-loop summary preserves real zero risk and measured outcome (2.416334ms)
✔ portfolio value-loop summary never turns missing or unconfigured evidence into zero (0.439ms)
✔ builds a UTC calendar from naive from/to and does not pad missing days (3.249084ms)
✔ joins sparse buckets by date and never treats absence as not_configured zero (12.487833ms)
✔ partitions hors-denominateur on hours and keeps native units in-denominator (1.136959ms)
✔ runs projection is ink-only, never sums native units, and shares a dot step (1.451417ms)
✔ picks the peak day from measured+declared and marks stale systems (0.539833ms)
✔ sankey widths are run counts and outside systems keep their native outcome (0.353083ms)
✔ rivers stack measured first, then declared by weight with alternating teal tones (0.325084ms)
✔ calendar ticks carry range bounds and ISO weeks without crowding the end (0.20775ms)
✔ week spark collapses the calendar from the end without fabricating cost (0.165375ms)
✔ foldFacts never returns a fabricated zero for a non-available fact (0.126708ms)
✔ sorts register rows with null facts last (0.564584ms)
✔ basis helpers treat status none as unusable (0.070375ms)
✔ ratio stays unset when cost is not measured (0.13075ms)
✔ parseViewsPayload falls back to Direction / Operations / Conformite defaults (2.235292ms)
✔ legacy units denominator is an alias of runs (0.1505ms)
✔ toggle and move keep the rest of the view intact (0.17375ms)
✔ replaceView is a full-list replace of one id (0.156875ms)
✔ workspace reset synchronously purges Capture tenant signals before B is published (6.321708ms)
✔ workspace reset during feed hydration neither mutates B nor opens session A transport (1.621541ms)
✔ a LiveKit connection created after A→B is immediately closed and never falls back (1.130125ms)
✔ a rejected LiveKit open after A→B cannot enter the backend fallback (0.326583ms)
✔ workspace reset invalidates an in-flight finalize recovery before its HTTP POST fallback (4.366459ms)
✔ publication requires an explicit accepted state, never triggers review (2.946542ms)
✔ a loaded publication restores its receipt and clears on session change (1.150709ms)
✔ a lost publication reply recovers the stored receipt without a second POST (1.42825ms)
✔ late publication replies cannot restore another workspace receipt (1.393416ms)
✔ a proposal from another session cannot restore a publication (1.382042ms)
✔ a successful publication stores the canonical receipt without an implicit review (0.449875ms)
✔ FSE template plan remains blocked until its System is resolved (1.514666ms)
✔ FSE template exposes three EX70 intervention types with plan seeds (0.866292ms)
✔ equipment_progress applies only to weekly_site and process (0.159583ms)
✔ seed defaults prefill HSE, distribution and site_modifications (0.2185ms)
✔ checkbox_group and equipment_progress fill rules (0.124875ms)
✔ weekLabelFromIsoDate returns ISO week (0.109709ms)
✔ FSE cartouche exposes week and issued_by (0.05525ms)
✔ coerceCaptureTemplate merges intervention_types and field options (0.269625ms)
✔ composePublicationName follows PROJECT-Supervisor-Week (0.117708ms)
✔ pickFseSystem uses template_id then name when no binding (0.491834ms)
✔ pickFseSystem prefers a bound id that is still in the list (0.080459ms)
✔ systemIdFromBindingResolve only accepts an ok binding (0.069792ms)
✔ publication opens only its confirmed collection, without interview memory or duplicate creation (6.731042ms)
✔ failed or wrong-scope context never opens chat and can be retried (0.509125ms)
✔ workspace, publication change, close and destruction cancel pending handoffs (0.453292ms)
✔ the publication handoff stays within the existing adoption rollout (0.629583ms)
✔ unknown delivery reuses request identity and double click does not resubmit (7.747834ms)
✔ stale state is explained and a rejected request can be reviewed again (0.498666ms)
✔ workspace changes discard late retry responses (0.181583ms)
✔ non-admin, active, completed and governed ingestions cannot be retried from the panel (0.173333ms)
✔ every recovery label exists in both languages (0.227334ms)
✔ only a persisted missing-original diagnosis replaces the raw error (0.222625ms)
✔ timestamps respect the selected locale and naive server timestamps stay UTC (18.639125ms)
✔ source retrieval failure is not converted to an empty collection (0.204333ms)
✔ a resolved LiveKit A connection is closed before the consumer can fallback under B (1.660167ms)
✔ workspace reset during microphone enable cannot rearm capture in B (0.2455ms)
✔ command palette drops A index and rejects an old dynamic command after A→B (5.7255ms)
✔ Capability scope hides its own level and routes Systems inside the same ancestry (3.470958ms)
✔ clicking the active mini-rail scope is a strict no-op (0.564542ms)
✔ an unflagged workspace keeps the historical Operate section set (0.54325ms)
✔ the Flow entry reads Scratchpad only while it opens the scratchpad (0.343417ms)
✔ sections other than Flow are named from the catalog whatever the URL (0.108084ms)
✔ axes v4 exposes no object index under the Portfolio-only Hypervisor destination (0.115542ms)
✔ experience studio prepends Business application to the Create catalogues (0.162542ms)
✔ nav v5 Operate sommaire has no object ladder and exposes a System facet branch (I1) (0.654208ms)
✔ breadcrumb renders only graph-proven nodes with their canonical labels and hrefs (21.505834ms)
✔ side rail delegates every lens route to the route-owned navigation projection (37.194ms)
✔ demo rail uses Mission Room home only when the extension is enabled (0.473041ms)
✔ axes v4 makes Hypervisor the Portfolio home even in a demo workspace (0.228ms)
✔ experience_v1 Build verb opens the Create hub (0.211166ms)
✔ TitleBar drops A telemetry atomically and reloads only B after a workspace switch (4.370958ms)
✔ TitleBar commits B only after the guarded exit from A succeeds (1.931959ms)
✔ a tenant without a light variant shows the same emblem in both themes (1.383792ms)
✔ a declared light variant is swapped in on the light theme, live (1.353833ms)
✔ a workspace with no brand at all keeps the Agentium mark (0.267792ms)
✔ generic provider renders only neutral copy and calls the exact core contracts (11.400542ms)
✔ generic provider purges atomically and rejects every late previous-workspace payload (2.29075ms)
✔ generic provider direct switch delegates only after its old epoch is purged (0.407917ms)
✔ unknown and specialized views never issue provider requests (0.486834ms)
✔ MissionRoom presentation uses runtime authority over crossed legacy settings (21.25225ms)
✔ MissionRoom direct construction stays neutral when enabled runtime authority is invalid (0.668166ms)
✔ MissionRoom observes the authoritative navigation payload only after installing it unchanged (1.325458ms)
✔ MissionRoom neither installs nor observes a navigation response invalidated by A -> B (0.711458ms)
✔ MissionRoom direct rail switch purges tenant state before publishing the next epoch (0.691917ms)
✔ MissionRoom continues the legacy payload flow when shadow observation throws (0.599125ms)
✔ MissionRoom cancels the scoped createAction refresh before late A reads can mutate B (0.768542ms)
✔ MissionRoom cancels action and pending-agenda continuations on A -> B (2.624666ms)
✔ MissionRoom startMeeting stays pinned to A and cannot navigate after A -> B (0.7735ms)
✔ MissionRoom cancels visual capture and image hydration before Sentinel can leak into Octocity (0.796791ms)
✔ MissionRoom cancels every agenda write continuation before Sentinel -> Octocity publication (0.806708ms)
✔ MissionRoom ignores a delayed search response across sentinel-ci -> octocity-mission-room (0.503833ms)
✔ MissionRoom ignores a delayed search response across octocity-mission-room -> sentinel-ci (0.523625ms)
✔ generic Agentium branding is not classified as the Octocity presentation (0.335625ms)
✔ Mission Room extension keeps the existing route and API contract (0.804ms)
✔ Sentinel resolves its own brand, assistant and action packs (0.253708ms)
✔ Octocity resolves its own brand, assistant and action packs without Sentinel terms (0.113083ms)
✔ immersive shell is restricted to an enabled demo extension route (0.101125ms)
✔ legacy Sentinel demo profile resolves to the canonical extension profile (0.073208ms)
✔ authoritative Sentinel runtime ignores every tampered Octocity legacy field (0.25775ms)
✔ authoritative Octocity runtime ignores every tampered Sentinel legacy field (0.143125ms)
✔ enabled Workspace App platform never falls back to legacy Mission Room settings (0.083792ms)
✔ generic 1.0 and 1.1 installs stay fail closed without a provider contract (0.18325ms)
✔ generic 1.2 runtime is enabled only by the exact provider contract (0.237541ms)
✔ Octocity last-mile presentation removes every Sentinel vocabulary family (0.5595ms)
✔ presentation is profile-scoped and bounded around the CI token (0.125459ms)
✔ Mission Room extension preserves its exact public route table (0.848834ms)
✔ macro strip renders nothing tenant-branded before its aggregate answers (3.333583ms)
✔ macro strip stays tenant-neutral when the aggregate fails (0.590792ms)
✔ macro strip renders the workspace payload it is actually served (20.506ms)
✔ every key the serving surfaces name has FR and EN copy (1.508792ms)
✔ the card mounts the Playground on the read it already made (0.166209ms)
✔ the request the Playground sends is MLflow serving shape (0.077333ms)
✔ a card off the serving alias predicts from itself, form and snippet alike (0.182792ms)
✔ an answer shows itself to whoever pressed the button (0.365958ms)
✔ the route and the header are the server’s facts, never retyped in the UI (0.106125ms)
✔ the key panel shows a prefix, and the secret only from the mint response (0.093417ms)
✔ a revoked key stays visible, because a demo has to show it stop answering (0.085625ms)
✔ the gauge animates, because the jump is the argument (0.175916ms)
✔ the dial is an instrument: a ramp, a glow, and a point to read it off (0.151083ms)
✔ one property carries the dial’s verdict to everything drawn from it (0.102417ms)
✔ each dial owns the gradient it paints itself with (2.770958ms)
✔ the explanation is asked for explicitly, and only for the one row on screen (0.333958ms)
✔ publishing links into the catalog and carries the model’s provenance (0.718459ms)
✔ the catalog card says which model a published skill answers from (2.076958ms)
✔ the monitoring tab reads the journal and closes the feedback loop (0.152209ms)
✔ the score tiles carry a delta and the comparison tab is mounted (0.099125ms)
✔ the card names the challenger, and takes that fact from the server (0.1515ms)
✔ promotion hands back both halves of the lineage (0.050292ms)
✔ the card says which version it is without opening a tab (0.034833ms)
✔ the hero says what kind of model this is, not only how it was fitted (0.076041ms)
✔ a dead link to a model says so, and offers the way back (0.118083ms)
✔ the card banner is the pipeline, not the version chain (0.05925ms)
✔ the lineage reads forwards, and marks the current and the serving one apart (0.103083ms)
✔ the model card draws its charts from the shared viz kit (0.086583ms)
✔ the curves are chart.js, and they are hoverable, because the elbow is the argument (0.250625ms)
✔ the comparison tab weighs a pair, and never one version against itself (0.0825ms)
✔ a fit reads as a check-list wherever it is watched, and says when it lands (0.150791ms)
✔ only a queued or running fit keeps a surface polling (5.594792ms)
✔ every model status is classified, so none can silently spin forever (1.153667ms)
✔ each algorithm family gets its own icon so the picker reads at a glance (0.5395ms)
✔ a metric is rendered in its own units, never as a bare ratio (17.035875ms)
✔ a missing score reads as absent rather than as a zero (0.476417ms)
✔ a verdict is only given where the metric scale is absolute (0.162208ms)
✔ higher-is-better is stated per metric, not assumed (0.090667ms)
✔ the row score prefers the list payload but falls back to the detail block (0.145875ms)
✔ the best score never ranks one metric against another (0.157791ms)
✔ the best score minimises a metric where lower is better (0.139375ms)
✔ an unfinished or unscored run cannot become the best score (0.099541ms)
✔ importances are normalized against the strongest column of the run (0.144ms)
✔ a column that hurt the score is flagged, and still sized by magnitude (1.986875ms)
✔ importances are capped so a wide table cannot become the whole card (0.413791ms)
✔ class balance carries the share, which is what makes accuracy readable (0.271334ms)
✔ a knob is clamped the way the backend will clamp it (0.081792ms)
✔ a knob at its auto point reads as “let the estimator decide” (0.583ms)
✔ knob defaults come from the descriptor, so the form opens where the server would (0.812167ms)
✔ the target picker offers only what can actually be predicted (0.079042ms)
✔ a numeric column stays offered however many values it holds (0.044333ms)
✔ plan columns project into the shared table without losing the profile (0.105208ms)
✔ features default to every column but the target, as the backend does (0.050667ms)
✔ every refusal the backend can raise has a sentence and a field (0.06ms)
✔ a refusal renders next to the choice that caused it (0.044167ms)
✔ the identifier warning is named, so a leaky column is called out by name (0.054583ms)
✔ a worker error splits into the code the UI can name and the line it cannot (0.13525ms)
✔ a multi-line harness error keeps its tail, which is where the cause is (0.035917ms)
✔ every terminal failure the worker writes has a sentence of its own (0.049541ms)
✔ the form opens on the example the fit carried, not on the contract default (0.0665ms)
✔ with no example the form still opens filled, from the typical row (0.033667ms)
✔ a field with neither example nor default opens empty rather than as "undefined" (0.035708ms)
✔ a numeric box is sent as a number and a cleared box as a hole (0.054666ms)
✔ a numeric field holding text is sent as it was typed, so the refusal names it (0.031875ms)
✔ the gauge is about the positive class, named, not a bare number (0.19025ms)
✔ the dial is measured against the circle a browser actually draws (0.03825ms)
✔ the handle rides the tip of the stroke it terminates (0.495ms)
✔ a full dial parks its handle a dot short of the pattern, not off the end (0.116167ms)
✔ landing outside the positive class reads as a probability of it, not of the answer (0.207708ms)
✔ with no positive class the gauge falls back to how sure the model is (0.063666ms)
✔ a row with nothing to show on the dial draws no dial at all (0.059459ms)
✔ contributions are normalized against the strongest effect on this row (0.137083ms)
✔ the snippet is the request that was just made, key masked to its prefix (1.441625ms)
✔ a card that is not the one serving names its own version, so its form is judged against its own signature (0.151458ms)
✔ the snippet carries the same pin the button used, so a copy reproduces the answer (3.368084ms)
✔ the one response that carried a secret puts it in the snippet verbatim (0.101625ms)
✔ with no key at all the snippet says where one goes rather than looking done (0.042208ms)
✔ a provenance line names the serving version and quotes its score (0.153291ms)
✔ a provenance with no readable score still says which version answers (0.043625ms)
✔ the pipeline banner walks dataset, transform, this version and scored tables (0.114083ms)
✔ a card with only this version is not a pipeline (0.042458ms)
✔ a skill that answers from no model claims no provenance (0.03525ms)
✔ drift bars rank PSI the same way importances rank a feature (0.247667ms)
✔ the AUC trace is two points so the curve kit can draw the drop (0.586958ms)
✔ every coded serving refusal has a sentence of its own (0.0845ms)
✔ a delta is judged by the metric, so a smaller error is an improvement (0.176792ms)
✔ a move too small to mean anything is rendered flat, not as a win (0.038583ms)
✔ with nothing to compare against there is no delta rather than a fake zero (0.031291ms)
✔ a delta is measured against the newest trained version below this one (0.086625ms)
✔ a lineage of one has nothing to measure against (0.032083ms)
✔ a failed retrain never becomes the version a delta is read against (0.036458ms)
✔ the version that serves compares against its contender, not against nothing (0.079209ms)
✔ a version with one below it still compares backwards (0.037709ms)
✔ a lineage of one, and a failed sibling, have nothing worth a table (0.031917ms)
✔ comparison aligns two versions and marks the side each metric favours (0.248709ms)
✔ a metric only one side produced is left out rather than shown as a drop to zero (0.03675ms)
✔ every key the model plane assembles at runtime has FR and EN copy (0.128791ms)
✔ every metric the card can score has a label and a hint in both locales (0.06425ms)
✔ a step brings the count that says how much of the wait is left (0.107291ms)
✔ the check-list follows the step the row claims, and invents none (0.163375ms)
✔ a line that will never tick is not drawn (0.095458ms)
✔ the fold counter is live while the folds run, and never after (0.095709ms)
✔ the row count belongs to the fit, and to no other line (0.100083ms)
✔ every sentence the check-list can render exists in both languages (0.2115ms)
✔ a failed turn leaves the conversation open, and the next one is answered (10.113875ms)
✔ a synthesis failure keeps the room; the answer is already on screen (0.537709ms)
✔ an unreadable frame is survived without a word about it (0.524334ms)
✔ a lost room is given up, so the button means what it says (0.884625ms)
✔ a closed room is given up whatever it said on the way out (0.321542ms)
✔ a request for the live service is offered and nothing is started (1.592833ms)
✔ the identity reply fills the offer instead of reaching the engine (0.864791ms)
✔ the press takes the audited path, and forgets the code (2.570875ms)
✔ a spoken identity fills the same offer, so the press is the same (1.216875ms)
✔ nothing is offered where the workspace has no System to reach (3.603917ms)
✔ pressing again after a failed turn does not open a second room (0.370125ms)
✔ the NAWA transcript announces appended turns and its pending state (1.440292ms)
✔ the retrieval prefix is stripped, the section heading is kept (0.7475ms)
✔ a citation quotes the policy, not the document masthead (0.14575ms)
✔ front matter is never dropped to nothing (0.060416ms)
✔ a long passage is cut at a word and marked as cut (0.235625ms)
✔ the excerpt shows the sentence the answer rests on, not the chunk opening (0.182792ms)
✔ an excerpt whose opening does support the answer keeps its opening (0.092167ms)
✔ a passage that echoes nothing in the answer falls back to its beginning (0.079375ms)
✔ the excerpt obeys the same length budget as the prefix it replaces (0.129833ms)
✔ the excerpt comes from the published policy, verbatim (1.233125ms)
✔ the excerpt never quotes the document control block or a heading (0.519417ms)
✔ a policy that says nothing the answer echoes yields no excerpt (0.208625ms)
✔ file names are read as document titles (0.315ms)
✔ elapsed time reads as a duration, never as a raw float (0.085291ms)
✔ every suggested question is a question a desk receives (0.106958ms)
✔ a staffing tally is the label plus a count and nothing else (0.6925ms)
✔ the two readings partition the field, so nothing is lost by the toggle (0.51325ms)
✔ the card summary is the first prose line, never a headcount (0.372625ms)
✔ an entry the workbook left blank says nothing rather than something invented (0.19025ms)
✔ search reads the name and both process fields (0.662667ms)
✔ business totals count what is listed, missing figures included as zero (0.132916ms)
✔ the speed-up refuses to speak when the two columns do not support a claim (0.141708ms)
✔ every assistant line quotes a value the run produced (3.785458ms)
✔ the requester is quoted from the settings, never paraphrased (0.813833ms)
✔ the drafted message reaches the requester verbatim, exactly once (0.478209ms)
✔ a lane with no drafted message closes on the flow’s own outcome wording (0.265167ms)
✔ the classification is read out as the identifier the model returned (0.461125ms)
✔ no technical diagnostic reaches the conversation (0.218208ms)
✔ no bench vocabulary reaches the conversation (0.160917ms)
✔ no privileged action is narrated on a lane that performed none (0.096375ms)
✔ a paused run claims nothing while it waits (0.556083ms)
✔ an answered gate shows the decision that was recorded (0.11625ms)
✔ a queue selection with no run yet shows the request alone (1.192292ms)
✔ a System installed before the presets still renders the assistant side (0.116125ms)
✔ timestamps are clock readings, or absent (0.223041ms)
✔ 1 · the reset is recognised, offered, and not started (8.366292ms)
✔ 2 · the press composes the audited case, and never carries the code (4.43425ms)
✔ 2 · the run is read back off the run, line by line (1.081583ms)
✔ 3 · a policy question is answered from the library, with its passage (0.697917ms)
✔ 4 · a planned service plays the customer’s own procedure (0.7945ms)
✔ 4 · approving resumes the walk and closes it; declining changes nothing (1.011958ms)
✔ the turns are one conversation, and the engine names it (0.578292ms)
✔ a new conversation drops the thread and sends none (0.55425ms)
✔ the same demonstration spoken renders the same turns (1.290208ms)
✔ what is spoken aloud is not what is on screen (1.931917ms)
✔ nothing in the demonstration names a provider or a model (1.242583ms)
✔ no turn of the demonstration claims an action it did not take (0.448834ms)
✔ a citation shows the passage the retrieval returned (6.02075ms)
✔ the response numbering wins, and the tool result supplies the text (1.529709ms)
✔ a citation with no chunk id is joined on its file and page (0.198667ms)
✔ a citation nothing can be quoted for is not offered (0.420209ms)
✔ the retrieval window is cut around the sentence the answer used (0.355ms)
✔ the published policy is preferred over the retrieval window (0.183833ms)
✔ the elapsed time on screen is the wall clock the surface measured (1.565042ms)
✔ the documents a turn needs are named by bare file name (0.140541ms)
✔ the library is called unsupported only once it has been searched (0.115333ms)
✔ an engine that could not be reached says so, and claims nothing (0.153292ms)
✔ a previewed service is played from the catalogue entry the tool returned (3.503375ms)
✔ the family count comes from the catalogue the surface still holds (2.69825ms)
✔ a run the engine started is handed to the screen to follow (0.086583ms)
✔ a turn that started a run does not also play a preview of it (0.059291ms)
✔ the service that runs here is offered, not previewed (0.250541ms)
✔ the offer follows the hint when no tool named the service (0.216917ms)
✔ a service the rollout has not reached is played, never offered (2.0215ms)
✔ a question about the rules never sprouts a button (0.19875ms)
✔ the only service offered is the one this surface can actually launch (0.987ms)
✔ a listed shortlist is shown as names (0.367375ms)
✔ a tool that refused is quoted refusing, in the engine’s own words (0.088333ms)
✔ nothing rendered names the model or the provider (0.136958ms)
✔ a spoken turn and a typed turn render identically (0.098792ms)
✔ the gateway event is read as a turn, and nothing else is (0.084084ms)
✔ a payload with missing collections still renders (0.050791ms)
✔ the transcript events feed the composer while someone speaks (0.0585ms)
✔ the session id the engine returned is the one the next turn sends (0.05875ms)
✔ the header says which conversation is being remembered (0.07025ms)
✔ the catalogue is projected onto the four columns the tools read (0.092292ms)
✔ the catalogue is capped where the engine caps it (0.138583ms)
✔ an entry the engine could not project round-trips through a preview (0.208ms)
✔ the hint and the catalogue travel together (0.180958ms)
✔ the room is opened in assistant mode, not merely on the assistant surface (0.04125ms)
✔ the gateway’s echo is what says which loop was started (0.046625ms)
✔ a failed turn is not a lost room (0.154208ms)
✔ a lost room is really lost, and unknown failures are treated as one (0.140084ms)
✔ nothing else is read as a failure of the session (0.031459ms)
✔ what the room says about a failure never reaches the screen (0.040834ms)
✔ the context reaches the room in frames that reassemble into itself (0.448916ms)
✔ a frame stays under the transport’s packet ceiling, accents included (0.278916ms)
✔ a context that fits is still framed, so there is one shape and one path (0.067708ms)
✔ the catalogue the room receives is capped where the engine caps it (0.5565ms)
✔ a frame never splits a surrogate pair (0.100375ms)
✔ the chunk size is the transport’s, not a number the caller invents (0.109584ms)
✔ the remediation entry is not a waiting request (3.638625ms)
✔ dropping that row does not drop the remediation itself (2.370291ms)
✔ no catalogue vocabulary reaches a row (0.157666ms)
✔ an unauthored field is rendered as nothing, never as a stand-in (0.090792ms)
✔ a subject falls back to the request itself, truncated (0.095833ms)
✔ channels read as a service desk writes them (0.08075ms)
✔ arrival times survive both spellings the settings can carry (0.060709ms)
✔ a settings entry that is not an object is treated as absent (0.062167ms)
✔ the catalogue the harness reads is the shipped one (0.592958ms)
✔ the catalogue travels on every turn, hint or no hint (4.686042ms)
✔ a router with no opinion sends no hint at all (1.382166ms)
✔ a hint names a service and says whether it executes here (1.045583ms)
✔ the hint never names a tool (0.259917ms)
✔ requests point at the service they belong to (7.977375ms)
✔ what a microphone actually returns still points at the right service (0.517833ms)
✔ the phrasings the tables above did not think of also point somewhere (1.064042ms)
✔ questions about the rules carry no service hint (0.346375ms)
✔ every suggested request carries a hint (1.691458ms)
✔ nothing is hinted when the utterance states no need (0.149917ms)
✔ the live service is the one that runs here (0.596542ms)
✔ a planned service carries their procedure, verbatim (0.351ms)
✔ a service of the shared pattern reports how many move with it (0.125542ms)
✔ the two proofs are read out of a reply typed any way round (0.96825ms)
✔ a proof that was not given is written as missing, not omitted (0.108958ms)
✔ the case carries the requester’s own words, judged by the System’s prompts (0.12275ms)
✔ no case is composed when the System carries no templates (0.049541ms)
✔ systemIdFromBindingResolve prefers an ok binding and ignores misses (0.560083ms)
✔ the conversation satisfies the step that asks for the request (1.397791ms)
✔ the decision is the step where IT checks an approval, and only that one (0.212166ms)
✔ a procedure with no approval step yields no decision (0.077708ms)
✔ a service nobody approves does not claim to have been approved (5.698167ms)
✔ the approvers are the roles the procedure names, in order (2.204833ms)
✔ a named subject is carried into the opening line (0.225208ms)
✔ the opening line takes charge, announces the count and the stop (0.830166ms)
✔ the decision names its step and states that nothing has changed (0.882167ms)
✔ the standing mark says what a preview is and what it is not (0.572875ms)
✔ the workbook still has three services with no written procedure (0.408125ms)
✔ every service in the catalogue produces a playable plan (0.523916ms)
✔ the four suggested requests all reach a plan (1.833667ms)
✔ the pre-fix rule turned dead branches green — the fixtures still catch it (3.689875ms)
✔ nominal projects onto the six steps as documented (0.961167ms)
✔ ambiguous projects onto the six steps as documented (0.302208ms)
✔ ad_unreachable projects onto the six steps as documented (0.257209ms)
✔ ad_unreachable_fallback projects onto the six steps as documented (0.122666ms)
✔ quality_guard projects onto the six steps as documented (0.097541ms)
✔ weak_identity_pending projects onto the six steps as documented (0.079209ms)
✔ weak_identity projects onto the six steps as documented (1.003084ms)
✔ every fixture is covered by the expected table (0.261167ms)
✔ no step claims a privileged action the banner says did not happen (1.931833ms)
✔ a paused run claims no privileged action while it waits (0.220792ms)
✔ each lane resolves to its business outcome code (1.01825ms)
✔ the raw provider error never reaches the screen (1.362ms)
✔ a short answer is spoken as written (0.6285ms)
✔ a long answer is cut at a sentence, never mid-word (0.914625ms)
✔ citation markers and markdown never reach the ear (0.243584ms)
✔ sources are mentioned only when the answer was shortened (0.087ms)
✔ a procedure is spoken as a count, not as a list (0.0875ms)
✔ a single step is announced in the singular (0.058458ms)
✔ a service with no documented procedure says nothing extra (0.052875ms)
✔ an offer names the button, and says nothing has started (0.217833ms)
✔ an empty answer is admitted rather than mumbled (0.094ms)
✔ an outcome keeps more room than a library answer (0.119583ms)
✔ unknown and invalid metrics never become a zero or perfect score (0.42975ms)
✔ timeline preserves parallel execution and does not add durations serially (0.156666ms)
✔ missing and reversed timestamps are not fabricated into intervals (0.351458ms)
✔ pending, failure and unknown platform codes stay readable in both languages (1.048625ms)
✔ legacy server errors and limitations resolve without displaying English as French primary copy (0.0815ms)
✔ localized decimal and cost displays preserve missing, zero and positive tiny amounts (16.737958ms)
▶ agent-loop inspector projection
  ✔ parses allowlist lines and drops blanks, dupes, and a 9th slug (0.936625ms)
  ✔ reads a fail-closed envelope when the config bag is thin (0.410791ms)
  ✔ clamps turns and confidence to the pinned envelope (0.450625ms)
  ✔ HumanGate prompt_kind falls back to approve_write (0.112875ms)
  ✔ ITSD overlay starter is Trigger → Agent loop → Human gate → Output with a 1–8 allowlist (0.244875ms)
  ✔ canvas line names the objective, budget, allowlist size and tier (0.114875ms)
  ✔ done_when keeps one criterion per line (0.0795ms)
  ✔ optional budget fields keep cost and a minute deadline or stay unset (0.103083ms)
✔ agent-loop inspector projection (4.119958ms)
✔ every node card exposes an accessible, lock-aware delete control (1.020208ms)
✔ the node trash keeps a 24px hit area that head-row crowding cannot shrink (0.493125ms)
✔ the inspector deletes the selected node through the same store mutation (1.2905ms)
✔ global Delete and Backspace use the interactive-surface guard (0.792875ms)
✔ toolbar keeps palette, inspector, focus, compact and workbench as explicit controls (0.541083ms)
✔ authoring is the default toolbar surface and operating is one disclosure away (0.554791ms)
✔ the runtime manifest is collapsed until asked for and the empty canvas offers one way in (0.868084ms)
✔ the inspector exposes the AgentLoop envelope and a HumanGate that resumes (0.388041ms)
✔ canvas and accessible outline are synchronized FlowStore projections (0.503125ms)
✔ outline connector picker mirrors rendered ports and filters self-loops and primitive mismatches (0.700167ms)
✔ palette search exposes one real combobox/listbox active-descendant contract (0.652834ms)
✔ builder focus mode has a native-fullscreen path and a CSS fallback (0.350375ms)
✔ builder mounts one ephemeral workbench and never exposes it on scratchpad (2.823375ms)
✔ closing the inspector preserves graph selection and later selection reopens it (0.784584ms)
✔ retrieval scope remains a per-node inspector contract (0.563417ms)
✔ version preview is semantic while unloaded rows are explicitly count-only (1.096833ms)
✔ catalog projection is stable and carries usage plus carriers (13.365791ms)
✔ the excluded rows are kept apart from what a Flow may drop (4.855333ms)
✔ loaded-empty and load-error are distinct, and Retry starts a fresh request (0.93975ms)
✔ collection catalogue loads once, merges both payload shapes and sorts unique slugs (17.114792ms)
✔ document catalogue is URL-scoped, paginated, deduplicated and sorted (0.893667ms)
✔ document error is explicit and force retry starts a fresh request (0.503083ms)
✔ workspace transition clears both catalogues and ignores late document responses (0.480333ms)
✔ derived ingress kind mirrors every branch of flow_contracts._ingress_kind (0.451292ms)
✔ a node that is not an executable source has no derived ingress kind (0.071ms)
✔ ingress kind guard accepts exactly the backend enum (0.071459ms)
✔ schema derived from ports matches flow_contracts._ports_schema (2.07075ms)
✔ no required port means the derived schema omits required entirely (0.105042ms)
✔ condition names report what a Decision predicate reads (0.210375ms)
✔ condition names ignore an operator name hiding inside a string literal (0.067916ms)
✔ reference selection waits for draft hydration and never replaces graph state (1.072541ms)
✔ applying a correction never replaces unsaved or saving editor state (0.364125ms)
✔ reference reads are isolated from draft hydration and reject another System (1.17475ms)
✔ scratch Flow Builder draft from A is not restored or copied into B (1.055792ms)
✔ ambiguous unsuffixed scratch draft is neutralized in a multi-workspace account (0.123ms)
✔ untagged legacy scratch draft is not attributed to the last selected workspace (1.28575ms)
✔ valid empty flow draft round-trips without being mistaken for a missing draft (0.383542ms)
✔ malformed scoped draft without an edges array is rejected and quarantined without throwing (0.438791ms)
✔ legacy raw flow requires both graph arrays (0.19325ms)
✔ draft with a null port entry is rejected before renderer hydration (0.20575ms)
✔ connector ids are derived from (nodeId, port), not coordinates (2.073292ms)
✔ source renders no input connector; sink renders no output connector (0.643792ms)
✔ EDGE STABILITY: connector source/target ids are invariant under node move / zoom / pan / resize (0.919375ms)
✔ toConnectionViews resolves to connectors the node actually renders (never dangles) (0.404ms)
✔ connectorsToEdge round-trips and is order-defensive (0.406458ms)
✔ view → connection → edge round-trip preserves endpoints (0.381542ms)
✔ Decision route handles create canonical branch edges and preserve labels (0.403458ms)
✔ legacy branch edges without from_port bind to their labelled Decision handle (0.284459ms)
✔ with no declared schema the ingress ports name the payload keys (0.571458ms)
✔ a declared schema seeds what it demands and never invents an optional value (0.437666ms)
✔ nothing is prefilled when the entry point is ambiguous or demands nothing (0.108334ms)
✔ Retrieval identity is task-only and supports runtime and Skill aliases (2.740666ms)
✔ per-node collections and document refs normalize without cross-node state (1.273875ms)
✔ persisted refs outside the bounded catalogue remain visible and deselectable (0.657792ms)
✔ persisted Retrieval collections remain visible when absent from the catalogue (0.283083ms)
✔ changing Retrieval collections prunes document refs outside the new scope (0.434541ms)
✔ document multi-select writes explicit collection/document pairs (0.296ms)
✔ Retrieval picker rejects client scopes beyond the server bounds (1.451917ms)
✔ published Skill execution preview matches the exact node and Skill without changing the draft (0.299375ms)
✔ current Skill lookup remains read-only and distinguishes missing configuration from a pending response (2.079417ms)
✔ Skill lookups reject stale node, Skill, System and workspace responses (0.273625ms)
✔ global node deletion yields to native and ARIA interaction surfaces (1.050459ms)
✔ closest-based guard covers a nested icon inside a button or dialog (0.248167ms)
✔ scratchpad / no manifest → null (empty state) (0.655667ms)
✔ full manifest maps all four facets (0.791708ms)
✔ units chip falls back to unit_catalog length and warns when nothing is operational (0.133291ms)
✔ empty effective-config and missing retrieval → neutral fallbacks (1.5835ms)
✔ failed retrieval decision is toned negative (0.143084ms)
✔ a dropped training node carries its whole spec, unconfigured (2.633792ms)
✔ the two serving nodes drop with the params their own shape needs (0.1845ms)
✔ the inspector summarises a fit by what it predicts, and opens the studio (0.847417ms)
✔ a serving node is configured in the panel, with no dialog in the way (1.361542ms)
✔ choosing a lineage in the inspector is one undoable store write (0.710917ms)
✔ the training workshop is a modal dialog that edits the graph (0.732542ms)
✔ the studio is no-code because the server answers every edit (0.8705ms)
✔ the columns a fit is built from carry their shape, not just their name (2.891792ms)
✔ both training surfaces show the rows the fit will read, in the shared table (1.337542ms)
✔ the split, the folds and the knobs are bounded by the view model (0.3235ms)
✔ a fit in flight reads as work: a live check-list, and a stop (0.215167ms)
✔ the evidence is a score plus what it moved, and names what it registered (0.250667ms)
✔ the dataset a node fits on is picked from a list and pinned by slug (0.950542ms)
✔ a refused fit reaches the author as a sentence, never a raw code (0.47825ms)
✔ a fit is dispatched through the same endpoint the Models page calls (0.133458ms)
✔ the builder mounts one training studio for the selected node (0.377042ms)
✔ the rows a fit will read, and the rows a score wrote, use the one table (0.699125ms)
✔ the three model Skills are three roles, and nothing else is one (0.916625ms)
✔ a non-task node bound to a model Skill is not a model node (0.260875ms)
✔ the serving descriptor carries what differs, as data (6.022167ms)
✔ a dropped training node carries every key the _train block projects (1.276375ms)
✔ a dropped serving node carries only the keys its shape reads (0.143542ms)
✔ reading a training node normalises what an author can leave broken (0.665792ms)
✔ a pin is read under either spelling, because both are written (0.287125ms)
✔ reading a serving node keeps a version pin whole or drops it (0.585166ms)
✔ the split and the folds are clamped to what the studio offers (0.3775ms)
✔ an unfinished training node is refused before a round-trip is spent (0.663125ms)
✔ a serving node has to name a model, and a score node a dataset (0.172083ms)
✔ the node keeps its own refusals and hands the rest to the model plane (4.933083ms)
✔ every code the model plane can emit resolves to a sentence, not a blank (47.243542ms)
✔ a code nobody named keeps the server’s own words (1.388792ms)
✔ a training node is summarised by what it predicts (0.170167ms)
✔ a serving summary distinguishes following from freezing (0.328375ms)
✔ the picker only offers models that can answer (15.86775ms)
✔ choosing a lineage follows it; pinning a version freezes it (0.372458ms)
✔ every step of a fit has copy in both languages (8.531125ms)
✔ a node_end frame becomes a run summary, badge block included (2.260792ms)
✔ a frame without a node id names nothing and is dropped (0.257375ms)
✔ a settled node with no status reads as completed (0.162583ms)
✔ the badge block refuses values it cannot render (0.18725ms)
✔ a badge block with nothing usable in it is absent, not empty (0.204833ms)
✔ a metric outranks every row count on the same node (22.060708ms)
✔ a transform badge reads as a transition, not as two numbers (0.360583ms)
✔ a node that only produced rows shows the count it wrote (0.414791ms)
✔ a single-record prediction counts its answers (0.275458ms)
✔ a node with no data still says how long it took (0.175417ms)
✔ a node that produced neither a figure nor a duration gets no badge (0.093ms)
✔ a running node shows no figure, so the pulse is not contradicted (0.072042ms)
✔ a failed node keeps its figure and is flagged as failed (0.060625ms)
✔ a score keeps the decimals that distinguish two models (0.151084ms)
✔ a metric on the target scale is read as a quantity, not as a score (0.230167ms)
✔ a duration never asks the reader to count zeros (0.089708ms)
✔ a model chip names its version, and survives not having one (0.042583ms)
✔ a metric name resolves through the dictionary the model card uses (0.221625ms)
✔ every key a run badge names has FR and EN copy (0.219708ms)
✔ the run service records a node_end and clears the node on node_start (1.258542ms)
✔ a new run and a workspace switch both invalidate every figure (0.389666ms)
✔ the node card renders the badge it is given, and only then (0.354334ms)
✔ the default surface is Capabilities, not the registry (24.404458ms)
✔ the advanced level opens with every category collapsed (0.462375ms)
✔ the structural primitives open themselves only on an empty graph (0.251625ms)
✔ a query switches to one ranked list, announces the remainder and adds on Enter (0.64175ms)
✔ extending a node offers only what connects, and says so when nothing does (0.913792ms)
✔ a dead end names the lever that would release it, and never offers the row (4.600042ms)
✔ an industry an admin actually chose to exclude is not read as an omission (0.232583ms)
✔ the usage signal marks what runs here and what is already in this Flow (0.825625ms)
✔ search ranks the name above the description and requires every token (1.44275ms)
✔ search reaches the taxonomy and the carrying capability, and usage breaks ties (0.335333ms)
✔ capability groups carry every claimant, drop empty ones and end with the uncarried (0.956208ms)
✔ the advanced level keeps the canonical order and renders no empty category (0.162167ms)
✔ the usage shortcut disappears entirely when the workspace has no invocations (0.174417ms)
✔ an exclusion names one lever, and which one (0.232667ms)
✔ a filtered set is summarised per lever, not per reason code (14.058583ms)
✔ the hover detail carries what the row no longer spends a line on (0.4385ms)
✔ atomic promotion POST from A is cancelled before its late B callback (4.4975ms)
✔ successful promotion clears the captured A draft and never the current B slot (0.84725ms)
✔ backend save Subject from A cannot mutate UI state after switching to B (0.7125ms)
✔ Save blocks only hash-bound errors for the current validation result (1.447917ms)
✔ Validate is non-mutating and delegates the exact live revision to the sidecar (1.166666ms)
✔ bound hydration preserves an explicitly empty Flow without a starter fallback (2.308375ms)
✔ P1 hydration uses the server draft and never the System compatibility mirror (0.451166ms)
✔ P1 explicit false contract readiness overrides a raw contract hash (0.659292ms)
✔ P1 hydration barrier clears the previously pinned published contract (1.641667ms)
✔ P1 autosave is revisioned and stores an invalid draft without mutating Publish (1.848083ms)
✔ P1 draft 409 pauses writes and requires an authoritative reload (0.59725ms)
✔ P1 Publish requires rendered diff, release message and breaking acknowledgement (1.516834ms)
✔ P1 published application handoff reopens after reload or close without publishing again (2.823917ms)
✔ P1 migration baseline can be republished with an immutable contract at the same hash (1.977ms)
✔ malformed bound Flow fails closed instead of becoming an editable scratchpad (1.413ms)
✔ missing bound flow_definition is a protocol failure, not an empty Flow (1.024875ms)
✔ confirmed Clear pauses autosave and sends one explicit active replacement intent (2.215708ms)
✔ active mass import cannot save until a second explicit replacement confirmation (1.37075ms)
✔ late save acknowledgement cannot mark a newer graph revision as saved (0.582833ms)
✔ discard is the only non-save path that releases an import hold (0.631ms)
✔ failed promotion keeps the local draft and does not navigate away (1.069958ms)
✔ promotion acknowledgement for an older revision preserves the newer draft (1.381417ms)
✔ promotion keeps the draft when the atomic create response cannot prove the Flow (0.9455ms)
✔ shared flow is one-shot and Discard restores the durable workspace draft (0.909792ms)
✔ saving a shared flow consumes its hash so reload cannot reapply it (2.282167ms)
✔ malformed node ports fail closed before bound hydration (1.9855ms)
✔ active rollback options carry the hydrated hash and explicit intent (0.514542ms)
✔ Clear and mass import schedule no autosave while a meta-only edit does (1.884ms)
✔ Workbench holds a dirty snapshot unsaved and resumes autosave on close (2.438208ms)
✔ stale save acknowledgement schedules exactly one follow-up autosave (1.073334ms)
✔ Decision palette seed is executable and fail-closed by default (1.629875ms)
✔ source and asset without inputs are not offered as targets (0.582208ms)
✔ sink without outputs is not offered as a source but keeps its input handle (0.836792ms)
✔ preconnect chooses the first compatible port, not the first declared port (0.218292ms)
✔ a port-less task uses its rendered implicit connector (0.482208ms)
✔ no compatible rendered port yields neither menu item nor edge (0.214875ms)
✔ preconnect from a Decision route creates a labelled branch edge (0.292291ms)
✔ inserting a Decision upstream uses its first route handle as a branch (0.323125ms)
✔ publication does not activate; explicit activation enables the existing application handoff (4.951041ms)
✔ active, unhydrated and unpublished systems cannot request activation (0.60575ms)
✔ permission and transport failures keep application creation blocked with an actionable error (2.066625ms)
✔ an unexpected response cannot report successful activation (1.426167ms)
✔ a concurrent publication conflict leaves activation and application creation blocked (8.336917ms)
✔ switching workspace, System or published version cancels activation and leaves the new target usable (3.574958ms)
✔ destroying the component cancels activation (0.760667ms)
✔ canonical status updates can propagate errors without changing legacy callers (2.114375ms)
✔ the palette projection seeds an executable recipe node (1.136834ms)
✔ the inspector shows a recipe summary and one way into the workshop (1.177208ms)
✔ the builder mounts one workshop dialog for the selected recipe node (0.49625ms)
✔ the workshop is a modal dialog that edits the graph through the store (1.289458ms)
✔ machine failure codes reach the author as localized sentences (0.672375ms)
✔ the shared schema editor speaks the dictionary, not hardcoded English (0.556708ms)
✔ the recipe poll budget outlasts an env build and names its own timeout label (0.668625ms)
✔ the shared code editor lazy-loads CodeMirror and keeps a textarea fallback (0.7725ms)
✔ isPythonRecipeNode matches only task nodes bound to the recipe skill (1.8875ms)
✔ readRecipeParams fills defaults and normalises whatever is unset or malformed (0.74475ms)
✔ recipeWorkshopTestInput seeds the Test tab from node data (0.123ms)
✔ clampRecipeTimeout mirrors the server window (0.078959ms)
✔ previewRequirements mirrors the server normalisation (comments, dedupe, sort, options) (0.864334ms)
✔ recipeSpecKey identifies the spec by its normalised fingerprint fields only (0.290833ms)
✔ every env and execution status resolves to FR and EN copy (0.146542ms)
✔ the execution timeline projects active, terminal and unknown statuses (0.225417ms)
✔ active statuses are exactly the cancellable ones (0.118041ms)
✔ display helpers stay defensive on absent values (0.2925ms)
✔ workspace reset rejects late trigger, HITL, step and nested getRun responses (11.352041ms)
✔ status: idle → running → done across a clean backend run (2.835292ms)
✔ publication Builder executes the saved server draft, never the published Run endpoint (0.603334ms)
✔ multiple draft ingresses stay ambiguous until the operator chooses one (0.336208ms)
✔ draft test ingress selection supports a sole non-manual adapter (0.27ms)
✔ draft input modal blocks an ambiguous Flow until a real ingress is selected (1.340875ms)
✔ Decision terminal renders explicit resolution and branch label without values (1.849375ms)
✔ status: trigger failure → error (0.726417ms)
✔ HITL: pause → accept resolves and restarts the stream (0.602792ms)
✔ HITL: a refused decision does not log an approval or resume (0.4295ms)
✔ HITL: reject is forwarded; ignored when no pending gate (0.846541ms)
✔ debug: step then stop drives the debugger (0.788833ms)
✔ debug: continue forwards the live breakpoint set (0.650666ms)
✔ breakpoint debug cannot execute without a selected node (0.27875ms)
✔ breakpoints: add / remove + debug-mode cycle (0.497041ms)
✔ gating: invalid flow blocks the backend launch (0.2465ms)
✔ gating: scratchpad (no systemId) cannot Execute (0.285792ms)
✔ input editor accepts only JSON objects and reserves _debug (0.252709ms)
✔ service-owned debug metadata cannot be injected through a direct Execute call (0.440875ms)
✔ runtime badge accepts the three server modes and only falls back when canonical mode is absent (0.166375ms)
✔ gating: dirty, saving, save error, missing hash and stale manifest all fail closed (1.10025ms)
✔ Execute consumes only a current server validation for the saved hash (0.479875ms)
✔ debug is blocked in sequential legacy while normal Execute stays available (0.529042ms)
✔ 403/409/422 trigger errors stay distinct and keep operator input open (1.77925ms)
✔ authoritative hydration releases a 409 Execute latch even at the same Flow hash (0.2635ms)
✔ simulate: client-side dry run works without a System and skips the backend (0.294875ms)
✔ replay: re-emits the current run checkpoints into the terminal (0.2085ms)
✔ semantic diff detects same-count node kind, port and config changes (1.189875ms)
✔ semantic diff detects edge kind, branch and port changes with equal counts (1.96325ms)
✔ semantic diff treats executable node and edge ordering as observable (0.342458ms)
✔ semantic diff reports additions and removals rather than only count deltas (0.306542ms)
✔ semantic diff distinguishes changed and pinned-but-uncomparable contracts (0.624708ms)
✔ the palette projection seeds a runnable SQL transform node (1.563833ms)
✔ the palette projection seeds a runnable Polars transform node (0.116916ms)
✔ the palette projection seeds a runnable dbt transform node (0.161292ms)
✔ the engine identity is one fact: the palette and the workshop head agree (1.064541ms)
✔ the inspector shows an engine-aware summary and one way into the workshop (0.33625ms)
✔ the builder mounts one workshop for the selected transform node (0.443708ms)
✔ the workshop is a modal dialog that edits the graph through the store (0.4625ms)
✔ a queued run states its phase and can be stopped (0.225625ms)
✔ the libraries panel exists only for the engine that needs a venv (0.273541ms)
✔ a dbt project is authored as files, with the published model badged (0.342209ms)
✔ the dbt verdict is rendered on a refusal, not only on a success (0.477209ms)
✔ a refused program reaches the author as a sentence, never a raw code (0.334125ms)
✔ the preview never persists and never validates client-side (0.389833ms)
✔ the shared code editor lazy-loads each language and its schema completion (0.227459ms)
✔ isSqlTransformNode matches only task nodes bound to the transform skill (2.282625ms)
✔ reading the params falls back to the runnable starter statement (0.979ms)
✔ reading the params keeps only pins that reference a dataset (0.544625ms)
✔ a legacy slug key on a pin is still resolved (0.477167ms)
✔ view names are duckdb-safe, accent-free and never collide (0.628167ms)
✔ the inspector summary skips the engine's own comment syntax (1.871666ms)
✔ the line count ignores a single trailing newline (0.344292ms)
✔ the preflight only blocks the two refusals an author hits by habit (0.447084ms)
✔ a coded refusal becomes a translated sentence, engine words kept where they help (0.164833ms)
✔ a refusal that names a place carries it, so the cursor can go there (0.161792ms)
✔ a coordinate is validated before it is used to move a caret (0.0835ms)
✔ every refusal code the workshop claims has FR and EN copy (0.09ms)
✔ the completion schema exposes every name the statement can address (0.118916ms)
✔ the starter statement projects real columns, capped so it stays readable (0.081292ms)
✔ the output name falls back to the node label, then to the caller default (0.041959ms)
✔ the engine is read off the bound skill, and only for authorable nodes (0.079958ms)
✔ a Polars node cannot add libraries; a dbt project can (0.037958ms)
✔ a dropped Polars node carries a runnable script and its environment (0.0665ms)
✔ the program is read from the engine's own params field (0.11625ms)
✔ the timeout clamps to the platform window (0.03575ms)
✔ the Python preflight blocks an empty editor and a missing entry point (0.094625ms)
✔ a worker-side refusal parses back into its code and the author's words (0.065125ms)
✔ the Polars starter script addresses the source by its real name (0.055667ms)
✔ declared libraries drop blanks and comments (0.054709ms)
✔ a dropped dbt node carries a staging model, a mart and a tests file (0.082416ms)
✔ a dbt node with no chosen mart still publishes its last model (0.097042ms)
✔ the file list is the project: models first, the tests gate last (0.146375ms)
✔ editing a file writes to the params path that file lives in (0.153541ms)
✔ renaming a model follows its refs and its publication (0.200791ms)
✔ adding a model chains it onto the published one (0.091958ms)
✔ deleting a model hands the publication over, and the last one is kept (0.085875ms)
✔ publishing another model moves the port and absorbs its dataset tick (0.07875ms)
✔ ticking a model as a sibling dataset is reversible and refuses the port (0.072666ms)
✔ the extra selection survives a rename and a deletion, but not its model (0.090084ms)
✔ the stored extra selection is read deduplicated and without the port (0.072625ms)
✔ a ghost in the extra selection is refused before the round-trip (0.101166ms)
✔ the dbt preflight refuses the project shapes dbt could not compile (0.116667ms)
✔ the dbt starter teaches source(), not the bare relation (0.05325ms)
✔ the build verdict is read off the row on success and on refusal alike (0.107125ms)
✔ a worker-side dbt refusal parses back into its code and its words (0.0425ms)
✔ every engine label the workshop renders has FR and EN copy (0.095875ms)
✔ a preview says which phase it is in, and skips one it will never enter (0.1175ms)
✔ client diagnostics map into the strip vm with node ids (4.117458ms)
✔ clicking a node-scoped row selects the node and emits focusNode (0.485708ms)
✔ clicking a graph-level row (no node id) is inert (0.275125ms)
✔ a known code reads as a sentence naming the node, not as the code (2.208791ms)
✔ an unknown server code falls back to the server sentence, never to a key (0.430917ms)
✔ a node-scoped message with no node falls back rather than showing {name} (0.223833ms)
✔ vm reacts to graph edits (resolving the cycle drops the error) (0.434667ms)
✔ no issues → clean, empty rows, zero counts (0.490625ms)
✔ client issues map to rows; errors group before warnings with counts (0.129ms)
✔ current server issues are authoritative; identical client preview is deduped (0.094583ms)
✔ node_id null/undefined normalize to null (0.166541ms)
✔ fingerprint is deterministic across object key order (0.936917ms)
✔ an edit masks accepted diagnostics synchronously (4.55475ms)
✔ a late response cannot replace diagnostics from the newer request (0.554792ms)
✔ an out-of-order response is ignored even before the newer request resolves (0.3945ms)
✔ upstreamOutputs returns only ancestors of the selected node (0.928167ms)
✔ upstreamOutputs excludes self, downstream and parallel non-ancestors (0.135625ms)
✔ upstreamOutputs returns [] for a root node and for unknown selection (0.083667ms)
✔ upstreamOutputs enriches portless nodes from the manifest output_schema (0.330084ms)
✔ upstreamOutputs orders candidates by the supplied topological order (0.155125ms)
✔ filterCompatibleCandidates reuses the primitive-compat rule (0.141583ms)
✔ encode/decode round-trips and variableRefFor builds a typed selector (0.446833ms)
✔ Published pointer identity is separate from current server draft identity (0.472458ms)
✔ exact rollback evidence validates immutable and draft identities and digests (0.294458ms)
✔ server diff summary exposes contract and executable order changes (0.144959ms)
✔ component gates rollback on dual exact evidence and revision-bound fences (0.27725ms)
✔ workbench JSON object parser accepts only a top-level object (0.803292ms)
✔ golden-set parser preserves expected values and enforces the bounded wire contract (0.478833ms)
✔ golden-set parser rejects ambiguous ids and malformed input_ref values (0.138167ms)
✔ isolated-node affordance accepts only task nodes with one coherent Skill slug (0.135458ms)
✔ workbench panel exposes the three preview modes and the unsaved boundary (0.68025ms)
✔ chat input follows the selected ingress schema without synthetic aliases (2.804458ms)
✔ real side-effect acknowledgement is required before validation or dispatch (8.543916ms)
✔ chat validates and hash-binds the exact dirty snapshot without saving it (4.784791ms)
✔ a graph edit during validation fences the request before dispatch (1.133125ms)
✔ multiple ingresses require an explicit stable selection (1.611125ms)
✔ isolated node execution keeps source hash evidence and projects its result (0.855334ms)
✔ golden batch uses server verdicts even when the local output would match differently (0.939125ms)
✔ golden polling follows the server queue instead of polling every case concurrently (0.762625ms)
✔ sequential legacy validation fails closed before any workbench endpoint (0.432375ms)
✔ golden polling has a distinct one-hour budget without changing interactive polling (147.01675ms)
✔ every Flow revision invalidates completed workbench evidence (1.74675ms)
✔ workspace reset clears workbench evidence and rejects a late validation (0.551542ms)
✔ golden workbench separates unevaluated, waiting and execution errors without client scoring (0.771375ms)
✔ selection is deterministic and synchronous (inspector updates within one frame) (7.612959ms)
✔ load resets dirty; a manifest write marks dirty; markSaved clears it (0.677041ms)
✔ revision is monotone and a stale save acknowledgement cannot clean a newer edit (1.0845ms)
✔ load and snapshot preserve known and unknown top-level sidecars without graph duplication (5.178083ms)
✔ replaceAsEdit is dirty and undo/redo restores the complete metadata sidecar (3.091875ms)
✔ clear is idempotent for an already empty graph (0.236084ms)
✔ TWO-WAY WIRING: top_k edit writes the exact nested path and round-trips on reload (6.062ms)
✔ skill param home: config.params.<key> writes + round-trips (PART A.4) (0.447ms)
✔ undo/redo + connect/disconnect behave as single steps (0.386041ms)
✔ accessible outline reorder shares canonical order and one undo frame with the canvas (0.377792ms)
✔ task deletion cuts incident routes and undo restores the exact graph atomically (0.361209ms)
✔ Skill, Governance and ordinary tasks never reconnect compatible routes (0.365625ms)
✔ deletion preserves pre-existing non-incident routes without synthesising another (0.159375ms)
✔ clear is one revision and undo restores the graph (2.800458ms)
✔ edge identity includes kind, branch label and both ports (0.221416ms)
✔ Decision rename updates config, route handle, default and edges in one undo frame (1.513666ms)
✔ Decision delete removes its routes and default atomically; undo restores all (0.967417ms)
✔ Decision add, reorder and default selection each remain a single mutation (0.518583ms)
✔ two Decision labels may fan out to the same target without deduplication (0.408041ms)
✔ the canonical Skill taxonomy has the exact product order (1.14075ms)
✔ the palette section is the catalog category, never re-inferred (0.122459ms)
✔ uncategorised skills stay visible under Other (0.130167ms)
✔ skill projection exposes category/runtime without leaking palette-only top-level fields (1.224916ms)
✔ every trigger type the backend maps to an event is reachable from the palette (0.201208ms)
✔ the visibility verdict and the usage count travel with the palette entry (0.297584ms)
✔ Retrieval taxonomy is persisted as a shared canonical config marker (0.077291ms)
✔ a required Skill param fed by an upstream binding is valid while empty (0.612625ms)
✔ a required Skill param with neither value nor binding stays invalid (0.141ms)
✔ a supplied value or an optional param is never flagged, whatever the bindings (0.297041ms)
✔ only Skill params read a binding; node config and data keep the plain test (0.206375ms)
✔ binding recognition accepts a typed ref or a legacy path, nothing else (0.180584ms)
✔ routing load failure leaves no invented draft and blocks saving (9.539417ms)
✔ permissions fail closed for configuration, credentials, serving and lifecycle (1.039708ms)
✔ catalog filters provider, task and runtime and preserves explicit empty fallback (0.613625ms)
✔ saved Azure metadata pre-fills without exposing or inventing secrets (0.275666ms)
✔ workspace transition purges secrets and rejects stale test targets (0.849667ms)
✔ canonical targets match the selected pair and form input preserves additional defaults (12.8755ms)
✔ test rejects missing acknowledgement, invalid JSON and absent required inputs (0.767791ms)
✔ catalog refresh preserves active test; clearing the selection removes previous result (14.265667ms)
✔ model and token evidence is canonical trace and metrics, never arbitrary output (0.437667ms)
✔ costs distinguish catalog calculation, provider-reported zero and missing measurement (17.554083ms)
✔ unreachable connections stay selectable but carry an explicit warning, including fallback (0.441208ms)
✔ a delayed initial distribution never overwrites a later selected window (0.376625ms)
✔ a slow canonical Run read is allowed to finish without polling cancellation (1105.834042ms)
✔ Skill creation keeps Govern context and model parameters in the query, not the route path (0.929583ms)
✔ invocation evidence links preserve Govern as a query parameter (0.219417ms)
✔ connector configs and app toggles are isolated by active workspace (2.60525ms)
✔ CONNECTORS has one generic MCP card, not SAP posting or HIKMA (0.179333ms)
✔ apply requires explicit review and prevents duplicate dispatch while in flight (2.513834ms)
✔ a response from the previous workspace does not change current proposal or emit application (0.252ms)
✔ restoring a saved proposal selects its diff without applying and rejects another System (0.289959ms)
✔ Run facets track history, merge tab changes and refresh can force store invalidation (4.895208ms)
✔ Run loads its projection when the effective gate activates in the same workspace epoch (0.853292ms)
✔ Experience origins are exact API filters built from safe application slugs (0.520042ms)
✔ non-Experience and malformed origins never reach the Runs API (0.072834ms)
✔ each Run exposes a native keyboard link to its detail (0.867416ms)
✔ the status selector invalidates the visible Runs projection (0.144625ms)
✔ Runs API failures remain distinct from an empty successful list (1.072292ms)
✔ SkillInvocation is a dedicated Run child resource before the generic Run route (209.448167ms)
✔ SkillInvocation facets follow validated deep links and preserve query context on tab changes (3.984791ms)
✔ SkillInvocation loads its projection when the effective gate activates in the same workspace epoch (0.545583ms)
✔ Invocation audit uses only the authorized Run payload when projections are off and clears stale evidence (0.634625ms)
✔ creating a draft requires explicit review and suppresses duplicate sends (3.641459ms)
✔ a late response cannot cross the workspace boundary (0.428041ms)
✔ uncertain generation retries retain their key; changing inputs starts another request (3.6115ms)
✔ uncertain suite execution retries keep the same frozen request and workspace scope (0.729083ms)
✔ reopening a completed BRD job restores its batch without executing again (23.8575ms)
✔ requirement links only use test evidence from this exact BRD proposal (0.785917ms)
✔ the runtime controls are read from the descriptor, not from a local copy (7.574708ms)
✔ the runtime is named in plain words with the raw kind still available (1.077375ms)
✔ a contract cannot be invalid JSON any more, because it is never text (1.225208ms)
✔ preset inputs are a form derived from the wrapped skill own contract (0.73125ms)
✔ a preset value the target contract does not declare is named, not dropped (0.212708ms)
✔ preset inputs written by hand are still checked before they are sent (0.210667ms)
✔ a runtime parameter the descriptor requires blocks the submission (0.164ms)
✔ switching runtime drops the parameters the previous one owned (0.10425ms)
✔ a preset picks the runtime and proposes the contract, all of it editable (0.186209ms)
✔ a complete draft posts exactly what the workspace decided (0.875209ms)
✔ no capability named means no claim asked for (0.13925ms)
✔ editing the same screens patches the row and never renames the slug (0.61425ms)
✔ a refusal is shown in the server’s own words (0.750625ms)
✔ an imported requirement opens the wizard already filled in (0.190792ms)
✔ the New skill affordance appears only when the server grants skill.admin (3.639375ms)
✔ a Portal model seeds an executable prompt Skill, preserves its model and clears it on provider change (0.222458ms)
✔ the Skill picker excludes non-generative and unconfigured models, and ignores stale workspace responses (0.413583ms)
✔ Portal authoring entry requires the current workspace and server authoring right (0.612292ms)
✔ Run model summaries use recorded resolution and never infer a provider from an arbitrary model name (0.094125ms)
✔ an unknown authoring right fails closed rather than assuming an admin (0.215709ms)
✔ an authored skill lands in the registry and is selected (0.376375ms)
✔ a refused capability claim is said out loud, and the skill is still there (0.252375ms)
✔ edit and delete are offered on the rows this workspace owns, and only those (0.173084ms)
✔ a delete the API refuses is reported in the API own words (0.226625ms)
✔ a delete the API accepts clears the selection and re-reads the list (0.173417ms)
✔ an imported row opens the wizard as a draft rather than creating anything (2.254292ms)
✔ only a capability this workspace owns is offered as a carrier (0.285ms)
✔ switching workspace withdraws the authoring right until B answers (0.289584ms)
✔ Skill costs distinguish missing, zero and positive amounts below display precision (25.123334ms)
✔ Observed Skill costs never substitute a catalog price or unmeasured default (0.385375ms)
✔ Skill view purges A synchronously and only accepts the B reload (8.316125ms)
✔ Skill detail requires both the server editing right and workspace ownership (4.355792ms)
✔ Skill detail edits prompt_template through the existing wizard without losing contracts or params (4.4325ms)
✔ Skill detail edits registry_call through the existing wizard without losing contracts or params (0.527292ms)
✔ Skill detail skips registry loading when only a prompt executor is available and keeps create at Intent (0.475458ms)
✔ Skill detail reports a failed registry load and allows a fresh attempt (0.86125ms)
✔ Skill detail purges editing rights, targets, notices and stale updates on workspace change (0.886708ms)
✔ Skill detail discards a pending edit and old reads when navigating to another Skill (0.287625ms)
✔ review queue inherits scope and ignores a response from the previous scope (2.862917ms)
✔ canonical review queue serializes the System and period scope (2.885458ms)
✔ Runner JSON parser rejects malformed, null, arrays and primitives without coercion (0.895625ms)
✔ Systems routing exposes the Runner before the generic System detail route (0.106833ms)
✔ Runner live-state detector keeps polling only for non-terminal Runs (0.112916ms)
✔ an inactive durable session is never executable client-side (1.925834ms)
✔ invalid editor JSON performs zero execute requests (0.243ms)
✔ execute binds the immutable published version and hash to the request (0.964792ms)
✔ 409 latches published authority until overview and session reload both succeed (0.6815ms)
✔ session changes are fail-closed and a late previous session cannot win (0.194709ms)
✔ workspace reset invalidates an in-flight Runner overview before it can populate state (0.600083ms)
✔ route load resumes the latest durable Runner session (0.230792ms)
✔ a Flow Builder graph with declared ingresses is flow-backed (2.79975ms)
✔ the System Builder form projection keeps its RAG rendering (0.318375ms)
✔ the workspace chat System is never described as a graph (0.334208ms)
✔ variants that already own a bespoke rendering are left alone (0.306208ms)
✔ absent, empty or unauthored graphs fall back to the existing behaviour (0.146792ms)
✔ the server manifest can only narrow the verdict, never open it (0.114792ms)
✔ manifest runtime status is projected onto the matching step (0.123166ms)
✔ publication evidence and scratchpad provenance are surfaced verbatim (0.097ms)
✔ an unpublished flow-backed System reports the draft badge (0.102292ms)
✔ a source node without config.ingress_kind reports the kind publication derives (0.238208ms)
✔ a source node declaring an unknown ingress kind is not counted as a trigger (0.141333ms)
✔ an explicit rag_mode still wins for systems that are not flow-backed (0.056458ms)
✔ value-loop helpers distinguish simulation, missing measurement and observed evidence (1.156042ms)
✔ value-loop progress advances only through persisted scenario states (0.425709ms)
✔ baseline selector trusts the server eligibility flag and excludes operator, seed and canary runs (1.046916ms)
✔ late value-loop responses are rejected after a workspace, System or request change (0.422917ms)
✔ command ledger reuses an idempotency key across retries and rotates after success or context reset (0.363875ms)
✔ System value-loop visibility is authorized only by the current server Steer projection (0.783208ms)
✔ all System stage links keep their context outside the router path (2.578334ms)
✔ Design shows the server draft while the published System remains unchanged (3.652875ms)
✔ Design refuses wrong identity and failed reads, and ignores late workspace responses (0.588334ms)
✔ explicit feature opt-out and specialist/360 surfaces keep their existing projections (0.206959ms)
✔ ChatKnowledge cancels the A write chain before a late response can continue in B (4.328709ms)
✔ ChatKnowledge pins and cancels post-save reloads so late A reads cannot repopulate B (0.879333ms)
✔ ChatKnowledge keeps guide writes and their refresh in one cancellable A scope (0.687333ms)
✔ Members displays and sends a manifest-defined non-Andritz entitlement on invite (28.696834ms)
✔ Governance toggle preserves a future active key and saves it unchanged (0.73525ms)
✔ memoizeLayout rebuilds only when the key changes (0.49925ms)
✔ shouldRebuildLayout ignores hover-only input names (0.110708ms)
✔ nearestDayIndex snaps a pointer x onto the closest day (0.089167ms)
✔ placeTooltip flips at the viewport edges and stays inside (0.552916ms)
✔ wrapLabelLines keeps short names and wraps long System names to two lines (0.366041ms)
✔ easeOutProgress lands on 0 and 1 (0.248666ms)
✔ dense layout reproduces the approved scale and stacks stubs under the hours node (2.022458ms)
✔ a single converging source still curves into a lower hours node and is capped (1.262125ms)
✔ stub-only sources render without hours or value nodes (0.279083ms)
✔ truncateLabel keeps short names and ellipsises long ones (0.195958ms)
✔ niceStep picks round gridline steps that give about four lines (0.935958ms)
✔ spreadLabelRows pushes overlapping labels apart inside the plot (1.254ms)
✔ cubicSmoothPath uses horizontal midpoints between consecutive points (0.143084ms)
✔ cubicSmoothAreaPath closes to a lower band or a baseline (0.1125ms)
✔ sankeyRibbonPath is a cubic band between two node segments (0.142042ms)
✔ radial spoke math matches the approved 30-day clock (0.186875ms)
✔ accumulateStackedSeries builds lower and upper bands per series (0.202375ms)
✔ primary CTA text meets WCAG AA in dark and light themes (0.821542ms)
✔ secondary text meets WCAG AA on cockpit panels (1.202625ms)
✔ secondary text meets WCAG AA on raised surfaces too (0.49975ms)
✔ every cockpit token a component names is a token the theme defines (152.299334ms)
✔ a connection link in a new tab leaves the Skill draft in its current tab (2.141542ms)
✔ a small negative declaration keeps the correct inequality at display precision (13.101667ms)
✔ NorthForge unset value is absent, not zero business value or zero efficiency (0.347458ms)
✔ declared and estimated zeros remain values; unavailable cost cannot yield efficiency (0.625458ms)
✔ input updates and language changes refresh all cached Run summaries (0.686709ms)
✔ nonfinite values and invalid confidence never become economic or quality indicators (0.229667ms)
✔ invocation costs distinguish configured calculations, old zeros, missing evidence and tiny amounts (0.245333ms)
✔ every state maps to a painter at both tuned sizes (2.387375ms)
✔ each painter puts ink inside the canvas box (22.928667ms)
✔ dark and light are the same drawing in opposite ink (3.01775ms)
✔ resolving a preset twice hands back the cached tuning (0.074ms)
✔ renders yields below the ceiling exactly as measured (0.454833ms)
✔ keeps the ceiling itself in full and bounds everything above it (0.080917ms)
✔ renders a missing or unusable measurement as an em dash (0.064875ms)
✔ bounds the ratios observed in production instead of printing them (0.078875ms)
✔ a contract the rows can hold projects with nothing left over (1.036375ms)
✔ writing the rows back preserves the keys the rows never knew about (1.673791ms)
✔ an edit through the rows changes only what it touched (0.322375ms)
✔ a construct no row can hold is named, not flattened (0.199958ms)
✔ an empty contract is a clean slate, not a complaint (0.115333ms)
✔ a row with no name is dropped rather than writing an empty key (0.0655ms)
✔ preset inputs are derived from the target contract and typed on the way in (0.197792ms)
✔ numeric columns draw their histogram, normalized to the tallest bucket (0.639667ms)
✔ categorical columns draw their top values instead of a histogram (0.435083ms)
✔ a column with no profile draws nothing rather than a fake baseline (0.072292ms)
✔ a histogram bin with no upper edge still labels its bucket (0.061791ms)
✔ null ratios become whole percentages, and a clean column reports zero (0.071333ms)
✔ only integer and float count as numeric for alignment and histograms (0.093084ms)
✔ every column kind has a header glyph so no column renders unlabelled (0.057ms)
✔ a numeric profile states counts, then range, then central tendency (0.104958ms)
✔ a categorical profile leaves out the statistics that would be meaningless (0.071292ms)
✔ a clean column still says so, because "no missing values" is a finding (0.119292ms)
✔ a datetime column keeps its range without inventing an average (0.093792ms)
✔ a column with no profile at all offers no facts to open (0.051791ms)
✔ a row count is only stated when it is one (0.064333ms)
✔ top values rank widest first, relative to the most frequent one (0.0935ms)
✔ a high-cardinality column still shows shape, not seven empty slivers (0.05875ms)
✔ a numeric column has no top values, so its popover shows only figures (0.049375ms)
✔ byte sizes read as volumes, keeping a decimal only where it informs (25.822583ms)
✔ a column click replaces, toggles or leaves the selection alone (0.37425ms)
✔ the table states its own shape, so no caller can forget to (0.635833ms)
✔ every icon name used in a template resolves in the registry (44.387ms)
✔ every icon name declared as data resolves in the registry too (24.941542ms)
✔ no registry key is written in a form the lookup can never reach (0.516083ms)
✔ authoring and confirmation modals own focus, Escape and an accessible name (1.507417ms)
✔ the BRD upload uses a keyboard button and a focusable visually-hidden input (0.595791ms)
✔ shared modal and contextual help keep locale and pointer focus semantics (1.267792ms)
✔ AuthStore advances an opaque epoch and resets principal caches atomically (1.675833ms)
ℹ tests 1512
ℹ suites 1
ℹ pass 1512
ℹ fail 0
ℹ cancelled 0
ℹ skipped 0
ℹ todo 0
ℹ duration_ms 7730.773417
