
> agentium@0.1.0 test:unit
> node scripts/run-unit.mjs

✔ POST composes an explicit workspace with an idempotency header (3.076666ms)
✔ 401 refresh retry preserves the active X-Workspace-Slug (7.428375ms)
✔ an explicit workspace header wins over the current workspace and survives retry (38.382542ms)
✔ a wrapped 500 auth error preserves the historical refresh retry (1.044709ms)
✔ concurrent 401 retries preserve the workspace on every queued request (1.156041ms)
✔ HttpClient and direct fetch share one refresh while retaining distinct workspaces (2.264291ms)
✔ a late 401 reuses the token refreshed by an earlier request (0.69625ms)
✔ a failed shared refresh rejects every concurrent request and expires once (0.477042ms)
✔ cancelling the refresh leader does not strand a concurrent follower (0.369709ms)
✔ a started refresh survives cancellation and a later 401 joins it (0.337125ms)
✔ a 401 from the retried business request does not clear the refreshed session (0.577458ms)
✔ a 403 from the retried business request does not clear the refreshed session (1.095583ms)
✔ a 500 from the retried business request does not clear the refreshed session (0.138375ms)
✔ appearance accepts bounded options and never exposes arbitrary CSS or native profiles (5.738958ms)
✔ preview and runtime use the same palette, contrast choice and logo fallback (1.414375ms)
✔ custom mid-tone accents keep readable text at the contrast boundary (0.105292ms)
✔ listSkills keeps the backwards-compatible empty fallback by default (5.893125ms)
✔ listSkills can propagate transport errors to truth-sensitive catalogs (0.994167ms)
✔ listSystems preserves fallback compatibility but can fail closed for Studio (0.728167ms)
✔ the shared model catalogue propagates failures and resolves with the explicit System context (1.104375ms)
✔ version history keeps backwards-compatible empty/null fallbacks by default (8.352166ms)
✔ truth-sensitive version history can propagate list and preview failures (3.200083ms)
✔ round-trip: nodes.<id>.data.retrieval_defaults.top_k survives normalize (load) (1.813625ms)
✔ round-trip: annotateSidecars (save path) does not drop node data/config (0.168ms)
✔ normalize is idempotent for the budget flow (load → snapshot → load fidelity) (1.464ms)
✔ PART A.4: skill config.params.<key> is the shared home and round-trips (0.103625ms)
✔ validateFlow flags a task node with no skill bound (0.817625ms)
✔ validateFlow accepts a bound skill task with no warnings for it (0.097458ms)
✔ validateFlow rejects duplicate node ids before ambiguous map construction (0.10275ms)
✔ edge identity is structured, collision-free and rejects true duplicates (0.248959ms)
✔ strict Flow requires exactly one explicit output sink (0.214083ms)
✔ Decision condition structural validation accepts the runtime DSL and rejects unsafe syntax (1.478541ms)
✔ validateFlow accepts a fully wired Decision contract (0.830542ms)
✔ validateFlow mirrors Decision contract diagnostics (0.118125ms)
✔ validateFlow reports unwired Decision routes and foreign branch edges (3.300041ms)
✔ validateFlow pairs fork/join by real reconvergence, not global counts (0.585ms)
✔ validateFlow accepts a labelled fork whose lanes post-dominate at a join (0.246875ms)
✔ normalize backfills schema_version 3 idempotently (v2 -> v3) (0.076125ms)
✔ normalize infers typed ports from data edges that name a port (idempotent) (0.379541ms)
✔ normalize leaves legacy inputs_map dot-path strings intact (0.055ms)
✔ validateFlow: port_type_mismatch warns on incompatible primitives only (0.111834ms)
✔ validateFlow: port_type_mismatch silent on numeric widening + portless edges (0.069333ms)
✔ validateFlow: variable_unresolved warns on unknown/non-upstream refs, silent for reserved + legacy (0.372666ms)
✔ VariableRef JSON shape matches the backend strict contract (0.053667ms)
✔ validateFlow rejects the same malformed VariableRefs as the backend (0.074542ms)
✔ strict dot-path conversion refuses empty path segments (0.42175ms)
✔ topoSort returns an order for a DAG and null for a cycle (0.127ms)
✔ ingress kind typos and inbound source nodes are blocking (0.109167ms)
✔ agent loop requires a turn budget and a compact allowlist (0.0495ms)
✔ loop and retry budgets must be finite positive integers (0.099875ms)
✔ every lexicon entry is complete in both languages (0.991458ms)
✔ definitions stay one line of plain language (0.13525ms)
✔ concept ids are unique (0.353583ms)
✔ a forbidden word belongs to exactly one concept (0.158417ms)
✔ the canonical term of a concept is never itself forbidden (0.117667ms)
✔ lookups fall back instead of throwing on an unknown concept (0.083416ms)
✔ the dictionary keeps FR/EN parity across every domain (12.882917ms)
✔ each key lives in the domain module that owns its prefix (7.41ms)
✔ no key is defined by two domains, so the merge order never decides (4.383334ms)
✔ the interpolation placeholders of a key match across locales (15.1295ms)
✔ the English PR to PO desk does not keep French dossier or terrain (9.122459ms)
✔ LiveKit workspace invalidation suppresses queued data synchronously (1.426584ms)
✔ session.start carries the mode the caller asked the room for (4.272958ms)
✔ a control frame with no dedicated helper travels with its payload intact (0.268834ms)
✔ a framed answer reaches the surface as one whole event (2.057792ms)
✔ a one-frame payload takes the same path as a large one (0.214875ms)
✔ an interrupted push is dropped rather than half-delivered (0.145ms)
✔ opening a room asks for its mode from the very first hop (16.64775ms)
✔ a rejected LiveKit await after A→B is surfaced as workspace cancellation (1.226292ms)
✔ navigation guard observes V2 after the legacy decision and executes only legacy output (1.607541ms)
✔ an unexpected shadow exception never interrupts legacy navigation (0.24725ms)
✔ a direct legacy decision remains direct even when shadow reports a divergence (0.140916ms)
✔ business profile resolves the Andritz applications in their stable order (2.774959ms)
✔ a partial legacy profile cannot hide an app before the entitlement flag (0.286417ms)
✔ admin keeps the full Agentium shell unless business preview is enabled (0.335666ms)
✔ business allowed paths remain stable inputs for the navigation resolver (0.351791ms)
✔ V2 produces the business shell policy when its workspace flag is enabled (2.727958ms)
✔ app entitlements filter both legacy and V2 profiles and missing grants fail closed (3.911959ms)
✔ NavigationProfile consumes installed app authority when the platform gate is active (4.670625ms)
✔ platform authority never exposes an installed business app without a member grant (1.710334ms)
✔ NavigationProfile never revives the legacy shell when enabled platform authority is invalid (0.523917ms)
✔ business policy matrix is owned once and every destination is terminal (7.266542ms)
✔ business policy keeps the admin shell until preview is explicitly enabled (0.549958ms)
✔ V2 business redirects are executed only by the navigation resolver (2.406209ms)
✔ enabled Workspace App authority redirects every invalid runtime surface to a terminal unavailable shell (2.151083ms)
✔ invalid runtime exposes the isolated repair route only to workspace admins (0.799375ms)
✔ the unavailable page cannot masquerade as workspace state once platform authority is healthy or disabled (1.135ms)
✔ app entitlements redirect denied business surfaces to an entitled terminal route (0.474ms)
✔ an unsafe or self-referential business default falls back to chat (0.170958ms)
✔ demo hypervisor resolves once to the configured default route (0.2085ms)
✔ axes v4 owns legacy hypervisor object links and keeps Hypervisor at Portfolio (0.220458ms)
✔ builder + nav v5 sends Portfolio home to /create (D4) (0.134667ms)
✔ legacy focus and tab queries rewrite to the v5 grammar (0.138459ms)
✔ Mission Room fallback and deep links require the workspace extension (0.256208ms)
✔ a stale Mission Room default cannot loop while the extension is disabled (0.138292ms)
✔ business policy resolves a Mission Room deep link directly to its terminal surface (0.11975ms)
✔ demo entry aliases cannot create a self redirect or an Angular alias cycle (0.106333ms)
✔ workspace entrypoint resolves once with an encoded active slug (0.114459ms)
✔ workspace query on a product route activates that tenant (0.18575ms)
✔ workspace deep links activate their tenant before component construction (0.128042ms)
✔ unknown workspace deep links resolve back to the active workspace (0.098792ms)
✔ workspace load failure fallback remains owned by the navigation resolver (0.103375ms)
✔ business policy has deterministic precedence over demo and workspace entrypoints (0.14475ms)
✔ adoption generic home follows the task and retains authorized deep links (0.520625ms)
✔ an unavailable application is never bypassed by the adoption home (1.261042ms)
✔ direct navigation emits one workspace-scoped event without query or fragment (7.377125ms)
✔ explicit redirect keeps the original request, owner and typed reason (0.674333ms)
✔ explicit redirect records the final destination after a chained Angular redirect (0.675833ms)
✔ workspace extension rejection emits the resolver-owned audit reason (0.505083ms)
✔ explicit redirect survives a superseded navigation when its replacement wins (1.103125ms)
✔ a superseded redirect cannot leak into a different replacement destination (1.426209ms)
✔ cancelled or failed redirects cannot leak into a later navigation (3.029667ms)
✔ static Angular redirect is inferred from urlAfterRedirects (1.703667ms)
✔ public/auth routes and navigations without a workspace are not emitted (0.729834ms)
✔ the first NavigationEnd is safely backfilled after workspace loading (0.516ms)
✔ privacy and surface helpers redact identifiers and reuse the catalog ids (1.857667ms)
✔ navigation.transition is off unless the workspace opts in (1.24775ms)
✔ navigation.transition records zone, depth and inferred trigger behind the flag (5.733208ms)
✔ popstate navigations classify as history without leaking query text (2.16675ms)
✔ the Flow entry is named after the destination it resolves to (3.970417ms)
✔ destination naming exposes a dedicated key so a locale can override it (0.365208ms)
✔ sections without a dynamic destination keep their catalog naming (0.097916ms)
✔ Client360 stays classified under Operate in the standard admin cockpit (0.49325ms)
✔ Andritz business app catalog keeps its stable routes and API prefixes (0.426042ms)
✔ surface registry owns unique ids and every rail section references it (0.131667ms)
✔ lens changes preserve Capability, System, Run and SkillInvocation identity (21.531708ms)
✔ scope routes retain the real current ancestry (1.60625ms)
✔ object builders use canonical locators and business guards match registered surfaces (5.392958ms)
✔ axes v4 has four object lenses and a distinct Portfolio destination (0.50525ms)
✔ unknown navigation query values never influence the cockpit projection (0.547667ms)
✔ experience studio adds one Create entry and keeps the zone catalogues (1.267792ms)
✔ the data plane is one Build entry that owns both of its routes (0.420875ms)
✔ Lot 6 orphan leaves are catalogued (0.795458ms)
✔ legacy query aliases hydrate the canonical grammar (1.20875ms)
✔ nav v5 sommaire has no object-type index outside Create (I1) (0.4295ms)
✔ OBJECT_FACETS lists System descendants used by the sommaire branch (0.155333ms)
✔ a page link keeps lens and ancestry (I3) (2.102958ms)
✔ every catalogued surface route is reachable through a declared route (1.127334ms)
✔ every surface and leaf route is absolute (0.1275ms)
✔ planned orphan leaves have a catalog entry (0.166459ms)
✔ every Router path has a catalog entry or a named exemption (14.976917ms)
✔ ObjectPerspectiveStore validates, preloads and caches one invariant four-lens bundle (7.066708ms)
✔ a late server gate revocation purges the projection and refreshes workspace authority (0.808917ms)
✔ concurrent non-force loads share one authoritative four-lens request (0.415042ms)
✔ a newer force refresh wins even when it completes before the older request (0.624833ms)
✔ one snapshot mismatch retries all four reads once in the same request generation (0.389833ms)
✔ a persistent snapshot mismatch fails after one complete retry (1.3465ms)
✔ cache TTL is finite and forceRefresh atomically invalidates a fresh bundle (0.766625ms)
✔ the cache key includes workspace epoch even before a reset notification (0.868042ms)
✔ the cache key includes workspace identity when a slug is recreated in the same epoch (0.851459ms)
✔ logout and a new principal cannot reuse the previous principal cache (0.507416ms)
✔ a late response from principal A is rejected after principal B logs in (0.690958ms)
✔ a late 410 from principal A cannot revoke the projection for principal B (0.703417ms)
✔ a workspace reset rejects late responses and cannot repopulate the cache (1.158875ms)
✔ a late 410 from workspace A cannot revoke the projection in workspace B (0.237875ms)
✔ schema and cross-lens invariant violations never populate the cache (1.442375ms)
✔ a SkillInvocation request without its parent Run fails before an API call (0.120125ms)
✔ a workspace without the setting keeps the Agentium chrome (1.279416ms)
✔ the immersive workspace-app brand never rebrands the platform chrome (0.08675ms)
✔ a label and an emblem together carry the tenant identity (0.52625ms)
✔ a tenant may declare a second artwork for light surfaces (0.096958ms)
✔ the light variant alone never makes a brand whole (0.075708ms)
✔ a malformed or blank light variant falls back to the single emblem (0.081667ms)
✔ half a declaration is refused rather than mixed with our own brand (0.067083ms)
✔ a malformed setting cannot break the chrome (0.05325ms)
✔ the return route is kept only when it is an in-app absolute path (0.080916ms)
✔ a fresh browser follows the operating system (0.409167ms)
✔ an explicit preference on the unified key is honoured (0.067209ms)
✔ the business-shell key is adopted when the unified key is unset (0.0575ms)
✔ the pin's constant dark loses to a real business-shell choice (0.05425ms)
✔ a non-dark unified value outranks the legacy key (0.053709ms)
✔ garbage in either key never escapes the tri-state (0.241583ms)
✔ dispose discards recorder A without emitting a final chunk or endpoint (0.825709ms)
✔ hard stop invalidates a getUserMedia request still arming in workspace A (0.228791ms)
✔ normal endpoint still flushes audio and calls onEndpoint once (1.151125ms)
✔ the direct WebSocket lane carries the assistant mode and its session context (35.142958ms)
✔ the direct lane rejoins a framed answer exactly as the LiveKit lane does (0.557375ms)
✔ voice WebSocket pins the captured workspace query and closes on switch (5.003667ms)
✔ a rejected play promise from workspace A cannot advance or finish the B queue (3.606875ms)
✔ business proof requires a declared and granted primary entitlement (13.783541ms)
✔ business proof never downgrades to a route-only check (0.166542ms)
✔ immersive proof requires an entitlement-free extension boundary (0.133083ms)
✔ immersive proof targets the manifest that owns the Mission Room projection (0.097916ms)
✔ standard proof also fails closed on an unenforced entitlement declaration (0.134167ms)
✔ shadow runtime records a match against the exact legacy redirect decision (55.146875ms)
✔ shadow runtime reports but never applies a divergent legacy decision (3.7945ms)
✔ workspace entrypoint blocks a cross-workspace target before slug redaction (3.91575ms)
✔ system capture keeps only equality/presence proofs and never retains its query value (0.920417ms)
✔ system capture blocks a different forwarded System id without retaining either id (0.916542ms)
✔ system capture without the semantic systemId key is an observed divergence (1.458958ms)
✔ unknown runtime configuration is fail-closed evidence instead of a thrown error (4.725834ms)
✔ workspace reset atomically clears reports and rejects late A observations (2.124083ms)
✔ current complete Sentinel payload marks both critical scenarios observed without mutation (2.402542ms)
✔ sealed Mission Room proofs aggregate across workspaces and invalidate on config drift (7.663458ms)
✔ sealed proof does not survive workspace recreation with the same slug and config (9.342166ms)
✔ raw Mission Room observation cannot be resealed after same-id config drift (33.305709ms)
✔ a synthetic projection cannot overwrite an observed runtime divergence (8.899417ms)
✔ Mission Room rejects an old workspace id after same-slug recreation without epoch change (0.475209ms)
✔ Sentinel observation with an absent brand remains invalid and fail-closed (2.058667ms)
✔ Sentinel observation with a primitive brand remains invalid and fail-closed (2.289375ms)
✔ Octocity non-empty brand without style is compared as the Sentinel UI fallback (4.133625ms)
✔ Octocity contradictory brand label is retained only as a private fingerprint input (1.475792ms)
✔ Mission Room brand label/style fields fail closed when present with invalid types (1.187875ms)
✔ Mission Room observation error is preserved as fail-closed evidence (0.868042ms)
✔ Mission Room payload with a slug inconsistent with its scope is ignored (0.122833ms)
✔ registry IDs are unique and deterministically ordered by priority (2.400583ms)
✔ Andritz member keeps the rendered business experience and hard-coded surface order (1.477ms)
✔ app entitlements filter the V2 business policy in canonical order and fail closed (0.815292ms)
✔ app entitlement payload is ignored until its feature flag is enabled (0.409667ms)
✔ workspace app runtime is a strict no-op while its feature flag is off (4.677375ms)
✔ authoritative business installations own surfaces and routes without legacy fallback (11.616125ms)
✔ authoritative business installations require grants even when the legacy entitlement flag is off (0.629292ms)
✔ three Andritz installations expose four entitled surfaces without a fourth app (0.458375ms)
✔ authoritative Mission Room projection isolates Sentinel and Octocity from crossed legacy terms (0.909375ms)
✔ runtime bootstrap transports the generic provider contract and rejects malformed endpoints (0.928709ms)
✔ enabled platform fails closed to an isolated unavailable shell when runtime authority is absent or invalid (0.384042ms)
✔ invalid runtime keeps the unavailable page terminal and grants only admins the isolated repair route (0.297375ms)
✔ Andritz admin remains standard while admin preview restores business (0.398167ms)
✔ workspace_admin role template is classified as admin (0.156708ms)
✔ unsupported admin shorthand is not broader than WorkspaceService.isAdmin (0.146ms)
✔ custom primary_surfaces and link/hidden access do not drive legacy shell or routes (0.255083ms)
✔ business compatibility aliases remain route-sensitive and canonical (0.368208ms)
✔ configured business defaults never retain query values in either projection (0.217833ms)
✔ system capture compares semantic query presence without retaining its value or System id (0.815125ms)
✔ observed system capture compares a decoded query to an encoded route segment (0.125375ms)
✔ workspace entrypoint comparison preserves tenant equality without retaining the target slug (0.261583ms)
✔ comparator consumes the decision actually observed from NavigationResolverService (0.497625ms)
✔ legacy Showcase portfolio projects standard chrome and all five cockpit verbs (1.206208ms)
✔ Sentinel API observation maps app label separately from assistant and ignores Systems ownership (0.362958ms)
✔ Octocity API observation is selected by settings, never by slug (0.238417ms)
✔ Octocity compatibility defaults are profile-driven after a workspace rename (0.142334ms)
✔ Mission Room compares the effective rendered brand label and style (0.283792ms)
✔ candidate and independent legacy oracle honor Mission Room label as assistant fallback (0.117375ms)
✔ immersive workspace app is scoped to final Mission Room route only (0.722916ms)
✔ overlap precedence composes profiles then workspace app then active business (0.4235ms)
✔ malformed settings and unknown adapters are reported fail-closed without throwing (0.461083ms)
✔ comparator emits sorted canonical paths and explanations require exact triple (0.726042ms)
✔ explanations require complete non-empty governance and exactly one exact match (3.468ms)
✔ fingerprint is canonical, exact, and changes with any compared value (0.156709ms)
✔ public diffs redact values while the exact raw mismatch still changes the fingerprint (0.177ms)
✔ MissionNavigation observation detects exact item order but never resolves backend Systems (0.728083ms)
✔ MissionNavigation proof fails closed when items or required app fields are absent or malformed (1.103167ms)
✔ MissionNavigation observation preserves extra keys and duplicates so drift remains visible (0.700208ms)
✔ exported critical matrices are complete and produce parity (0.960291ms)
✔ rollout gate opens only with one current valid observed proof per critical scenario (0.48925ms)
✔ rollout gate blocks wrong versions, stale epoch, unknown adapter and missing MR observation (0.509166ms)
✔ rollout gate blocks an expired explanation and an unexplained divergence (0.888333ms)
✔ rollout gate rejects tampered comparison identities and internally inconsistent statuses (0.745125ms)
✔ scenario key drops query/fragment and canonicalizes dynamic workspace and System segments (0.054ms)
✔ legacy projection is independent from the exported adapter registry (0.067834ms)
✔ legacy oracle has no structural dependency on candidate registry or policy functions (0.383875ms)
✔ legacy oracle is anchored directly to NavigationProfile, Shell, SideRail and Mission Room UI (0.102875ms)
✔ independent legacy parsing can expose candidate drift instead of producing a synthetic match (0.147042ms)
✔ candidate constant drift cannot move the independent legacy UI oracle (0.097792ms)
✔ the current workspace is captured before dispatch and pinned across a 401 retry (32.7565ms)
✔ an explicit X-Workspace-Slug header wins over requested and current workspaces (0.790042ms)
✔ a repeated 401 is returned after one retry and is never replayed again (0.386375ms)
✔ concurrent direct requests share one refresh exchange (0.454333ms)
✔ an abort during refresh prevents the retry dispatch (0.451417ms)
✔ evaluation context written in workspace A is never read or posted in B (2.1135ms)
✔ ambiguous legacy evaluation context is consumed without adoption (0.101458ms)
✔ a tagged legacy evaluation context migrates only to its origin workspace (0.084875ms)
✔ untagged Settings preferences may migrate for a sole known workspace (0.626375ms)
✔ untagged System drafts are not attributed to the last selected workspace (0.091417ms)
✔ a workspace declares the language its pages open in (0.439792ms)
✔ a workspace that declares nothing gets no opinion (0.074584ms)
✔ a locale the product does not have is not a locale (0.065666ms)
✔ a presentation block that is not a block is ignored, not trusted (0.057958ms)
✔ workspace Chat is not reused when the deep-link slug changes (0.51875ms)
✔ workspace Chat remains reusable inside the same workspace (0.083334ms)
✔ workspace shell is recreated from workspace A settings to workspace B settings (0.065875ms)
✔ hierarchy detail components are recreated when their route-owned id changes (0.059084ms)
✔ Experience Studio editor is recreated when its application id changes (0.074ms)
✔ unrelated parameterized routes keep Angular default reuse semantics (0.053458ms)
✔ a stale preset list rejects instead of triggering a B fallback for an A id (6.680125ms)
✔ a late maritime snapshot completes without reaching public subscribers (2.525875ms)
✔ HelpService pins A and completes a stale public load without replaying it in B (1.101667ms)
✔ RuntimeHealthService pins A and hides a late A response from signals and subscribers (5.184458ms)
✔ PermissionsService pins A and suppresses a late IAM matrix after A→B (1.13275ms)
✔ SystemsStore pins load/getById to A and exposes no late A system in B (0.949667ms)
✔ POST and Run SSE streams use the workspace captured at subscription time (27.200333ms)
✔ a workspace switch aborts an open POST stream without leaking an error frame (0.782833ms)
✔ a workspace switch aborts an open Run stream without a late event (0.435084ms)
✔ WorkspaceViewContext clears A synchronously and reloads only after B is published (0.911167ms)
✔ WorkspaceViewContext rejects a late route id and skips superseded reload epochs (0.118834ms)
✔ runtime entitlement catalog accepts a future key and keeps the four Andritz labels compatible (38.45175ms)
✔ toggling a known entitlement preserves valid active keys absent from the runtime catalog (0.213416ms)
✔ workspace switch clears registered context before publishing one new slug/epoch (6.860542ms)
✔ workspace app platform authority enables member entitlement administration without the legacy flag (0.51875ms)
✔ same-slug workspace recreation invalidates the old identity atomically (0.368333ms)
✔ a late workspace response cannot repopulate context after a switch (0.832541ms)
✔ workspace settings writes can pin an explicit workspace header (0.80775ms)
✔ member administration sends an explicit canonical app entitlement decision (0.6925ms)
✔ a storage write failure cannot split the workspace transaction (1.066166ms)
✔ effective feature revocation is synchronous, same-epoch and idempotent (0.948542ms)
✔ Run deep link resolves the real Capability → System → Run graph and keeps the lens (12.072ms)
✔ SkillInvocation deep link resolves a runtime leaf without becoming a catalog Skill (6.589417ms)
✔ a catalog Skill is not attached to a Run that never invoked it (2.369625ms)
✔ a Skill configured on the System is still rejected when the selected Run never invoked it (3.00225ms)
✔ a scoped Skill list cannot forge a Skill edge under a Run that never invoked it (5.386708ms)
✔ scoped-list rail clicks are inert while canonical ancestry is still loading (1.6855ms)
✔ global object jumps clear the previous ancestry and UrlTree parsing keeps query separators (7.390458ms)
✔ axes v4 sends Hypervisor to Portfolio while object lenses keep the selected System (5.490125ms)
✔ the selected System path rejects a Run query from another branch (3.384375ms)
✔ an unflagged workspace ignores routed axes and emits legacy object links (1.168541ms)
✔ nav v5 zone sommaire omits ?scope= (I5) (2.608667ms)
✔ Flow builder follows the proven System, else the scratchpad — never session memory (7.093542ms)
✔ parentUrl is the breadcrumb parent (D6) (2.982042ms)
✔ parentUrl of a non-hierarchy object is its catalog list (1.471916ms)
✔ workspace reset clears synchronously and ignores the late graph from the old epoch (4.888625ms)
✔ an invocation absent from the authorized Run cannot inherit forged query parents (7.159834ms)
✔ signin presentation is selected by the explicit experience contract (0.880583ms)
✔ legacy Sentinel workspace links keep the same presentation without component slug logic (2.375916ms)
✔ unknown profile fails closed to standard and cannot reactivate a legacy alias (0.0885ms)
✔ historical demo-only link preserves its prefilled account (0.065542ms)
✔ Capabilities purges A, reloads B and follows focus across browser history (6.542334ms)
✔ Capability facets follow validated query state and tab changes merge the URL (5.381375ms)
✔ Capability facet routing leaves the historical gate-off behavior unchanged (0.395875ms)
✔ Capability falls back without an error panel when the server revokes its projection (0.430834ms)
✔ Capability loads its projection when the effective gate activates in the same workspace epoch (0.976208ms)
✔ a coverage gap is applied as the tier decision it is, not as 36 toggles (9.983541ms)
✔ the unclaimed group is the only gap that enables skills one by one (0.871292ms)
✔ enabling a hidden capability also lifts the hide that outranks it (4.325292ms)
✔ an app-written override is attributed to its app and cannot be removed here (1.401417ms)
✔ hiding a visible skill and enabling a filtered one write opposite levers (0.849542ms)
✔ the escape-hatch list stays closed until searched (0.217791ms)
✔ a failed write leaves the displayed policy untouched and says so (1.202292ms)
✔ switching workspace purges the coverage and reloads for the new one (1.373375ms)
✔ a read-only member sees the report without write affordances (0.587125ms)
✔ workspace switch closes the drawer, revokes its blob and ignores later preview data (5.041042ms)
✔ network recovery retains the exact idempotency request and session (17.858292ms)
✔ workspace changes discard late responses and scope changes do not share memory (0.347625ms)
✔ voice oracle timeline only uses registered Lucide icons (17.099125ms)
✔ a late session create from A cannot select, store or render the A session in B (4.783917ms)
✔ a late open-session response from A cannot restore its messages in B (0.94125ms)
✔ evaluation and Deep Search poll responses from A cannot mutate B (1.305333ms)
✔ HITL message polling is unique per session and Run, then refreshes the pending bubble (0.77225ms)
✔ a HITL poll from a conversation left behind cannot mutate the active conversation (1.676791ms)
✔ spreadsheet citations preserve the sheet and cell range in the source preview request (1.258083ms)
✔ a fresh publication conversation ignores stored history but can select its newly created session (0.384ms)
✔ a late upload response from A cannot start an ephemeral context in B (37.019958ms)
✔ a late A context creation cannot attach its id or documents to B (21.519125ms)
✔ Client360 pins validateMapping -> reload/run to A and cancels the chain on A -> B (7.096416ms)
✔ Client360 pins and cancels every runEngine refresh read before it can mutate B (5.028333ms)
✔ Client360 annuaire selection pre-fills targeting and posts customer_keys on create (0.544042ms)
✔ Client360 surfaces dedup outcomes after campaign draft generation (0.36525ms)
✔ Client360 fiche next-due CTA targets the customer with a due window (0.231208ms)
✔ Client360 fiche loads in two phases: payload without AI summary, then async summary merge (0.98375ms)
✔ Client360 pins fiche and summary to one workspace epoch and purges them on switch (0.686ms)
✔ Client360 fiche pages long lists client-side with show-more increments (4.153833ms)
✔ Client360 landing page collapses alerts to a digest and pages the table (1.219792ms)
✔ Client360 business selections use named keyboard controls instead of clickable rows (3.444083ms)
✔ Client360 pins syncFromCollection to A and cancels refresh on A -> B (0.938833ms)
✔ every Client360 network call is pinned to a workspace epoch and scoped by header (1.274542ms)
✔ classifies live SAP names as read or write without inventing aliases (0.510834ms)
✔ humanizes OData and custom-field names for the catalog (0.29525ms)
✔ groups header and item tools on the same object (17.303041ms)
✔ hostname wins when a credential-file label would swap PR and PO (2.573833ms)
✔ falls back to the attached server id when the host is unknown (0.189041ms)
✔ readiness comes from live tool names, not invented PDF aliases (0.1145ms)
✔ orders the four Nawa servers as the PR to PO showcase (0.985334ms)
✔ only pending and ingesting keep a surface polling (2.900583ms)
✔ every dataset status is classified, so none can silently spin forever (1.404916ms)
✔ each origin gets its own icon so provenance reads without a legend (0.204583ms)
✔ the columns a model wrote are the ones it says it added (0.191625ms)
✔ a dataset nobody scored attributes nothing (0.300291ms)
✔ the credited model names its version, since promoting one changes answers (0.197917ms)
✔ a lineage block that names no model produces no half-written badge (0.17925ms)
✔ a dead link to a dataset says so, and offers the way back (0.699125ms)
✔ the detail page badges the scored columns and links back to the card (0.171875ms)
✔ a column header opens its own profile, and only when it has one (0.463875ms)
✔ the profile popover names every statistic it prints, in both languages (0.077291ms)
✔ the surfaces that show a preview tell the table how many rows there are (1.896791ms)
✔ the preview can be walked past the rows the ingest cached (0.382584ms)
✔ the ingest reads as a check-list, not as one line at a time (0.213375ms)
✔ a step from an older worker is refused rather than rendered raw (0.090375ms)
✔ every step has a sentence in both locales, counted and not (0.083ms)
✔ a scored table reports its own steps, not the ingest’s (1.254708ms)
✔ a bar is a direction, not a rectangle (0.564209ms)
✔ the bars keep the two colours that mean something (0.144ms)
✔ a bar arrives in rank order, on a delay the arithmetic decides (0.081416ms)
✔ a count and its share are typeset as two different things (0.169416ms)
✔ the matrix says the share its shading encodes (0.089334ms)
✔ the matrix uncovers itself across the diagonal (0.05775ms)
✔ a hovered cell is raised, never recoloured (0.09ms)
✔ every entrance in the kit yields to a reader who asked for less motion (0.12275ms)
✔ a tooltip does not stand on the curve it is quoting (0.074834ms)
✔ a curve with nothing to draw yields nothing rather than a stray dot (1.003708ms)
✔ a regression fit is scaled to the target’s own units, not the unit square (0.124042ms)
✔ a degenerate domain is padded instead of dividing by zero (0.075209ms)
✔ a ROC’s reference is the diagonal of the box it is drawn in (0.110792ms)
✔ a prevalence level spans the plot, or is refused rather than clamped (0.083208ms)
✔ an identity reference is a series like any other, and is filtered like one (0.074125ms)
✔ a token becomes a colour a canvas can fill with (0.357458ms)
✔ a colour nothing can parse fills with nothing, not with everything (0.302ms)
✔ the wash under a curve is spent against the line and none of it on the floor (0.639958ms)
✔ a wash nothing can parse is no wash, not an opaque one (0.891917ms)
✔ a reveal starts closed, ends open, and never reverses (0.121583ms)
✔ a reveal with no time to run is already over (0.055041ms)
✔ the confusion matrix is shaded per actual row, not per grand total (0.179ms)
✔ a malformed or absent matrix renders nothing at all (0.208541ms)
✔ an empty row divides by nothing and stays at zero (0.311167ms)
✔ a cell that holds anything is tinted, and the diagonal is the green one (1.326834ms)
✔ a stagger a reader can follow, on a set of any size (0.153167ms)
✔ a long list compresses its step instead of outstaying its welcome (0.107916ms)
✔ a stagger only ever runs forwards (0.405125ms)
✔ an index past the end of its set waits no longer than the end does (0.095458ms)
✔ viewer stays in Work while reviewer can inspect the Studio inventory (0.430792ms)
✔ contributors and workspace administrators can edit Studio experiences (0.073083ms)
✔ result inspection follows its producing component and respects business navigation (2.745875ms)
✔ a chart with no binding draws the series the document shipped with (21.419333ms)
✔ a run-output binding replaces the series the document shipped with (0.348542ms)
✔ a bound chart follows the run it waits on, not the series it was authored with (0.299917ms)
✔ a binding that resolved to something undrawable shows the empty state (0.460792ms)
✔ a chart reads the fields it was told to read, and label/value when it was told nothing (0.240125ms)
✔ an unrecognised kind draws bars rather than refusing the document (0.151541ms)
✔ a bar carries its share of the base, and only when there is a base (0.444334ms)
✔ a ramp is drawn only when the author said the bands are ordered (0.64475ms)
✔ a donut says what the ring adds up to (0.279917ms)
✔ a donut announces the numbers its canvas hides (0.577917ms)
✔ immutable renderer pins route to distinct catalogs and unknown pins fail closed (0.481792ms)
✔ versioned components keep distinct Angular style scopes (166.951708ms)
✔ a type the current catalog gained degrades on the renderer a release is pinned to (0.498167ms)
✔ fieldsFromSchema maps string/number/enum/date/boolean/file (1.991ms)
✔ form presentation localizes copy without changing schema values (0.443375ms)
✔ certified no-code forms reject schema shapes the renderer cannot enforce (0.621708ms)
✔ schema identifiers keep payload keys but expose deterministic business labels (0.275208ms)
✔ selector-free template bindings project common output shapes (0.354375ms)
✔ a chart series scales its bars against the largest value it plots (0.220459ms)
✔ a share is only offered for a series that is a whole to take a share of (0.276542ms)
✔ a ramp spans its anchors however many bars the run came back with (2.2785ms)
✔ a ramp between two hues stays a colour instead of passing through grey (0.158625ms)
✔ a palette is opt-in, because a ramp claims an order the data may not have (0.111667ms)
✔ a chart drops rows no bar can honestly stand for (0.168917ms)
✔ over the cap a chart keeps the largest values in the order they arrived (0.119291ms)
✔ an unrecognised chart kind draws bars rather than nothing (0.061792ms)
✔ business results are bounded, nested and humanised without JSON fallback (0.324625ms)
✔ BRD text length constraints are enforced without truncation or UTF-16 counting (0.377958ms)
✔ validateValues flags required and invalid numbers, accepts a filled form (0.525875ms)
✔ the authoring catalog creates releases against renderer 0.2 (0.0345ms)
✔ document copy resolves explicit i18n refs with a controlled fallback (0.1505ms)
✔ data/query bindings are closed and selectors cannot traverse prototypes (0.141584ms)
✔ only an uploaded document id is a ready file reference (0.046292ms)
✔ after-success behavior is a closed catalog with safe page ids (0.096375ms)
✔ unknown types fall back; nested page is ignored (0.088208ms)
✔ renderableComponents drops an action_button that duplicates the form submit (0.085166ms)
✔ appearance props persist on a page and a node (0.09175ms)
✔ a width nobody wrote, or wrote wrong, is the whole row (0.043041ms)
✔ each width divides a page row with nothing left over (0.06ms)
✔ a header keeps its row while the panels of a board may share one (0.0795ms)
✔ the page grid is cut into the tracks the width projection counts (0.569875ms)
✔ the renderer a pinned release draws through never learned about columns (2.234041ms)
✔ custom accents always choose the higher-contrast text colour (0.19725ms)
✔ a11y aria on a button and a form (0.233083ms)
✔ a block that draws nothing on a bad morning is offered the words to say so (0.175625ms)
✔ mapRunStatus uses business vocabulary; citations read output_ref (0.366459ms)
✔ firstManualIngress skips non-manual entries (0.943667ms)
✔ systemHomeBlocker rejects non-actionable one-click homes (0.228458ms)
✔ hasHitlHint reads graph kinds and ingress ids (0.156209ms)
✔ compileSystemHome builds form_result from the manual contract (0.533583ms)
✔ BRD text bounds reach the Work form unchanged (0.154959ms)
✔ compileSystemHome adds approval_card when a hitl hint is present (0.110167ms)
✔ remapSystemHomeBinding keeps the generated source on the replacement key (0.118917ms)
✔ unique identifiers stay within the backend regexes (0.327625ms)
✔ slugify strips accents and punctuation into a url token (1.250042ms)
✔ experienceSlug is a valid API slug and stays unique against taken values (0.27075ms)
✔ a binding key names its System entry point and never collides (0.372666ms)
✔ schema selector options keep no-code authors on compatible output paths (1.325167ms)
✔ wizard bindings hydrate the generated form and add usable extra actions (0.974458ms)
✔ a generated System Home keeps one source action and binds extra actions (0.188375ms)
✔ data-led templates wire their widgets to the linked action output (0.322083ms)
✔ data-led templates accept only outputs their generated widgets can render (0.151417ms)
✔ draft payload keeps localized copy dictionaries and references intact (0.156833ms)
✔ bindingSharedWith names the other applications a binding serves (0.479208ms)
✔ release review preserves a groups-only access policy (0.264208ms)
✔ deploying an existing release reviews its immutable snapshot (0.440667ms)
✔ release and rollback requests carry the state reviewed by the author (0.534583ms)
✔ deployment compares the channel head captured when review opens (0.338167ms)
✔ deployment conflicts refresh the CAS heads used by retry (0.279417ms)
✔ wizard metadata updates compare the row version last loaded by the author (0.111042ms)
✔ metadata responses cannot roll the local draft revision backwards (0.071875ms)
✔ draft history restore is append-only, confirmed and revision-safe (0.534083ms)
✔ applyPatch add/remove/rename and undo/redo on the revision stack (0.440292ms)
✔ pages can be added and removed, never below the last one (0.410917ms)
✔ move_component reorders inside a page and stops at the edges (0.165917ms)
✔ ready-check dialog cannot release with blockers or empty notes (0.241667ms)
✔ release review classifies semantic changes and marks user-impacting removals as breaking (1.244375ms)
✔ additive release changes do not require a breaking-change acknowledgement (0.102208ms)
✔ publication review compares the exact saved snapshot before enabling release (0.1205ms)
✔ wizard makes creation and workspace-level binding effects explicit (0.189375ms)
✔ wizard refreshes stale System versions without retargeting shared bindings (0.121625ms)
✔ editor invalidates readiness while dirty and fails closed on shared binding catalog errors (0.504ms)
✔ editor authors localized form copy without rewriting the executable schema (0.2795ms)
✔ editor route work is cancelled and readiness waits for the final queued save (2.0945ms)
✔ editor preserves the Work page context in both directions (0.189916ms)
✔ Work and Studio can roll out independently without breaking legacy workspaces (0.0545ms)
✔ data inspector keeps schema fields and result paths no-code while raw JSON stays advanced (0.102209ms)
✔ dirty or saving editor state blocks route and browser navigation until confirmed (0.092208ms)
✔ editor keyboard history maps Cmd or Ctrl+Z once and leaves form controls alone (0.375625ms)
✔ form binding changes wait for the latest ingress schema and fail closed (0.216833ms)
✔ wizard requires an explicit audience and exposes step semantics (0.918458ms)
✔ catalog failures propagate to distinct retryable states (0.402917ms)
✔ wizard stores published outputs and blocks data-led templates without a compatible source (0.3515ms)
✔ release and deployment remain two explicit actions (0.467375ms)
✔ inventory filters follow live > pilot > draft (0.232375ms)
✔ inventory audience distinguishes groups, open access, and absent draft policy (0.279625ms)
✔ Preview as evaluates access locally without impersonating or loading data (0.201666ms)
✔ reviewers receive a read-only review link for every inventory row (0.051083ms)
✔ viewHref resolves the immutable Work release before a dual-run redirect (0.097583ms)
✔ applying appearance props updates node and page (0.089416ms)
✔ Appearance owns only visual properties while localised copy stays in Content (0.121292ms)
✔ Appearance offers a width to the blocks that may share a row (0.084291ms)
✔ the palette is offered on charts, with the warning that earns the ramp (0.086208ms)
✔ application identity flows through create, metadata edit, and localised a11y authoring (0.139125ms)
✔ assistant patch reject unknown type (1.003125ms)
✔ assistant proposes local patches for empty-state, rename, approval_card (0.428625ms)
✔ the factory cycle is the live Experience binding, not a System API shortcut (0.836542ms)
✔ a cycle may start only when the work binding resolve is ok (0.085125ms)
✔ lineage hrefs stay on the System and the Run (0.327917ms)
✔ the factory portal bridge opens workspace chat on the System (0.216708ms)
✔ factory provenance is the Experience origin on the Run ingress (0.257708ms)
✔ security invariant: the browser has no SAP path — no MCP call, no BAPI body (8.932875ms)
✔ the studio node list mirrors the published DAG, one entry per node (3.077916ms)
✔ the launch payload carries only known guardrails and an optional pin (2.184ms)
✔ a paused run projects to running-until-the-gate with the server calls verbatim (1.668083ms)
✔ a failed node reads as error with the walker message, not a silent skip (8.159958ms)
✔ the gate package comes from hitl.upstream and names every source (66.640583ms)
✔ a zero-price package is flagged the way SAP will refuse it (06/215) (0.180042ms)
✔ settled, busy and decided follow the HITL decision, not only the run status (0.42875ms)
✔ an approved run shows the create + commit pair and the PO number from the gate envelope (1.608833ms)
✔ sealed, blocked and refused writes keep their own verdicts (2.228375ms)
✔ the chat fact sheet is the run: open rows, majority terms, budget, proposal state (2.095791ms)
✔ the chat write dialogue follows the run: preparing → proposing → posting → posted (0.34125ms)
✔ invocation lookup takes the latest row for a node and calls are verbatim JSON (0.158208ms)
✔ launcher redirects when exactly one app is openable (3.099542ms)
✔ live_href on theme is the launch target for dual-run apps (0.327208ms)
✔ validations surface from pattern or certified nodes (0.277667ms)
✔ release theme and page links are safe, stable projections (0.777083ms)
✔ studioHref opens the editor and carries safe Work context (0.571333ms)
✔ author roles can edit; locale list keeps fr/en only (0.253042ms)
✔ Work renders the immutable release identity with a legacy fallback (0.532708ms)
✔ all Work chrome stays in business language in both locales (17.866708ms)
✔ runtime copy rendered inside Work stays in business language (1.729166ms)
✔ runtime failures never render raw backend detail to viewers (0.299375ms)
✔ validation loading failures stay distinct from an empty queue and can be retried (0.170333ms)
✔ Work hides Studio actions when authoring is disabled for the workspace (0.164ms)
✔ Work editor links preserve the application ID and release context as router query parameters (8.582791ms)
✔ Experience governance is reviewer-plus and never broadens contributor access (0.47175ms)
✔ inventory reflects the effective channel and filters business names (1.272041ms)
✔ audit filtering relates lifecycle and binding events to the selected application (0.161542ms)
✔ audiences and drift stay compact governance projections (0.134584ms)
✔ unavailable drift data never renders a healthy zero or green state (0.550875ms)
✔ Govern navigation remains contained and keyboard-reachable on narrow viewports (0.729459ms)
✔ workspace app repair remains directly available to workspace admins (1.455958ms)
✔ invalid runtime sends non-admins to the isolated unavailable page (0.208334ms)
✔ legacy non-admin lifecycle access keeps its governance fallback (0.124209ms)
✔ admin UI performs exact plan/apply and reuses its Idempotency-Key after a failed retry (9.813709ms)
✔ workspace epoch reset atomically clears catalog, pending plan, receipt and retry state (0.512292ms)
✔ a delayed registry response from workspace A cannot replace the loaded workspace B catalog (1.225083ms)
✔ non-admin UI does not call the governance API even when reached directly (0.343084ms)
✔ catalog sorts strict semver and derives only valid authoritative transitions (1.685041ms)
✔ an absent app installs only the latest exact digest and never carries settings or entitlements (0.121ms)
✔ an installed row whose digest is absent from the registry cannot be uninstalled from the UI (0.878083ms)
✔ response identity rejects an old workspace epoch even when a slug is reused (0.237375ms)
✔ apply retries reuse one key; success and workspace reset retire it (0.536125ms)
✔ a blueprint dry-run remains applicable only for its exact target and choices (0.575709ms)
✔ JSON edits and policy changes invalidate a blueprint plan (0.10025ms)
✔ computes a delta only when both measurements are present (0.411042ms)
✔ counts capabilities independently from any Run aggregate (0.07825ms)
✔ formats numeric impact values without changing the historical display (0.148583ms)
✔ renders descriptive impact values and rejects values that cannot be displayed (0.124542ms)
✔ portfolio value-loop summary preserves real zero risk and measured outcome (0.836292ms)
✔ portfolio value-loop summary never turns missing or unconfigured evidence into zero (0.165125ms)
✔ builds a UTC calendar from naive from/to and does not pad missing days (3.172333ms)
✔ joins sparse buckets by date and never treats absence as not_configured zero (11.0665ms)
✔ partitions hors-denominateur on hours and keeps native units in-denominator (0.561875ms)
✔ runs projection is ink-only, never sums native units, and shares a dot step (1.254084ms)
✔ picks the peak day from measured+declared and marks stale systems (0.250042ms)
✔ sankey widths are run counts and outside systems keep their native outcome (0.19125ms)
✔ rivers stack measured first, then declared by weight with alternating teal tones (0.203834ms)
✔ calendar ticks carry range bounds and ISO weeks without crowding the end (0.133833ms)
✔ week spark collapses the calendar from the end without fabricating cost (0.182875ms)
✔ foldFacts never returns a fabricated zero for a non-available fact (0.154792ms)
✔ sorts register rows with null facts last (0.157625ms)
✔ basis helpers treat status none as unusable (0.061083ms)
✔ ratio stays unset when cost is not measured (0.402167ms)
✔ parseViewsPayload falls back to Direction / Operations / Conformite defaults (1.492959ms)
✔ legacy units denominator is an alias of runs (0.119625ms)
✔ toggle and move keep the rest of the view intact (0.125542ms)
✔ replaceView is a full-list replace of one id (0.09175ms)
✔ workspace reset synchronously purges Capture tenant signals before B is published (5.713875ms)
✔ workspace reset during feed hydration neither mutates B nor opens session A transport (0.953625ms)
✔ a LiveKit connection created after A→B is immediately closed and never falls back (0.349375ms)
✔ a rejected LiveKit open after A→B cannot enter the backend fallback (0.226792ms)
✔ workspace reset invalidates an in-flight finalize recovery before its HTTP POST fallback (1.428208ms)
✔ publication requires an explicit accepted state, never triggers review (0.734458ms)
✔ a loaded publication restores its receipt and clears on session change (0.24525ms)
✔ a lost publication reply recovers the stored receipt without a second POST (0.335417ms)
✔ late publication replies cannot restore another workspace receipt (0.232708ms)
✔ a proposal from another session cannot restore a publication (0.241417ms)
✔ a successful publication stores the canonical receipt without an implicit review (0.263709ms)
✔ FSE template plan remains blocked until its System is resolved (1.443083ms)
✔ FSE template exposes three EX70 intervention types with plan seeds (1.332416ms)
✔ equipment_progress applies only to weekly_site and process (1.013333ms)
✔ seed defaults prefill HSE, distribution and site_modifications (0.257084ms)
✔ checkbox_group and equipment_progress fill rules (0.141916ms)
✔ weekLabelFromIsoDate returns ISO week (0.435375ms)
✔ FSE cartouche exposes week and issued_by (0.173584ms)
✔ coerceCaptureTemplate merges intervention_types and field options (0.876542ms)
✔ composePublicationName follows PROJECT-Supervisor-Week (0.653417ms)
✔ pickFseSystem uses template_id then name when no binding (0.926208ms)
✔ pickFseSystem prefers a bound id that is still in the list (0.084292ms)
✔ systemIdFromBindingResolve only accepts an ok binding (0.0795ms)
✔ publication opens only its confirmed collection, without interview memory or duplicate creation (3.03575ms)
✔ failed or wrong-scope context never opens chat and can be retried (0.282834ms)
✔ workspace, publication change, close and destruction cancel pending handoffs (0.41025ms)
✔ the publication handoff stays within the existing adoption rollout (0.148167ms)
✔ unknown delivery reuses request identity and double click does not resubmit (7.664875ms)
✔ stale state is explained and a rejected request can be reviewed again (0.471375ms)
✔ workspace changes discard late retry responses (0.194166ms)
✔ non-admin, active, completed and governed ingestions cannot be retried from the panel (0.175917ms)
✔ every recovery label exists in both languages (0.247167ms)
✔ only a persisted missing-original diagnosis replaces the raw error (0.3545ms)
✔ timestamps respect the selected locale and naive server timestamps stay UTC (20.140375ms)
✔ source retrieval failure is not converted to an empty collection (0.453791ms)
✔ a resolved LiveKit A connection is closed before the consumer can fallback under B (1.91725ms)
✔ workspace reset during microphone enable cannot rearm capture in B (0.515291ms)
✔ command palette drops A index and rejects an old dynamic command after A→B (6.858583ms)
✔ Capability scope hides its own level and routes Systems inside the same ancestry (8.643458ms)
✔ clicking the active mini-rail scope is a strict no-op (1.241583ms)
✔ an unflagged workspace keeps the historical Operate section set (11.784125ms)
✔ the Flow entry reads Scratchpad only while it opens the scratchpad (0.459292ms)
✔ sections other than Flow are named from the catalog whatever the URL (0.204166ms)
✔ axes v4 exposes no object index under the Portfolio-only Hypervisor destination (2.655584ms)
✔ experience studio prepends Business application to the Create catalogues (0.266625ms)
✔ nav v5 Operate sommaire has no object ladder and exposes a System facet branch (I1) (0.8275ms)
✔ breadcrumb renders only graph-proven nodes with their canonical labels and hrefs (7.500708ms)
✔ side rail delegates every lens route to the route-owned navigation projection (2.792834ms)
✔ demo rail uses Mission Room home only when the extension is enabled (0.313584ms)
✔ axes v4 makes Hypervisor the Portfolio home even in a demo workspace (0.177792ms)
✔ experience_v1 Build verb opens the Create hub (0.1755ms)
✔ TitleBar drops A telemetry atomically and reloads only B after a workspace switch (6.339041ms)
✔ TitleBar commits B only after the guarded exit from A succeeds (1.041208ms)
✔ a tenant without a light variant shows the same emblem in both themes (0.579916ms)
✔ a declared light variant is swapped in on the light theme, live (0.3145ms)
✔ a workspace with no brand at all keeps the Agentium mark (0.2265ms)
✔ generic provider renders only neutral copy and calls the exact core contracts (16.260417ms)
✔ generic provider purges atomically and rejects every late previous-workspace payload (1.36475ms)
✔ generic provider direct switch delegates only after its old epoch is purged (0.334333ms)
✔ unknown and specialized views never issue provider requests (0.205875ms)
✔ MissionRoom presentation uses runtime authority over crossed legacy settings (61.097917ms)
✔ MissionRoom direct construction stays neutral when enabled runtime authority is invalid (3.422083ms)
✔ MissionRoom observes the authoritative navigation payload only after installing it unchanged (5.959417ms)
✔ MissionRoom neither installs nor observes a navigation response invalidated by A -> B (4.942792ms)
✔ MissionRoom direct rail switch purges tenant state before publishing the next epoch (2.340375ms)
✔ MissionRoom continues the legacy payload flow when shadow observation throws (2.191709ms)
✔ MissionRoom cancels the scoped createAction refresh before late A reads can mutate B (2.421541ms)
✔ MissionRoom cancels action and pending-agenda continuations on A -> B (2.242083ms)
✔ MissionRoom startMeeting stays pinned to A and cannot navigate after A -> B (1.866375ms)
✔ MissionRoom cancels visual capture and image hydration before Sentinel can leak into Octocity (1.804583ms)
✔ MissionRoom cancels every agenda write continuation before Sentinel -> Octocity publication (2.043459ms)
✔ MissionRoom ignores a delayed search response across sentinel-ci -> octocity-mission-room (1.586917ms)
✔ MissionRoom ignores a delayed search response across octocity-mission-room -> sentinel-ci (0.631958ms)
✔ generic Agentium branding is not classified as the Octocity presentation (0.356625ms)
✔ Mission Room extension keeps the existing route and API contract (0.819333ms)
✔ Sentinel resolves its own brand, assistant and action packs (0.274667ms)
✔ Octocity resolves its own brand, assistant and action packs without Sentinel terms (0.360166ms)
✔ immersive shell is restricted to an enabled demo extension route (0.269917ms)
✔ legacy Sentinel demo profile resolves to the canonical extension profile (0.189333ms)
✔ authoritative Sentinel runtime ignores every tampered Octocity legacy field (0.853792ms)
✔ authoritative Octocity runtime ignores every tampered Sentinel legacy field (0.664125ms)
✔ enabled Workspace App platform never falls back to legacy Mission Room settings (0.263167ms)
✔ generic 1.0 and 1.1 installs stay fail closed without a provider contract (0.341542ms)
✔ generic 1.2 runtime is enabled only by the exact provider contract (0.301625ms)
✔ Octocity last-mile presentation removes every Sentinel vocabulary family (0.595583ms)
✔ presentation is profile-scoped and bounded around the CI token (0.134583ms)
✔ Mission Room extension preserves its exact public route table (1.615709ms)
✔ macro strip renders nothing tenant-branded before its aggregate answers (5.15875ms)
✔ macro strip stays tenant-neutral when the aggregate fails (1.635041ms)
✔ macro strip renders the workspace payload it is actually served (32.997875ms)
✔ every key the serving surfaces name has FR and EN copy (1.138417ms)
✔ the card mounts the Playground on the read it already made (0.146834ms)
✔ the request the Playground sends is MLflow serving shape (0.070625ms)
✔ a card off the serving alias predicts from itself, form and snippet alike (0.186041ms)
✔ an answer shows itself to whoever pressed the button (0.351708ms)
✔ the route and the header are the server’s facts, never retyped in the UI (0.102666ms)
✔ the key panel shows a prefix, and the secret only from the mint response (0.09125ms)
✔ a revoked key stays visible, because a demo has to show it stop answering (0.085542ms)
✔ the gauge animates, because the jump is the argument (0.178041ms)
✔ the dial is an instrument: a ramp, a glow, and a point to read it off (0.235542ms)
✔ one property carries the dial’s verdict to everything drawn from it (0.327042ms)
✔ each dial owns the gradient it paints itself with (3.094375ms)
✔ the explanation is asked for explicitly, and only for the one row on screen (0.097042ms)
✔ publishing links into the catalog and carries the model’s provenance (1.025791ms)
✔ the catalog card says which model a published skill answers from (1.290166ms)
✔ the monitoring tab reads the journal and closes the feedback loop (0.157166ms)
✔ the score tiles carry a delta and the comparison tab is mounted (0.12175ms)
✔ the card names the challenger, and takes that fact from the server (0.176542ms)
✔ promotion hands back both halves of the lineage (0.056958ms)
✔ the card says which version it is without opening a tab (0.036208ms)
✔ the hero says what kind of model this is, not only how it was fitted (0.079542ms)
✔ a dead link to a model says so, and offers the way back (0.114083ms)
✔ the card banner is the pipeline, not the version chain (0.059792ms)
✔ the lineage reads forwards, and marks the current and the serving one apart (0.1045ms)
✔ the model card draws its charts from the shared viz kit (0.089875ms)
✔ the curves are chart.js, and they are hoverable, because the elbow is the argument (0.268208ms)
✔ the comparison tab weighs a pair, and never one version against itself (0.084792ms)
✔ a fit reads as a check-list wherever it is watched, and says when it lands (0.154708ms)
✔ only a queued or running fit keeps a surface polling (1.123167ms)
✔ every model status is classified, so none can silently spin forever (0.426916ms)
✔ each algorithm family gets its own icon so the picker reads at a glance (0.092208ms)
✔ a metric is rendered in its own units, never as a bare ratio (19.845333ms)
✔ a missing score reads as absent rather than as a zero (0.173042ms)
✔ a verdict is only given where the metric scale is absolute (0.125959ms)
✔ higher-is-better is stated per metric, not assumed (0.064416ms)
✔ the row score prefers the list payload but falls back to the detail block (0.467ms)
✔ the best score never ranks one metric against another (0.169458ms)
✔ the best score minimises a metric where lower is better (0.228292ms)
✔ an unfinished or unscored run cannot become the best score (0.1855ms)
✔ importances are normalized against the strongest column of the run (0.332167ms)
✔ a column that hurt the score is flagged, and still sized by magnitude (0.064375ms)
✔ importances are capped so a wide table cannot become the whole card (0.228625ms)
✔ class balance carries the share, which is what makes accuracy readable (0.122667ms)
✔ a knob is clamped the way the backend will clamp it (0.072541ms)
✔ a knob at its auto point reads as “let the estimator decide” (0.085417ms)
✔ knob defaults come from the descriptor, so the form opens where the server would (0.071167ms)
✔ the target picker offers only what can actually be predicted (0.066583ms)
✔ a numeric column stays offered however many values it holds (0.052084ms)
✔ plan columns project into the shared table without losing the profile (0.095833ms)
✔ features default to every column but the target, as the backend does (0.046958ms)
✔ every refusal the backend can raise has a sentence and a field (0.056416ms)
✔ a refusal renders next to the choice that caused it (0.046ms)
✔ the identifier warning is named, so a leaky column is called out by name (0.051375ms)
✔ a worker error splits into the code the UI can name and the line it cannot (0.153959ms)
✔ a multi-line harness error keeps its tail, which is where the cause is (0.038959ms)
✔ every terminal failure the worker writes has a sentence of its own (0.071042ms)
✔ the form opens on the example the fit carried, not on the contract default (0.080541ms)
✔ with no example the form still opens filled, from the typical row (0.03675ms)
✔ a field with neither example nor default opens empty rather than as "undefined" (0.043166ms)
✔ a numeric box is sent as a number and a cleared box as a hole (0.059291ms)
✔ a numeric field holding text is sent as it was typed, so the refusal names it (0.03725ms)
✔ the gauge is about the positive class, named, not a bare number (0.170209ms)
✔ the dial is measured against the circle a browser actually draws (0.051208ms)
✔ the handle rides the tip of the stroke it terminates (0.847041ms)
✔ a full dial parks its handle a dot short of the pattern, not off the end (0.138083ms)
✔ landing outside the positive class reads as a probability of it, not of the answer (0.2365ms)
✔ with no positive class the gauge falls back to how sure the model is (0.339416ms)
✔ a row with nothing to show on the dial draws no dial at all (0.758042ms)
✔ contributions are normalized against the strongest effect on this row (0.169583ms)
✔ the snippet is the request that was just made, key masked to its prefix (0.362208ms)
✔ a card that is not the one serving names its own version, so its form is judged against its own signature (0.12775ms)
✔ the snippet carries the same pin the button used, so a copy reproduces the answer (1.321625ms)
✔ the one response that carried a secret puts it in the snippet verbatim (0.110459ms)
✔ with no key at all the snippet says where one goes rather than looking done (0.07625ms)
✔ a provenance line names the serving version and quotes its score (0.261083ms)
✔ a provenance with no readable score still says which version answers (0.118083ms)
✔ the pipeline banner walks dataset, transform, this version and scored tables (0.233167ms)
✔ a card with only this version is not a pipeline (0.092291ms)
✔ a skill that answers from no model claims no provenance (0.072375ms)
✔ drift bars rank PSI the same way importances rank a feature (0.195167ms)
✔ the AUC trace is two points so the curve kit can draw the drop (0.147ms)
✔ every coded serving refusal has a sentence of its own (0.130208ms)
✔ a delta is judged by the metric, so a smaller error is an improvement (0.266333ms)
✔ a move too small to mean anything is rendered flat, not as a win (0.078708ms)
✔ with nothing to compare against there is no delta rather than a fake zero (0.07275ms)
✔ a delta is measured against the newest trained version below this one (0.172875ms)
✔ a lineage of one has nothing to measure against (0.0995ms)
✔ a failed retrain never becomes the version a delta is read against (0.087625ms)
✔ the version that serves compares against its contender, not against nothing (0.097792ms)
✔ a version with one below it still compares backwards (0.044ms)
✔ a lineage of one, and a failed sibling, have nothing worth a table (0.035291ms)
✔ comparison aligns two versions and marks the side each metric favours (0.466833ms)
✔ a metric only one side produced is left out rather than shown as a drop to zero (0.053333ms)
✔ every key the model plane assembles at runtime has FR and EN copy (0.210083ms)
✔ every metric the card can score has a label and a hint in both locales (0.102333ms)
✔ a step brings the count that says how much of the wait is left (0.168708ms)
✔ the check-list follows the step the row claims, and invents none (0.205083ms)
✔ a line that will never tick is not drawn (0.07325ms)
✔ the fold counter is live while the folds run, and never after (0.102958ms)
✔ the row count belongs to the fit, and to no other line (0.098792ms)
✔ every sentence the check-list can render exists in both languages (0.20175ms)
✔ a failed turn leaves the conversation open, and the next one is answered (20.134167ms)
✔ a synthesis failure keeps the room; the answer is already on screen (0.821417ms)
✔ an unreadable frame is survived without a word about it (0.508042ms)
✔ a lost room is given up, so the button means what it says (1.369333ms)
✔ a closed room is given up whatever it said on the way out (1.057834ms)
✔ a request for the live service is offered and nothing is started (2.362875ms)
✔ the identity reply fills the offer instead of reaching the engine (1.338917ms)
✔ the press takes the audited path, and forgets the code (1.431666ms)
✔ a spoken identity fills the same offer, so the press is the same (0.76175ms)
✔ nothing is offered where the workspace has no System to reach (8.963583ms)
✔ pressing again after a failed turn does not open a second room (0.798084ms)
✔ the NAWA transcript announces appended turns and its pending state (0.932625ms)
✔ the retrieval prefix is stripped, the section heading is kept (1.470083ms)
✔ a citation quotes the policy, not the document masthead (0.25325ms)
✔ front matter is never dropped to nothing (0.091292ms)
✔ a long passage is cut at a word and marked as cut (0.455125ms)
✔ the excerpt shows the sentence the answer rests on, not the chunk opening (0.252292ms)
✔ an excerpt whose opening does support the answer keeps its opening (0.105042ms)
✔ a passage that echoes nothing in the answer falls back to its beginning (0.389ms)
✔ the excerpt obeys the same length budget as the prefix it replaces (0.199875ms)
✔ the excerpt comes from the published policy, verbatim (1.908041ms)
✔ the excerpt never quotes the document control block or a heading (0.943417ms)
✔ a policy that says nothing the answer echoes yields no excerpt (0.456875ms)
✔ file names are read as document titles (0.458667ms)
✔ elapsed time reads as a duration, never as a raw float (0.09225ms)
✔ every suggested question is a question a desk receives (0.140375ms)
✔ a staffing tally is the label plus a count and nothing else (1.049458ms)
✔ the two readings partition the field, so nothing is lost by the toggle (1.047792ms)
✔ the card summary is the first prose line, never a headcount (0.143417ms)
✔ an entry the workbook left blank says nothing rather than something invented (0.078542ms)
✔ search reads the name and both process fields (0.094375ms)
✔ business totals count what is listed, missing figures included as zero (0.215459ms)
✔ the speed-up refuses to speak when the two columns do not support a claim (0.255208ms)
✔ every assistant line quotes a value the run produced (3.131416ms)
✔ the requester is quoted from the settings, never paraphrased (0.258916ms)
✔ the drafted message reaches the requester verbatim, exactly once (0.121208ms)
✔ a lane with no drafted message closes on the flow’s own outcome wording (0.112541ms)
✔ the classification is read out as the identifier the model returned (0.1305ms)
✔ no technical diagnostic reaches the conversation (0.169833ms)
✔ no bench vocabulary reaches the conversation (0.134667ms)
✔ no privileged action is narrated on a lane that performed none (0.10925ms)
✔ a paused run claims nothing while it waits (0.556666ms)
✔ an answered gate shows the decision that was recorded (0.120125ms)
✔ a queue selection with no run yet shows the request alone (0.772875ms)
✔ a System installed before the presets still renders the assistant side (0.090125ms)
✔ timestamps are clock readings, or absent (0.220708ms)
✔ 1 · the reset is recognised, offered, and not started (11.419458ms)
✔ 2 · the press composes the audited case, and never carries the code (3.195542ms)
✔ 2 · the run is read back off the run, line by line (3.704708ms)
✔ 3 · a policy question is answered from the library, with its passage (1.575042ms)
✔ 4 · a planned service plays the customer’s own procedure (1.156ms)
✔ 4 · approving resumes the walk and closes it; declining changes nothing (0.55ms)
✔ the turns are one conversation, and the engine names it (0.511208ms)
✔ a new conversation drops the thread and sends none (0.705708ms)
✔ the same demonstration spoken renders the same turns (1.290542ms)
✔ what is spoken aloud is not what is on screen (0.857ms)
✔ nothing in the demonstration names a provider or a model (0.789833ms)
✔ no turn of the demonstration claims an action it did not take (0.542959ms)
✔ a citation shows the passage the retrieval returned (8.703208ms)
✔ the response numbering wins, and the tool result supplies the text (3.331833ms)
✔ a citation with no chunk id is joined on its file and page (0.584583ms)
✔ a citation nothing can be quoted for is not offered (1.11775ms)
✔ the retrieval window is cut around the sentence the answer used (1.133625ms)
✔ the published policy is preferred over the retrieval window (0.478792ms)
✔ the elapsed time on screen is the wall clock the surface measured (3.296375ms)
✔ the documents a turn needs are named by bare file name (0.3595ms)
✔ the library is called unsupported only once it has been searched (0.218791ms)
✔ an engine that could not be reached says so, and claims nothing (0.375542ms)
✔ a previewed service is played from the catalogue entry the tool returned (3.276792ms)
✔ the family count comes from the catalogue the surface still holds (0.911917ms)
✔ a run the engine started is handed to the screen to follow (0.092792ms)
✔ a turn that started a run does not also play a preview of it (0.062375ms)
✔ the service that runs here is offered, not previewed (0.262333ms)
✔ the offer follows the hint when no tool named the service (0.54175ms)
✔ a service the rollout has not reached is played, never offered (1.024916ms)
✔ a question about the rules never sprouts a button (0.103542ms)
✔ the only service offered is the one this surface can actually launch (0.274542ms)
✔ a listed shortlist is shown as names (0.185542ms)
✔ a tool that refused is quoted refusing, in the engine’s own words (0.079333ms)
✔ nothing rendered names the model or the provider (0.126542ms)
✔ a spoken turn and a typed turn render identically (0.313833ms)
✔ the gateway event is read as a turn, and nothing else is (1.3985ms)
✔ a payload with missing collections still renders (0.309958ms)
✔ the transcript events feed the composer while someone speaks (0.268ms)
✔ the session id the engine returned is the one the next turn sends (0.175166ms)
✔ the header says which conversation is being remembered (0.353541ms)
✔ the catalogue is projected onto the four columns the tools read (0.328959ms)
✔ the catalogue is capped where the engine caps it (1.2565ms)
✔ an entry the engine could not project round-trips through a preview (0.496542ms)
✔ the hint and the catalogue travel together (0.740375ms)
✔ the room is opened in assistant mode, not merely on the assistant surface (0.194667ms)
✔ the gateway’s echo is what says which loop was started (0.148667ms)
✔ a failed turn is not a lost room (0.425833ms)
✔ a lost room is really lost, and unknown failures are treated as one (0.324375ms)
✔ nothing else is read as a failure of the session (0.123125ms)
✔ what the room says about a failure never reaches the screen (0.112917ms)
✔ the context reaches the room in frames that reassemble into itself (1.185334ms)
✔ a frame stays under the transport’s packet ceiling, accents included (0.357708ms)
✔ a context that fits is still framed, so there is one shape and one path (0.098625ms)
✔ the catalogue the room receives is capped where the engine caps it (1.388625ms)
✔ a frame never splits a surrogate pair (0.510709ms)
✔ the chunk size is the transport’s, not a number the caller invents (0.171375ms)
✔ the remediation entry is not a waiting request (0.926792ms)
✔ dropping that row does not drop the remediation itself (1.715291ms)
✔ no catalogue vocabulary reaches a row (0.160166ms)
✔ an unauthored field is rendered as nothing, never as a stand-in (0.1325ms)
✔ a subject falls back to the request itself, truncated (0.109125ms)
✔ channels read as a service desk writes them (0.097792ms)
✔ arrival times survive both spellings the settings can carry (0.25175ms)
✔ a settings entry that is not an object is treated as absent (0.08175ms)
✔ the catalogue the harness reads is the shipped one (1.388459ms)
✔ the catalogue travels on every turn, hint or no hint (4.674584ms)
✔ a router with no opinion sends no hint at all (1.98825ms)
✔ a hint names a service and says whether it executes here (1.551375ms)
✔ the hint never names a tool (0.905334ms)
✔ requests point at the service they belong to (4.533791ms)
✔ what a microphone actually returns still points at the right service (0.865458ms)
✔ the phrasings the tables above did not think of also point somewhere (5.31475ms)
✔ questions about the rules carry no service hint (1.261083ms)
✔ every suggested request carries a hint (3.168375ms)
✔ nothing is hinted when the utterance states no need (0.938042ms)
✔ the live service is the one that runs here (0.864541ms)
✔ a planned service carries their procedure, verbatim (0.652959ms)
✔ a service of the shared pattern reports how many move with it (0.46575ms)
✔ the two proofs are read out of a reply typed any way round (5.143458ms)
✔ a proof that was not given is written as missing, not omitted (0.250791ms)
✔ the case carries the requester’s own words, judged by the System’s prompts (0.827166ms)
✔ no case is composed when the System carries no templates (0.20425ms)
✔ systemIdFromBindingResolve prefers an ok binding and ignores misses (0.452375ms)
✔ the conversation satisfies the step that asks for the request (1.761458ms)
✔ the decision is the step where IT checks an approval, and only that one (0.50575ms)
✔ a procedure with no approval step yields no decision (0.103625ms)
✔ a service nobody approves does not claim to have been approved (6.209833ms)
✔ the approvers are the roles the procedure names, in order (0.504167ms)
✔ a named subject is carried into the opening line (0.632416ms)
✔ the opening line takes charge, announces the count and the stop (0.70725ms)
✔ the decision names its step and states that nothing has changed (0.335833ms)
✔ the standing mark says what a preview is and what it is not (0.254333ms)
✔ the workbook still has three services with no written procedure (0.261375ms)
✔ every service in the catalogue produces a playable plan (0.682083ms)
✔ the four suggested requests all reach a plan (2.271917ms)
✔ the pre-fix rule turned dead branches green — the fixtures still catch it (2.366167ms)
✔ nominal projects onto the six steps as documented (0.677416ms)
✔ ambiguous projects onto the six steps as documented (0.114708ms)
✔ ad_unreachable projects onto the six steps as documented (0.147542ms)
✔ ad_unreachable_fallback projects onto the six steps as documented (0.125ms)
✔ quality_guard projects onto the six steps as documented (0.11475ms)
✔ weak_identity_pending projects onto the six steps as documented (0.080042ms)
✔ weak_identity projects onto the six steps as documented (0.49275ms)
✔ every fixture is covered by the expected table (0.071166ms)
✔ no step claims a privileged action the banner says did not happen (0.491333ms)
✔ a paused run claims no privileged action while it waits (0.081584ms)
✔ each lane resolves to its business outcome code (0.5145ms)
✔ the raw provider error never reaches the screen (0.536416ms)
✔ a short answer is spoken as written (1.336416ms)
✔ a long answer is cut at a sentence, never mid-word (0.825958ms)
✔ citation markers and markdown never reach the ear (0.122208ms)
✔ sources are mentioned only when the answer was shortened (0.205125ms)
✔ a procedure is spoken as a count, not as a list (0.183416ms)
✔ a single step is announced in the singular (0.214209ms)
✔ a service with no documented procedure says nothing extra (0.145375ms)
✔ an offer names the button, and says nothing has started (0.226166ms)
✔ an empty answer is admitted rather than mumbled (0.170333ms)
✔ an outcome keeps more room than a library answer (0.240292ms)
✔ unknown and invalid metrics never become a zero or perfect score (0.808208ms)
✔ timeline preserves parallel execution and does not add durations serially (0.37125ms)
✔ missing and reversed timestamps are not fabricated into intervals (0.80075ms)
✔ pending, failure and unknown platform codes stay readable in both languages (1.926167ms)
✔ legacy server errors and limitations resolve without displaying English as French primary copy (0.117125ms)
✔ localized decimal and cost displays preserve missing, zero and positive tiny amounts (21.706667ms)
▶ agent-loop inspector projection
  ✔ parses allowlist lines and drops blanks, dupes, and a 9th slug (0.82625ms)
  ✔ reads a fail-closed envelope when the config bag is thin (0.456709ms)
  ✔ clamps turns and confidence to the pinned envelope (0.20725ms)
  ✔ HumanGate prompt_kind falls back to approve_write (0.214333ms)
  ✔ ITSD overlay starter is Trigger → Agent loop → Human gate → Output with a 1–8 allowlist (0.693625ms)
  ✔ canvas line names the objective, budget, allowlist size and tier (0.236083ms)
  ✔ done_when keeps one criterion per line (0.085625ms)
  ✔ optional budget fields keep cost and a minute deadline or stay unset (0.155875ms)
✔ agent-loop inspector projection (4.670708ms)
✔ every node card exposes an accessible, lock-aware delete control (1.198292ms)
✔ the node trash keeps a 24px hit area that head-row crowding cannot shrink (0.477792ms)
✔ the inspector deletes the selected node through the same store mutation (1.489084ms)
✔ global Delete and Backspace use the interactive-surface guard (0.830792ms)
✔ toolbar keeps palette, inspector, focus, compact and workbench as explicit controls (0.784125ms)
✔ authoring is the default toolbar surface and operating is one disclosure away (0.740416ms)
✔ the runtime manifest is collapsed until asked for and the empty canvas offers one way in (1.226458ms)
✔ the inspector exposes the AgentLoop envelope and a HumanGate that resumes (0.377459ms)
✔ canvas and accessible outline are synchronized FlowStore projections (0.643625ms)
✔ outline connector picker mirrors rendered ports and filters self-loops and primitive mismatches (0.943917ms)
✔ palette search exposes one real combobox/listbox active-descendant contract (1.031209ms)
✔ builder focus mode has a native-fullscreen path and a CSS fallback (0.96125ms)
✔ builder mounts one ephemeral workbench and never exposes it on scratchpad (1.25575ms)
✔ closing the inspector preserves graph selection and later selection reopens it (0.335375ms)
✔ retrieval scope remains a per-node inspector contract (0.234333ms)
✔ version preview is semantic while unloaded rows are explicitly count-only (0.706ms)
✔ catalog projection is stable and carries usage plus carriers (17.987041ms)
✔ the excluded rows are kept apart from what a Flow may drop (4.369417ms)
✔ loaded-empty and load-error are distinct, and Retry starts a fresh request (1.711958ms)
✔ collection catalogue loads once, merges both payload shapes and sorts unique slugs (11.8885ms)
✔ document catalogue is URL-scoped, paginated, deduplicated and sorted (1.035042ms)
✔ document error is explicit and force retry starts a fresh request (0.34075ms)
✔ workspace transition clears both catalogues and ignores late document responses (0.266ms)
✔ derived ingress kind mirrors every branch of flow_contracts._ingress_kind (0.516625ms)
✔ a node that is not an executable source has no derived ingress kind (0.121167ms)
✔ ingress kind guard accepts exactly the backend enum (1.002875ms)
✔ schema derived from ports matches flow_contracts._ports_schema (1.141ms)
✔ no required port means the derived schema omits required entirely (0.195292ms)
✔ condition names report what a Decision predicate reads (0.27525ms)
✔ condition names ignore an operator name hiding inside a string literal (0.065292ms)
✔ reference selection waits for draft hydration and never replaces graph state (1.462209ms)
✔ applying a correction never replaces unsaved or saving editor state (0.304542ms)
✔ reference reads are isolated from draft hydration and reject another System (1.276167ms)
✔ scratch Flow Builder draft from A is not restored or copied into B (1.146417ms)
✔ ambiguous unsuffixed scratch draft is neutralized in a multi-workspace account (0.107875ms)
✔ untagged legacy scratch draft is not attributed to the last selected workspace (2.00875ms)
✔ valid empty flow draft round-trips without being mistaken for a missing draft (0.324875ms)
✔ malformed scoped draft without an edges array is rejected and quarantined without throwing (0.198792ms)
✔ legacy raw flow requires both graph arrays (0.192292ms)
✔ draft with a null port entry is rejected before renderer hydration (0.171084ms)
✔ connector ids are derived from (nodeId, port), not coordinates (1.559625ms)
✔ source renders no input connector; sink renders no output connector (0.205ms)
✔ EDGE STABILITY: connector source/target ids are invariant under node move / zoom / pan / resize (1.375125ms)
✔ toConnectionViews resolves to connectors the node actually renders (never dangles) (0.217667ms)
✔ connectorsToEdge round-trips and is order-defensive (0.484416ms)
✔ view → connection → edge round-trip preserves endpoints (0.316542ms)
✔ Decision route handles create canonical branch edges and preserve labels (0.291708ms)
✔ legacy branch edges without from_port bind to their labelled Decision handle (0.334416ms)
✔ with no declared schema the ingress ports name the payload keys (0.612959ms)
✔ a declared schema seeds what it demands and never invents an optional value (0.501875ms)
✔ nothing is prefilled when the entry point is ambiguous or demands nothing (0.173875ms)
✔ Retrieval identity is task-only and supports runtime and Skill aliases (1.053125ms)
✔ per-node collections and document refs normalize without cross-node state (0.681583ms)
✔ persisted refs outside the bounded catalogue remain visible and deselectable (0.143ms)
✔ persisted Retrieval collections remain visible when absent from the catalogue (0.091416ms)
✔ changing Retrieval collections prunes document refs outside the new scope (0.17275ms)
✔ document multi-select writes explicit collection/document pairs (0.128208ms)
✔ Retrieval picker rejects client scopes beyond the server bounds (0.450709ms)
✔ published Skill execution preview matches the exact node and Skill without changing the draft (0.140833ms)
✔ current Skill lookup remains read-only and distinguishes missing configuration from a pending response (0.67675ms)
✔ Skill lookups reject stale node, Skill, System and workspace responses (0.246458ms)
✔ global node deletion yields to native and ARIA interaction surfaces (2.301291ms)
✔ closest-based guard covers a nested icon inside a button or dialog (0.180958ms)
✔ scratchpad / no manifest → null (empty state) (0.471583ms)
✔ full manifest maps all four facets (0.30775ms)
✔ units chip falls back to unit_catalog length and warns when nothing is operational (0.094834ms)
✔ empty effective-config and missing retrieval → neutral fallbacks (0.732958ms)
✔ failed retrieval decision is toned negative (0.1295ms)
✔ a dropped training node carries its whole spec, unconfigured (1.111375ms)
✔ the two serving nodes drop with the params their own shape needs (0.433875ms)
✔ the inspector summarises a fit by what it predicts, and opens the studio (0.94875ms)
✔ a serving node is configured in the panel, with no dialog in the way (0.69ms)
✔ choosing a lineage in the inspector is one undoable store write (0.347083ms)
✔ the training workshop is a modal dialog that edits the graph (0.710084ms)
✔ the studio is no-code because the server answers every edit (0.362ms)
✔ the columns a fit is built from carry their shape, not just their name (1.3205ms)
✔ both training surfaces show the rows the fit will read, in the shared table (1.623375ms)
✔ the split, the folds and the knobs are bounded by the view model (1.689792ms)
✔ a fit in flight reads as work: a live check-list, and a stop (0.265833ms)
✔ the evidence is a score plus what it moved, and names what it registered (0.244541ms)
✔ the dataset a node fits on is picked from a list and pinned by slug (0.822333ms)
✔ a refused fit reaches the author as a sentence, never a raw code (0.426417ms)
✔ a fit is dispatched through the same endpoint the Models page calls (0.130792ms)
✔ the builder mounts one training studio for the selected node (0.373875ms)
✔ the rows a fit will read, and the rows a score wrote, use the one table (0.557083ms)
✔ the three model Skills are three roles, and nothing else is one (0.871875ms)
✔ a non-task node bound to a model Skill is not a model node (0.102167ms)
✔ the serving descriptor carries what differs, as data (3.098416ms)
✔ a dropped training node carries every key the _train block projects (0.497666ms)
✔ a dropped serving node carries only the keys its shape reads (0.121667ms)
✔ reading a training node normalises what an author can leave broken (0.230333ms)
✔ a pin is read under either spelling, because both are written (0.11975ms)
✔ reading a serving node keeps a version pin whole or drops it (0.078292ms)
✔ the split and the folds are clamped to what the studio offers (0.079ms)
✔ an unfinished training node is refused before a round-trip is spent (0.211834ms)
✔ a serving node has to name a model, and a score node a dataset (0.092459ms)
✔ the node keeps its own refusals and hands the rest to the model plane (2.401875ms)
✔ every code the model plane can emit resolves to a sentence, not a blank (34.517625ms)
✔ a code nobody named keeps the server’s own words (3.496959ms)
✔ a training node is summarised by what it predicts (0.205875ms)
✔ a serving summary distinguishes following from freezing (0.488042ms)
✔ the picker only offers models that can answer (9.901417ms)
✔ choosing a lineage follows it; pinning a version freezes it (0.098166ms)
✔ every step of a fit has copy in both languages (7.403583ms)
✔ a node_end frame becomes a run summary, badge block included (2.881625ms)
✔ a frame without a node id names nothing and is dropped (0.137ms)
✔ a settled node with no status reads as completed (0.249958ms)
✔ the badge block refuses values it cannot render (0.322584ms)
✔ a badge block with nothing usable in it is absent, not empty (0.106542ms)
✔ a metric outranks every row count on the same node (19.777792ms)
✔ a transform badge reads as a transition, not as two numbers (0.12875ms)
✔ a node that only produced rows shows the count it wrote (0.087958ms)
✔ a single-record prediction counts its answers (0.082625ms)
✔ a node with no data still says how long it took (0.111917ms)
✔ a node that produced neither a figure nor a duration gets no badge (0.076291ms)
✔ a running node shows no figure, so the pulse is not contradicted (0.054458ms)
✔ a failed node keeps its figure and is flagged as failed (0.049ms)
✔ a score keeps the decimals that distinguish two models (0.1065ms)
✔ a metric on the target scale is read as a quantity, not as a score (0.098584ms)
✔ a duration never asks the reader to count zeros (0.084042ms)
✔ a model chip names its version, and survives not having one (0.043375ms)
✔ a metric name resolves through the dictionary the model card uses (0.081666ms)
✔ every key a run badge names has FR and EN copy (0.066833ms)
✔ the run service records a node_end and clears the node on node_start (0.929709ms)
✔ a new run and a workspace switch both invalidate every figure (0.154583ms)
✔ the node card renders the badge it is given, and only then (0.152875ms)
✔ the default surface is Capabilities, not the registry (19.473916ms)
✔ the advanced level opens with every category collapsed (0.588167ms)
✔ the structural primitives open themselves only on an empty graph (0.664667ms)
✔ a query switches to one ranked list, announces the remainder and adds on Enter (1.455292ms)
✔ extending a node offers only what connects, and says so when nothing does (1.039833ms)
✔ a dead end names the lever that would release it, and never offers the row (1.093791ms)
✔ an industry an admin actually chose to exclude is not read as an omission (0.18775ms)
✔ the usage signal marks what runs here and what is already in this Flow (0.222416ms)
✔ search ranks the name above the description and requires every token (2.839584ms)
✔ search reaches the taxonomy and the carrying capability, and usage breaks ties (0.354291ms)
✔ capability groups carry every claimant, drop empty ones and end with the uncarried (1.88175ms)
✔ the advanced level keeps the canonical order and renders no empty category (0.341542ms)
✔ the usage shortcut disappears entirely when the workspace has no invocations (0.137125ms)
✔ an exclusion names one lever, and which one (0.34975ms)
✔ a filtered set is summarised per lever, not per reason code (11.520208ms)
✔ the hover detail carries what the row no longer spends a line on (0.474792ms)
✔ atomic promotion POST from A is cancelled before its late B callback (6.591167ms)
✔ successful promotion clears the captured A draft and never the current B slot (0.867542ms)
✔ backend save Subject from A cannot mutate UI state after switching to B (0.690375ms)
✔ Save blocks only hash-bound errors for the current validation result (0.374667ms)
✔ Validate is non-mutating and delegates the exact live revision to the sidecar (0.355ms)
✔ bound hydration preserves an explicitly empty Flow without a starter fallback (1.483916ms)
✔ P1 hydration uses the server draft and never the System compatibility mirror (2.739416ms)
✔ P1 explicit false contract readiness overrides a raw contract hash (0.459959ms)
✔ P1 hydration barrier clears the previously pinned published contract (0.464167ms)
✔ P1 autosave is revisioned and stores an invalid draft without mutating Publish (1.324125ms)
✔ P1 draft 409 pauses writes and requires an authoritative reload (1.270333ms)
✔ P1 Publish requires rendered diff, release message and breaking acknowledgement (1.32575ms)
✔ P1 published application handoff reopens after reload or close without publishing again (0.601042ms)
✔ P1 migration baseline can be republished with an immutable contract at the same hash (0.309375ms)
✔ malformed bound Flow fails closed instead of becoming an editable scratchpad (0.343875ms)
✔ missing bound flow_definition is a protocol failure, not an empty Flow (1.046459ms)
✔ confirmed Clear pauses autosave and sends one explicit active replacement intent (1.106ms)
✔ active mass import cannot save until a second explicit replacement confirmation (0.80275ms)
✔ late save acknowledgement cannot mark a newer graph revision as saved (0.8625ms)
✔ discard is the only non-save path that releases an import hold (1.011458ms)
✔ failed promotion keeps the local draft and does not navigate away (0.367375ms)
✔ promotion acknowledgement for an older revision preserves the newer draft (0.39925ms)
✔ promotion keeps the draft when the atomic create response cannot prove the Flow (0.299083ms)
✔ shared flow is one-shot and Discard restores the durable workspace draft (0.388209ms)
✔ saving a shared flow consumes its hash so reload cannot reapply it (0.297625ms)
✔ malformed node ports fail closed before bound hydration (0.141625ms)
✔ active rollback options carry the hydrated hash and explicit intent (0.1505ms)
✔ Clear and mass import schedule no autosave while a meta-only edit does (0.526333ms)
✔ Workbench holds a dirty snapshot unsaved and resumes autosave on close (0.39225ms)
✔ stale save acknowledgement schedules exactly one follow-up autosave (0.355792ms)
✔ Decision palette seed is executable and fail-closed by default (2.503875ms)
✔ source and asset without inputs are not offered as targets (0.364083ms)
✔ sink without outputs is not offered as a source but keeps its input handle (0.972833ms)
✔ preconnect chooses the first compatible port, not the first declared port (0.423666ms)
✔ a port-less task uses its rendered implicit connector (0.216667ms)
✔ no compatible rendered port yields neither menu item nor edge (0.277792ms)
✔ preconnect from a Decision route creates a labelled branch edge (0.2485ms)
✔ inserting a Decision upstream uses its first route handle as a branch (0.120417ms)
✔ publication does not activate; explicit activation enables the existing application handoff (7.653042ms)
✔ active, unhydrated and unpublished systems cannot request activation (0.381ms)
✔ permission and transport failures keep application creation blocked with an actionable error (0.679709ms)
✔ an unexpected response cannot report successful activation (1.393375ms)
✔ a concurrent publication conflict leaves activation and application creation blocked (0.70475ms)
✔ switching workspace, System or published version cancels activation and leaves the new target usable (1.348583ms)
✔ destroying the component cancels activation (0.419875ms)
✔ canonical status updates can propagate errors without changing legacy callers (2.213083ms)
✔ the palette projection seeds an executable recipe node (1.923917ms)
✔ the inspector shows a recipe summary and one way into the workshop (0.695667ms)
✔ the builder mounts one workshop dialog for the selected recipe node (0.356583ms)
✔ the workshop is a modal dialog that edits the graph through the store (0.642875ms)
✔ machine failure codes reach the author as localized sentences (2.097917ms)
✔ the shared schema editor speaks the dictionary, not hardcoded English (0.366542ms)
✔ the recipe poll budget outlasts an env build and names its own timeout label (0.591584ms)
✔ the shared code editor lazy-loads CodeMirror and keeps a textarea fallback (0.379291ms)
✔ isPythonRecipeNode matches only task nodes bound to the recipe skill (1.330042ms)
✔ readRecipeParams fills defaults and normalises whatever is unset or malformed (0.538917ms)
✔ recipeWorkshopTestInput seeds the Test tab from node data (0.088792ms)
✔ clampRecipeTimeout mirrors the server window (1.93025ms)
✔ previewRequirements mirrors the server normalisation (comments, dedupe, sort, options) (0.599792ms)
✔ recipeSpecKey identifies the spec by its normalised fingerprint fields only (0.171542ms)
✔ every env and execution status resolves to FR and EN copy (0.168208ms)
✔ the execution timeline projects active, terminal and unknown statuses (0.19525ms)
✔ active statuses are exactly the cancellable ones (0.094209ms)
✔ display helpers stay defensive on absent values (0.211042ms)
✔ workspace reset rejects late trigger, HITL, step and nested getRun responses (10.378333ms)
✔ status: idle → running → done across a clean backend run (1.867417ms)
✔ publication Builder executes the saved server draft, never the published Run endpoint (0.616708ms)
✔ multiple draft ingresses stay ambiguous until the operator chooses one (0.116458ms)
✔ draft test ingress selection supports a sole non-manual adapter (0.079917ms)
✔ draft input modal blocks an ambiguous Flow until a real ingress is selected (0.682875ms)
✔ Decision terminal renders explicit resolution and branch label without values (0.399875ms)
✔ status: trigger failure → error (0.295667ms)
✔ HITL: pause → accept resolves and restarts the stream (1.607958ms)
✔ HITL: a refused decision does not log an approval or resume (2.600917ms)
✔ HITL: reject is forwarded; ignored when no pending gate (1.390958ms)
✔ debug: step then stop drives the debugger (0.577458ms)
✔ debug: continue forwards the live breakpoint set (0.360083ms)
✔ breakpoint debug cannot execute without a selected node (0.2515ms)
✔ breakpoints: add / remove + debug-mode cycle (0.276292ms)
✔ gating: invalid flow blocks the backend launch (0.239583ms)
✔ gating: scratchpad (no systemId) cannot Execute (0.745208ms)
✔ input editor accepts only JSON objects and reserves _debug (0.26875ms)
✔ service-owned debug metadata cannot be injected through a direct Execute call (0.45575ms)
✔ runtime badge accepts the three server modes and only falls back when canonical mode is absent (0.184625ms)
✔ gating: dirty, saving, save error, missing hash and stale manifest all fail closed (1.015666ms)
✔ Execute consumes only a current server validation for the saved hash (0.852417ms)
✔ debug is blocked in sequential legacy while normal Execute stays available (0.362459ms)
✔ 403/409/422 trigger errors stay distinct and keep operator input open (1.050292ms)
✔ authoritative hydration releases a 409 Execute latch even at the same Flow hash (1.011125ms)
✔ simulate: client-side dry run works without a System and skips the backend (0.350042ms)
✔ replay: re-emits the current run checkpoints into the terminal (0.601875ms)
✔ semantic diff detects same-count node kind, port and config changes (2.249708ms)
✔ semantic diff detects edge kind, branch and port changes with equal counts (1.785167ms)
✔ semantic diff treats executable node and edge ordering as observable (0.391584ms)
✔ semantic diff reports additions and removals rather than only count deltas (0.194541ms)
✔ semantic diff distinguishes changed and pinned-but-uncomparable contracts (0.182334ms)
✔ the palette projection seeds a runnable SQL transform node (3.512958ms)
✔ the palette projection seeds a runnable Polars transform node (0.179708ms)
✔ the palette projection seeds a runnable dbt transform node (0.507084ms)
✔ the engine identity is one fact: the palette and the workshop head agree (0.958542ms)
✔ the inspector shows an engine-aware summary and one way into the workshop (0.363708ms)
✔ the builder mounts one workshop for the selected transform node (0.354958ms)
✔ the workshop is a modal dialog that edits the graph through the store (0.410625ms)
✔ a queued run states its phase and can be stopped (0.196459ms)
✔ the libraries panel exists only for the engine that needs a venv (0.211417ms)
✔ a dbt project is authored as files, with the published model badged (0.30675ms)
✔ the dbt verdict is rendered on a refusal, not only on a success (0.444209ms)
✔ a refused program reaches the author as a sentence, never a raw code (0.250958ms)
✔ the preview never persists and never validates client-side (0.254583ms)
✔ the shared code editor lazy-loads each language and its schema completion (0.3215ms)
✔ isSqlTransformNode matches only task nodes bound to the transform skill (1.854166ms)
✔ reading the params falls back to the runnable starter statement (0.458333ms)
✔ reading the params keeps only pins that reference a dataset (0.166625ms)
✔ a legacy slug key on a pin is still resolved (0.081958ms)
✔ view names are duckdb-safe, accent-free and never collide (0.248667ms)
✔ the inspector summary skips the engine's own comment syntax (0.160875ms)
✔ the line count ignores a single trailing newline (0.082625ms)
✔ the preflight only blocks the two refusals an author hits by habit (0.163792ms)
✔ a coded refusal becomes a translated sentence, engine words kept where they help (0.119041ms)
✔ a refusal that names a place carries it, so the cursor can go there (0.145334ms)
✔ a coordinate is validated before it is used to move a caret (0.462792ms)
✔ every refusal code the workshop claims has FR and EN copy (0.279792ms)
✔ the completion schema exposes every name the statement can address (0.470792ms)
✔ the starter statement projects real columns, capped so it stays readable (0.208708ms)
✔ the output name falls back to the node label, then to the caller default (0.106791ms)
✔ the engine is read off the bound skill, and only for authorable nodes (0.191125ms)
✔ a Polars node cannot add libraries; a dbt project can (0.091333ms)
✔ a dropped Polars node carries a runnable script and its environment (0.259125ms)
✔ the program is read from the engine's own params field (0.338583ms)
✔ the timeout clamps to the platform window (0.122958ms)
✔ the Python preflight blocks an empty editor and a missing entry point (0.322042ms)
✔ a worker-side refusal parses back into its code and the author's words (0.512583ms)
✔ the Polars starter script addresses the source by its real name (0.081292ms)
✔ declared libraries drop blanks and comments (0.065917ms)
✔ a dropped dbt node carries a staging model, a mart and a tests file (0.09ms)
✔ a dbt node with no chosen mart still publishes its last model (0.102125ms)
✔ the file list is the project: models first, the tests gate last (0.123667ms)
✔ editing a file writes to the params path that file lives in (0.224833ms)
✔ renaming a model follows its refs and its publication (0.233125ms)
✔ adding a model chains it onto the published one (0.106667ms)
✔ deleting a model hands the publication over, and the last one is kept (0.0965ms)
✔ publishing another model moves the port and absorbs its dataset tick (0.089375ms)
✔ ticking a model as a sibling dataset is reversible and refuses the port (0.083541ms)
✔ the extra selection survives a rename and a deletion, but not its model (0.099208ms)
✔ the stored extra selection is read deduplicated and without the port (0.077792ms)
✔ a ghost in the extra selection is refused before the round-trip (0.111708ms)
✔ the dbt preflight refuses the project shapes dbt could not compile (0.130541ms)
✔ the dbt starter teaches source(), not the bare relation (0.055416ms)
✔ the build verdict is read off the row on success and on refusal alike (0.1025ms)
✔ a worker-side dbt refusal parses back into its code and its words (0.043959ms)
✔ every engine label the workshop renders has FR and EN copy (0.091834ms)
✔ a preview says which phase it is in, and skips one it will never enter (0.166583ms)
✔ client diagnostics map into the strip vm with node ids (6.417667ms)
✔ clicking a node-scoped row selects the node and emits focusNode (0.996042ms)
✔ clicking a graph-level row (no node id) is inert (0.411583ms)
✔ a known code reads as a sentence naming the node, not as the code (0.557667ms)
✔ an unknown server code falls back to the server sentence, never to a key (0.23775ms)
✔ a node-scoped message with no node falls back rather than showing {name} (0.203125ms)
✔ vm reacts to graph edits (resolving the cycle drops the error) (0.450625ms)
✔ no issues → clean, empty rows, zero counts (1.220333ms)
✔ client issues map to rows; errors group before warnings with counts (0.167041ms)
✔ current server issues are authoritative; identical client preview is deduped (0.229875ms)
✔ node_id null/undefined normalize to null (0.153834ms)
✔ fingerprint is deterministic across object key order (0.521666ms)
✔ an edit masks accepted diagnostics synchronously (6.392792ms)
✔ a late response cannot replace diagnostics from the newer request (1.044667ms)
✔ an out-of-order response is ignored even before the newer request resolves (1.146583ms)
✔ upstreamOutputs returns only ancestors of the selected node (0.918208ms)
✔ upstreamOutputs excludes self, downstream and parallel non-ancestors (0.135792ms)
✔ upstreamOutputs returns [] for a root node and for unknown selection (0.08575ms)
✔ upstreamOutputs enriches portless nodes from the manifest output_schema (0.215667ms)
✔ upstreamOutputs orders candidates by the supplied topological order (0.133083ms)
✔ filterCompatibleCandidates reuses the primitive-compat rule (0.137667ms)
✔ encode/decode round-trips and variableRefFor builds a typed selector (0.129833ms)
✔ Published pointer identity is separate from current server draft identity (0.456166ms)
✔ exact rollback evidence validates immutable and draft identities and digests (0.231041ms)
✔ server diff summary exposes contract and executable order changes (0.2495ms)
✔ component gates rollback on dual exact evidence and revision-bound fences (0.773667ms)
✔ workbench JSON object parser accepts only a top-level object (1.349958ms)
✔ golden-set parser preserves expected values and enforces the bounded wire contract (0.586084ms)
✔ golden-set parser rejects ambiguous ids and malformed input_ref values (0.533167ms)
✔ isolated-node affordance accepts only task nodes with one coherent Skill slug (0.376833ms)
✔ workbench panel exposes the three preview modes and the unsaved boundary (0.831542ms)
✔ chat input follows the selected ingress schema without synthetic aliases (1.225166ms)
✔ real side-effect acknowledgement is required before validation or dispatch (5.667625ms)
✔ chat validates and hash-binds the exact dirty snapshot without saving it (4.151833ms)
✔ a graph edit during validation fences the request before dispatch (0.884416ms)
✔ multiple ingresses require an explicit stable selection (1.592ms)
✔ isolated node execution keeps source hash evidence and projects its result (1.844ms)
✔ golden batch uses server verdicts even when the local output would match differently (1.441333ms)
✔ golden polling follows the server queue instead of polling every case concurrently (0.782125ms)
✔ sequential legacy validation fails closed before any workbench endpoint (0.390333ms)
✔ golden polling has a distinct one-hour budget without changing interactive polling (133.036ms)
✔ every Flow revision invalidates completed workbench evidence (1.535875ms)
✔ workspace reset clears workbench evidence and rejects a late validation (0.920125ms)
✔ golden workbench separates unevaluated, waiting and execution errors without client scoring (0.882625ms)
✔ selection is deterministic and synchronous (inspector updates within one frame) (3.844417ms)
✔ load resets dirty; a manifest write marks dirty; markSaved clears it (0.849792ms)
✔ revision is monotone and a stale save acknowledgement cannot clean a newer edit (0.563542ms)
✔ load and snapshot preserve known and unknown top-level sidecars without graph duplication (1.326458ms)
✔ replaceAsEdit is dirty and undo/redo restores the complete metadata sidecar (0.931791ms)
✔ clear is idempotent for an already empty graph (0.469791ms)
✔ TWO-WAY WIRING: top_k edit writes the exact nested path and round-trips on reload (1.3505ms)
✔ skill param home: config.params.<key> writes + round-trips (PART A.4) (0.7815ms)
✔ undo/redo + connect/disconnect behave as single steps (0.383042ms)
✔ accessible outline reorder shares canonical order and one undo frame with the canvas (0.374083ms)
✔ task deletion cuts incident routes and undo restores the exact graph atomically (0.401417ms)
✔ Skill, Governance and ordinary tasks never reconnect compatible routes (1.278708ms)
✔ deletion preserves pre-existing non-incident routes without synthesising another (0.422584ms)
✔ clear is one revision and undo restores the graph (0.447541ms)
✔ edge identity includes kind, branch label and both ports (0.211916ms)
✔ Decision rename updates config, route handle, default and edges in one undo frame (1.772042ms)
✔ Decision delete removes its routes and default atomically; undo restores all (0.729833ms)
✔ Decision add, reorder and default selection each remain a single mutation (0.962458ms)
✔ two Decision labels may fan out to the same target without deduplication (0.565083ms)
✔ the canonical Skill taxonomy has the exact product order (0.879417ms)
✔ the palette section is the catalog category, never re-inferred (0.159416ms)
✔ uncategorised skills stay visible under Other (0.119459ms)
✔ skill projection exposes category/runtime without leaking palette-only top-level fields (1.501709ms)
✔ every trigger type the backend maps to an event is reachable from the palette (0.195458ms)
✔ the visibility verdict and the usage count travel with the palette entry (0.476208ms)
✔ Retrieval taxonomy is persisted as a shared canonical config marker (0.10825ms)
✔ a required Skill param fed by an upstream binding is valid while empty (0.496791ms)
✔ a required Skill param with neither value nor binding stays invalid (0.086458ms)
✔ a supplied value or an optional param is never flagged, whatever the bindings (0.060834ms)
✔ only Skill params read a binding; node config and data keep the plain test (0.0645ms)
✔ binding recognition accepts a typed ref or a legacy path, nothing else (0.063584ms)
✔ routing load failure leaves no invented draft and blocks saving (6.785875ms)
✔ permissions fail closed for configuration, credentials, serving and lifecycle (1.064541ms)
✔ catalog filters provider, task and runtime and preserves explicit empty fallback (0.539167ms)
✔ saved Azure metadata pre-fills without exposing or inventing secrets (0.536959ms)
✔ workspace transition purges secrets and rejects stale test targets (2.131083ms)
✔ canonical targets match the selected pair and form input preserves additional defaults (12.002333ms)
✔ test rejects missing acknowledgement, invalid JSON and absent required inputs (1.28325ms)
✔ catalog refresh preserves active test; clearing the selection removes previous result (13.288333ms)
✔ model and token evidence is canonical trace and metrics, never arbitrary output (1.110625ms)
✔ costs distinguish catalog calculation, provider-reported zero and missing measurement (22.706334ms)
✔ unreachable connections stay selectable but carry an explicit warning, including fallback (0.676459ms)
✔ a delayed initial distribution never overwrites a later selected window (0.356833ms)
✔ a slow canonical Run read is allowed to finish without polling cancellation (1103.153916ms)
✔ Skill creation keeps Govern context and model parameters in the query, not the route path (1.559792ms)
✔ invocation evidence links preserve Govern as a query parameter (0.454125ms)
✔ connector configs and app toggles are isolated by active workspace (0.915041ms)
✔ CONNECTORS has one generic MCP card, not SAP posting or HIKMA (0.117542ms)
✔ apply requires explicit review and prevents duplicate dispatch while in flight (3.707125ms)
✔ a response from the previous workspace does not change current proposal or emit application (0.4155ms)
✔ restoring a saved proposal selects its diff without applying and rejects another System (0.161833ms)
✔ Run facets track history, merge tab changes and refresh can force store invalidation (6.196833ms)
✔ Run loads its projection when the effective gate activates in the same workspace epoch (1.346667ms)
✔ Experience origins are exact API filters built from safe application slugs (0.609875ms)
✔ non-Experience and malformed origins never reach the Runs API (0.082ms)
✔ each Run exposes a native keyboard link to its detail (3.50725ms)
✔ the status selector invalidates the visible Runs projection (0.219041ms)
✔ Runs API failures remain distinct from an empty successful list (1.091833ms)
✔ SkillInvocation is a dedicated Run child resource before the generic Run route (194.030875ms)
✔ SkillInvocation facets follow validated deep links and preserve query context on tab changes (6.441583ms)
✔ SkillInvocation loads its projection when the effective gate activates in the same workspace epoch (0.472917ms)
✔ Invocation audit uses only the authorized Run payload when projections are off and clears stale evidence (2.202292ms)
✔ creating a draft requires explicit review and suppresses duplicate sends (4.078ms)
✔ a late response cannot cross the workspace boundary (0.294917ms)
✔ uncertain generation retries retain their key; changing inputs starts another request (3.112083ms)
✔ uncertain suite execution retries keep the same frozen request and workspace scope (1.170333ms)
✔ reopening a completed BRD job restores its batch without executing again (23.921291ms)
✔ requirement links only use test evidence from this exact BRD proposal (0.588459ms)
✔ the runtime controls are read from the descriptor, not from a local copy (2.879292ms)
✔ the runtime is named in plain words with the raw kind still available (0.299625ms)
✔ a contract cannot be invalid JSON any more, because it is never text (1.833625ms)
✔ preset inputs are a form derived from the wrapped skill own contract (0.9305ms)
✔ a preset value the target contract does not declare is named, not dropped (0.203542ms)
✔ preset inputs written by hand are still checked before they are sent (0.204916ms)
✔ a runtime parameter the descriptor requires blocks the submission (0.156125ms)
✔ switching runtime drops the parameters the previous one owned (0.102708ms)
✔ a preset picks the runtime and proposes the contract, all of it editable (0.1945ms)
✔ a complete draft posts exactly what the workspace decided (0.376875ms)
✔ no capability named means no claim asked for (0.14175ms)
✔ editing the same screens patches the row and never renames the slug (0.372ms)
✔ a refusal is shown in the server’s own words (0.329083ms)
✔ an imported requirement opens the wizard already filled in (0.114208ms)
✔ the New skill affordance appears only when the server grants skill.admin (1.497417ms)
✔ a Portal model seeds an executable prompt Skill, preserves its model and clears it on provider change (0.161708ms)
✔ the Skill picker excludes non-generative and unconfigured models, and ignores stale workspace responses (0.256042ms)
✔ Portal authoring entry requires the current workspace and server authoring right (1.631291ms)
✔ Run model summaries use recorded resolution and never infer a provider from an arbitrary model name (0.104125ms)
✔ an unknown authoring right fails closed rather than assuming an admin (0.91725ms)
✔ an authored skill lands in the registry and is selected (3.601708ms)
✔ a refused capability claim is said out loud, and the skill is still there (0.347708ms)
✔ edit and delete are offered on the rows this workspace owns, and only those (0.188042ms)
✔ a delete the API refuses is reported in the API own words (0.387542ms)
✔ a delete the API accepts clears the selection and re-reads the list (0.222959ms)
✔ an imported row opens the wizard as a draft rather than creating anything (0.146333ms)
✔ only a capability this workspace owns is offered as a carrier (0.138792ms)
✔ switching workspace withdraws the authoring right until B answers (0.196667ms)
✔ Skill costs distinguish missing, zero and positive amounts below display precision (15.415292ms)
✔ Observed Skill costs never substitute a catalog price or unmeasured default (0.315584ms)
✔ Skill view purges A synchronously and only accepts the B reload (6.817833ms)
✔ Skill detail requires both the server editing right and workspace ownership (4.946625ms)
✔ Skill detail edits prompt_template through the existing wizard without losing contracts or params (4.265ms)
✔ Skill detail edits registry_call through the existing wizard without losing contracts or params (1.16425ms)
✔ Skill detail skips registry loading when only a prompt executor is available and keeps create at Intent (0.301792ms)
✔ Skill detail reports a failed registry load and allows a fresh attempt (0.455375ms)
✔ Skill detail purges editing rights, targets, notices and stale updates on workspace change (0.412917ms)
✔ Skill detail discards a pending edit and old reads when navigating to another Skill (0.343292ms)
✔ review queue inherits scope and ignores a response from the previous scope (3.786542ms)
✔ canonical review queue serializes the System and period scope (4.572291ms)
✔ Runner JSON parser rejects malformed, null, arrays and primitives without coercion (2.022875ms)
✔ Systems routing exposes the Runner before the generic System detail route (0.258875ms)
✔ Runner live-state detector keeps polling only for non-terminal Runs (0.305375ms)
✔ an inactive durable session is never executable client-side (3.149875ms)
✔ invalid editor JSON performs zero execute requests (0.267084ms)
✔ execute binds the immutable published version and hash to the request (1.03475ms)
✔ 409 latches published authority until overview and session reload both succeed (0.673667ms)
✔ session changes are fail-closed and a late previous session cannot win (0.559417ms)
✔ workspace reset invalidates an in-flight Runner overview before it can populate state (0.8845ms)
✔ route load resumes the latest durable Runner session (0.6215ms)
✔ a Flow Builder graph with declared ingresses is flow-backed (4.0675ms)
✔ the System Builder form projection keeps its RAG rendering (0.13525ms)
✔ the workspace chat System is never described as a graph (0.076375ms)
✔ variants that already own a bespoke rendering are left alone (0.086291ms)
✔ absent, empty or unauthored graphs fall back to the existing behaviour (0.076333ms)
✔ the server manifest can only narrow the verdict, never open it (0.073916ms)
✔ manifest runtime status is projected onto the matching step (0.108625ms)
✔ publication evidence and scratchpad provenance are surfaced verbatim (0.092834ms)
✔ an unpublished flow-backed System reports the draft badge (0.08775ms)
✔ a source node without config.ingress_kind reports the kind publication derives (0.171958ms)
✔ a source node declaring an unknown ingress kind is not counted as a trigger (0.112917ms)
✔ an explicit rag_mode still wins for systems that are not flow-backed (0.197959ms)
✔ value-loop helpers distinguish simulation, missing measurement and observed evidence (0.787333ms)
✔ value-loop progress advances only through persisted scenario states (0.157584ms)
✔ baseline selector trusts the server eligibility flag and excludes operator, seed and canary runs (0.984375ms)
✔ late value-loop responses are rejected after a workspace, System or request change (0.23275ms)
✔ command ledger reuses an idempotency key across retries and rotates after success or context reset (0.182667ms)
✔ System value-loop visibility is authorized only by the current server Steer projection (0.337583ms)
✔ all System stage links keep their context outside the router path (1.780416ms)
✔ Design shows the server draft while the published System remains unchanged (3.295833ms)
✔ Design refuses wrong identity and failed reads, and ignores late workspace responses (0.554708ms)
✔ explicit feature opt-out and specialist/360 surfaces keep their existing projections (1.100958ms)
✔ ChatKnowledge cancels the A write chain before a late response can continue in B (14.737291ms)
✔ ChatKnowledge pins and cancels post-save reloads so late A reads cannot repopulate B (7.490333ms)
✔ ChatKnowledge keeps guide writes and their refresh in one cancellable A scope (1.14225ms)
✔ Members displays and sends a manifest-defined non-Andritz entitlement on invite (7.129792ms)
✔ Governance toggle preserves a future active key and saves it unchanged (1.845083ms)
✔ memoizeLayout rebuilds only when the key changes (0.704667ms)
✔ shouldRebuildLayout ignores hover-only input names (0.09525ms)
✔ nearestDayIndex snaps a pointer x onto the closest day (0.085458ms)
✔ placeTooltip flips at the viewport edges and stays inside (0.721334ms)
✔ wrapLabelLines keeps short names and wraps long System names to two lines (0.671042ms)
✔ easeOutProgress lands on 0 and 1 (0.098875ms)
✔ dense layout reproduces the approved scale and stacks stubs under the hours node (4.328916ms)
✔ a single converging source still curves into a lower hours node and is capped (0.868958ms)
✔ stub-only sources render without hours or value nodes (0.127583ms)
✔ truncateLabel keeps short names and ellipsises long ones (0.076ms)
✔ niceStep picks round gridline steps that give about four lines (1.385417ms)
✔ spreadLabelRows pushes overlapping labels apart inside the plot (2.025291ms)
✔ cubicSmoothPath uses horizontal midpoints between consecutive points (0.350125ms)
✔ cubicSmoothAreaPath closes to a lower band or a baseline (0.373792ms)
✔ sankeyRibbonPath is a cubic band between two node segments (0.12075ms)
✔ radial spoke math matches the approved 30-day clock (0.20425ms)
✔ accumulateStackedSeries builds lower and upper bands per series (0.209167ms)
✔ primary CTA text meets WCAG AA in dark and light themes (1.708959ms)
✔ secondary text meets WCAG AA on cockpit panels (0.751084ms)
✔ secondary text meets WCAG AA on raised surfaces too (0.264417ms)
✔ every cockpit token a component names is a token the theme defines (154.312333ms)
✔ a connection link in a new tab leaves the Skill draft in its current tab (2.26625ms)
✔ a small negative declaration keeps the correct inequality at display precision (13.713084ms)
✔ NorthForge unset value is absent, not zero business value or zero efficiency (0.3905ms)
✔ declared and estimated zeros remain values; unavailable cost cannot yield efficiency (0.684041ms)
✔ input updates and language changes refresh all cached Run summaries (0.712833ms)
✔ nonfinite values and invalid confidence never become economic or quality indicators (0.235083ms)
✔ invocation costs distinguish configured calculations, old zeros, missing evidence and tiny amounts (0.261417ms)
✔ every state maps to a painter at both tuned sizes (2.65775ms)
✔ each painter puts ink inside the canvas box (16.290542ms)
✔ dark and light are the same drawing in opposite ink (4.131125ms)
✔ resolving a preset twice hands back the cached tuning (0.075125ms)
✔ renders yields below the ceiling exactly as measured (0.536417ms)
✔ keeps the ceiling itself in full and bounds everything above it (0.079292ms)
✔ renders a missing or unusable measurement as an em dash (0.065709ms)
✔ bounds the ratios observed in production instead of printing them (0.07775ms)
✔ a contract the rows can hold projects with nothing left over (1.81775ms)
✔ writing the rows back preserves the keys the rows never knew about (1.241125ms)
✔ an edit through the rows changes only what it touched (0.296417ms)
✔ a construct no row can hold is named, not flattened (0.177667ms)
✔ an empty contract is a clean slate, not a complaint (0.108833ms)
✔ a row with no name is dropped rather than writing an empty key (0.062958ms)
✔ preset inputs are derived from the target contract and typed on the way in (0.207708ms)
✔ numeric columns draw their histogram, normalized to the tallest bucket (0.645042ms)
✔ categorical columns draw their top values instead of a histogram (0.445708ms)
✔ a column with no profile draws nothing rather than a fake baseline (0.073458ms)
✔ a histogram bin with no upper edge still labels its bucket (0.064ms)
✔ null ratios become whole percentages, and a clean column reports zero (0.069ms)
✔ only integer and float count as numeric for alignment and histograms (0.096125ms)
✔ every column kind has a header glyph so no column renders unlabelled (0.056375ms)
✔ a numeric profile states counts, then range, then central tendency (0.107083ms)
✔ a categorical profile leaves out the statistics that would be meaningless (0.081541ms)
✔ a clean column still says so, because "no missing values" is a finding (0.123209ms)
✔ a datetime column keeps its range without inventing an average (0.079833ms)
✔ a column with no profile at all offers no facts to open (0.0575ms)
✔ a row count is only stated when it is one (0.067625ms)
✔ top values rank widest first, relative to the most frequent one (0.343334ms)
✔ a high-cardinality column still shows shape, not seven empty slivers (0.122125ms)
✔ a numeric column has no top values, so its popover shows only figures (0.110125ms)
✔ byte sizes read as volumes, keeping a decimal only where it informs (20.152625ms)
✔ a column click replaces, toggles or leaves the selection alone (1.48675ms)
✔ the table states its own shape, so no caller can forget to (0.784917ms)
✔ every icon name used in a template resolves in the registry (46.704291ms)
✔ every icon name declared as data resolves in the registry too (31.207792ms)
✔ no registry key is written in a form the lookup can never reach (0.429458ms)
✔ authoring and confirmation modals own focus, Escape and an accessible name (2.041708ms)
✔ the BRD upload uses a keyboard button and a focusable visually-hidden input (0.529333ms)
✔ shared modal and contextual help keep locale and pointer focus semantics (0.786292ms)
✔ AuthStore advances an opaque epoch and resets principal caches atomically (1.904125ms)
ℹ tests 1511
ℹ suites 1
ℹ pass 1511
ℹ fail 0
ℹ cancelled 0
ℹ skipped 0
ℹ todo 0
ℹ duration_ms 7914.936375
