
> agentium@0.1.0 test:unit
> node scripts/run-unit.mjs

✔ POST composes an explicit workspace with an idempotency header (14.196875ms)
✔ 401 refresh retry preserves the active X-Workspace-Slug (11.715958ms)
✔ an explicit workspace header wins over the current workspace and survives retry (45.24475ms)
✔ a wrapped 500 auth error preserves the historical refresh retry (0.438625ms)
✔ concurrent 401 retries preserve the workspace on every queued request (0.510375ms)
✔ HttpClient and direct fetch share one refresh while retaining distinct workspaces (3.328375ms)
✔ a late 401 reuses the token refreshed by an earlier request (0.507ms)
✔ a failed shared refresh rejects every concurrent request and expires once (29.56325ms)
✔ cancelling the refresh leader does not strand a concurrent follower (1.464416ms)
✔ a started refresh survives cancellation and a later 401 joins it (0.666917ms)
✔ a 401 from the retried business request does not clear the refreshed session (2.066875ms)
✔ a 403 from the retried business request does not clear the refreshed session (2.426ms)
✔ a 500 from the retried business request does not clear the refreshed session (1.340875ms)
✔ appearance accepts bounded options and never exposes arbitrary CSS or native profiles (5.006208ms)
✔ preview and runtime use the same palette, contrast choice and logo fallback (1.614417ms)
✔ custom mid-tone accents keep readable text at the contrast boundary (0.102667ms)
✔ listSkills keeps the backwards-compatible empty fallback by default (8.144667ms)
✔ listSkills can propagate transport errors to truth-sensitive catalogs (1.128625ms)
✔ listSystems preserves fallback compatibility but can fail closed for Studio (0.8465ms)
✔ the shared model catalogue propagates failures and resolves with the explicit System context (1.69975ms)
✔ version history keeps backwards-compatible empty/null fallbacks by default (2.894417ms)
✔ truth-sensitive version history can propagate list and preview failures (0.452875ms)
✔ round-trip: nodes.<id>.data.retrieval_defaults.top_k survives normalize (load) (1.967125ms)
✔ round-trip: annotateSidecars (save path) does not drop node data/config (0.239209ms)
✔ normalize is idempotent for the budget flow (load → snapshot → load fidelity) (0.557542ms)
✔ PART A.4: skill config.params.<key> is the shared home and round-trips (0.1035ms)
✔ validateFlow flags a task node with no skill bound (2.896917ms)
✔ validateFlow accepts a bound skill task with no warnings for it (0.128ms)
✔ validateFlow rejects duplicate node ids before ambiguous map construction (0.389583ms)
✔ edge identity is structured, collision-free and rejects true duplicates (0.611ms)
✔ strict Flow requires exactly one explicit output sink (0.328209ms)
✔ Decision condition structural validation accepts the runtime DSL and rejects unsafe syntax (2.005542ms)
✔ validateFlow accepts a fully wired Decision contract (0.440459ms)
✔ validateFlow mirrors Decision contract diagnostics (7.338125ms)
✔ validateFlow reports unwired Decision routes and foreign branch edges (0.267291ms)
✔ validateFlow pairs fork/join by real reconvergence, not global counts (0.772ms)
✔ validateFlow accepts a labelled fork whose lanes post-dominate at a join (0.320083ms)
✔ normalize backfills schema_version 3 idempotently (v2 -> v3) (0.077584ms)
✔ normalize infers typed ports from data edges that name a port (idempotent) (0.457083ms)
✔ normalize leaves legacy inputs_map dot-path strings intact (0.179042ms)
✔ validateFlow: port_type_mismatch warns on incompatible primitives only (0.2695ms)
✔ validateFlow: port_type_mismatch silent on numeric widening + portless edges (0.45125ms)
✔ validateFlow: variable_unresolved warns on unknown/non-upstream refs, silent for reserved + legacy (0.191208ms)
✔ VariableRef JSON shape matches the backend strict contract (0.060167ms)
✔ validateFlow rejects the same malformed VariableRefs as the backend (0.077791ms)
✔ strict dot-path conversion refuses empty path segments (0.190209ms)
✔ topoSort returns an order for a DAG and null for a cycle (0.336833ms)
✔ ingress kind typos and inbound source nodes are blocking (0.226916ms)
✔ agent loop requires a turn budget and a compact allowlist (0.106209ms)
✔ loop and retry budgets must be finite positive integers (0.151042ms)
✔ every lexicon entry is complete in both languages (1.436416ms)
✔ definitions stay one line of plain language (0.604792ms)
✔ concept ids are unique (0.22525ms)
✔ a forbidden word belongs to exactly one concept (0.747125ms)
✔ the canonical term of a concept is never itself forbidden (0.34975ms)
✔ lookups fall back instead of throwing on an unknown concept (0.223958ms)
✔ the dictionary keeps FR/EN parity across every domain (10.75875ms)
✔ each key lives in the domain module that owns its prefix (24.835375ms)
✔ no key is defined by two domains, so the merge order never decides (8.441708ms)
✔ the interpolation placeholders of a key match across locales (20.496625ms)
✔ the English PR to PO desk does not keep French dossier or terrain (6.862042ms)
✔ LiveKit workspace invalidation suppresses queued data synchronously (3.428166ms)
✔ session.start carries the mode the caller asked the room for (7.804833ms)
✔ a control frame with no dedicated helper travels with its payload intact (0.143667ms)
✔ a framed answer reaches the surface as one whole event (0.308125ms)
✔ a one-frame payload takes the same path as a large one (0.108958ms)
✔ an interrupted push is dropped rather than half-delivered (0.11375ms)
✔ opening a room asks for its mode from the very first hop (1.700625ms)
✔ a rejected LiveKit await after A→B is surfaced as workspace cancellation (0.35475ms)
✔ navigation guard observes V2 after the legacy decision and executes only legacy output (1.885958ms)
✔ an unexpected shadow exception never interrupts legacy navigation (0.204125ms)
✔ a direct legacy decision remains direct even when shadow reports a divergence (0.134458ms)
✔ business profile resolves the Andritz applications in their stable order (4.126125ms)
✔ a partial legacy profile cannot hide an app before the entitlement flag (1.050625ms)
✔ admin keeps the full Agentium shell unless business preview is enabled (1.123583ms)
✔ business allowed paths remain stable inputs for the navigation resolver (0.365334ms)
✔ V2 produces the business shell policy when its workspace flag is enabled (1.629459ms)
✔ app entitlements filter both legacy and V2 profiles and missing grants fail closed (1.740125ms)
✔ NavigationProfile consumes installed app authority when the platform gate is active (4.58825ms)
✔ platform authority never exposes an installed business app without a member grant (0.678667ms)
✔ NavigationProfile never revives the legacy shell when enabled platform authority is invalid (0.403959ms)
✔ business policy matrix is owned once and every destination is terminal (8.447292ms)
✔ business policy keeps the admin shell until preview is explicitly enabled (0.565666ms)
✔ V2 business redirects are executed only by the navigation resolver (1.026583ms)
✔ enabled Workspace App authority redirects every invalid runtime surface to a terminal unavailable shell (0.88775ms)
✔ invalid runtime exposes the isolated repair route only to workspace admins (0.427375ms)
✔ the unavailable page cannot masquerade as workspace state once platform authority is healthy or disabled (0.800042ms)
✔ app entitlements redirect denied business surfaces to an entitled terminal route (0.485792ms)
✔ an unsafe or self-referential business default falls back to chat (0.182541ms)
✔ demo hypervisor resolves once to the configured default route (0.229916ms)
✔ axes v4 owns legacy hypervisor object links and keeps Hypervisor at Portfolio (0.228042ms)
✔ builder + nav v5 sends Portfolio home to /create (D4) (0.145584ms)
✔ legacy focus and tab queries rewrite to the v5 grammar (0.145459ms)
✔ Mission Room fallback and deep links require the workspace extension (0.2735ms)
✔ a stale Mission Room default cannot loop while the extension is disabled (0.124833ms)
✔ business policy resolves a Mission Room deep link directly to its terminal surface (0.224875ms)
✔ demo entry aliases cannot create a self redirect or an Angular alias cycle (0.47625ms)
✔ workspace entrypoint resolves once with an encoded active slug (0.470458ms)
✔ workspace query on a product route activates that tenant (0.260083ms)
✔ workspace deep links activate their tenant before component construction (0.150041ms)
✔ unknown workspace deep links resolve back to the active workspace (1.113167ms)
✔ workspace load failure fallback remains owned by the navigation resolver (0.349958ms)
✔ business policy has deterministic precedence over demo and workspace entrypoints (0.605167ms)
✔ adoption generic home follows the task and retains authorized deep links (0.879292ms)
✔ an unavailable application is never bypassed by the adoption home (0.971167ms)
✔ direct navigation emits one workspace-scoped event without query or fragment (8.524584ms)
✔ explicit redirect keeps the original request, owner and typed reason (0.729792ms)
✔ explicit redirect records the final destination after a chained Angular redirect (1.456333ms)
✔ workspace extension rejection emits the resolver-owned audit reason (0.511667ms)
✔ explicit redirect survives a superseded navigation when its replacement wins (1.610125ms)
✔ a superseded redirect cannot leak into a different replacement destination (1.7665ms)
✔ cancelled or failed redirects cannot leak into a later navigation (1.854958ms)
✔ static Angular redirect is inferred from urlAfterRedirects (0.4895ms)
✔ public/auth routes and navigations without a workspace are not emitted (1.963166ms)
✔ the first NavigationEnd is safely backfilled after workspace loading (0.491042ms)
✔ privacy and surface helpers redact identifiers and reuse the catalog ids (1.692875ms)
✔ navigation.transition is off unless the workspace opts in (0.871541ms)
✔ navigation.transition records zone, depth and inferred trigger behind the flag (4.744916ms)
✔ popstate navigations classify as history without leaking query text (2.414958ms)
✔ the Flow entry is named after the destination it resolves to (3.003292ms)
✔ destination naming exposes a dedicated key so a locale can override it (0.305292ms)
✔ sections without a dynamic destination keep their catalog naming (0.096458ms)
✔ Client360 stays classified under Operate in the standard admin cockpit (1.652166ms)
✔ Andritz business app catalog keeps its stable routes and API prefixes (0.669375ms)
✔ surface registry owns unique ids and every rail section references it (0.389667ms)
✔ lens changes preserve Capability, System, Run and SkillInvocation identity (31.637333ms)
✔ scope routes retain the real current ancestry (4.189667ms)
✔ object builders use canonical locators and business guards match registered surfaces (2.795417ms)
✔ axes v4 has four object lenses and a distinct Portfolio destination (0.815375ms)
✔ unknown navigation query values never influence the cockpit projection (1.333166ms)
✔ experience studio adds one Create entry and keeps the zone catalogues (1.137333ms)
✔ the data plane is one Build entry that owns both of its routes (0.30375ms)
✔ Lot 6 orphan leaves are catalogued (0.61475ms)
✔ legacy query aliases hydrate the canonical grammar (0.235416ms)
✔ nav v5 sommaire has no object-type index outside Create (I1) (0.08925ms)
✔ OBJECT_FACETS lists System descendants used by the sommaire branch (0.094958ms)
✔ a page link keeps lens and ancestry (I3) (3.786084ms)
✔ every catalogued surface route is reachable through a declared route (4.987458ms)
✔ every surface and leaf route is absolute (0.125833ms)
✔ planned orphan leaves have a catalog entry (0.168375ms)
✔ every Router path has a catalog entry or a named exemption (54.890125ms)
✔ ObjectPerspectiveStore validates, preloads and caches one invariant four-lens bundle (11.7645ms)
✔ a late server gate revocation purges the projection and refreshes workspace authority (4.543167ms)
✔ concurrent non-force loads share one authoritative four-lens request (1.482083ms)
✔ a newer force refresh wins even when it completes before the older request (0.531875ms)
✔ one snapshot mismatch retries all four reads once in the same request generation (0.6435ms)
✔ a persistent snapshot mismatch fails after one complete retry (1.491584ms)
✔ cache TTL is finite and forceRefresh atomically invalidates a fresh bundle (1.310292ms)
✔ the cache key includes workspace epoch even before a reset notification (0.318458ms)
✔ the cache key includes workspace identity when a slug is recreated in the same epoch (0.272417ms)
✔ logout and a new principal cannot reuse the previous principal cache (0.3505ms)
✔ a late response from principal A is rejected after principal B logs in (0.343084ms)
✔ a late 410 from principal A cannot revoke the projection for principal B (0.218375ms)
✔ a workspace reset rejects late responses and cannot repopulate the cache (0.261292ms)
✔ a late 410 from workspace A cannot revoke the projection in workspace B (0.1585ms)
✔ schema and cross-lens invariant violations never populate the cache (3.3685ms)
✔ a SkillInvocation request without its parent Run fails before an API call (0.158958ms)
✔ a workspace without the setting keeps the Agentium chrome (0.524458ms)
✔ the immersive workspace-app brand never rebrands the platform chrome (0.077584ms)
✔ a label and an emblem together carry the tenant identity (0.4225ms)
✔ a tenant may declare a second artwork for light surfaces (0.273542ms)
✔ the light variant alone never makes a brand whole (0.19975ms)
✔ a malformed or blank light variant falls back to the single emblem (0.085333ms)
✔ half a declaration is refused rather than mixed with our own brand (0.05925ms)
✔ a malformed setting cannot break the chrome (0.051ms)
✔ the return route is kept only when it is an in-app absolute path (0.075458ms)
✔ a fresh browser follows the operating system (0.425208ms)
✔ an explicit preference on the unified key is honoured (0.067042ms)
✔ the business-shell key is adopted when the unified key is unset (0.056792ms)
✔ the pin's constant dark loses to a real business-shell choice (0.051583ms)
✔ a non-dark unified value outranks the legacy key (0.054333ms)
✔ garbage in either key never escapes the tri-state (0.078833ms)
✔ dispose discards recorder A without emitting a final chunk or endpoint (2.101125ms)
✔ hard stop invalidates a getUserMedia request still arming in workspace A (0.438541ms)
✔ normal endpoint still flushes audio and calls onEndpoint once (0.953ms)
✔ the direct WebSocket lane carries the assistant mode and its session context (29.755959ms)
✔ the direct lane rejoins a framed answer exactly as the LiveKit lane does (0.461ms)
✔ voice WebSocket pins the captured workspace query and closes on switch (3.408ms)
✔ a rejected play promise from workspace A cannot advance or finish the B queue (2.003125ms)
✔ business proof requires a declared and granted primary entitlement (8.525583ms)
✔ business proof never downgrades to a route-only check (0.092583ms)
✔ immersive proof requires an entitlement-free extension boundary (0.092333ms)
✔ immersive proof targets the manifest that owns the Mission Room projection (0.074209ms)
✔ standard proof also fails closed on an unenforced entitlement declaration (0.256834ms)
✔ shadow runtime records a match against the exact legacy redirect decision (72.023583ms)
✔ shadow runtime reports but never applies a divergent legacy decision (4.568334ms)
✔ workspace entrypoint blocks a cross-workspace target before slug redaction (2.2995ms)
✔ system capture keeps only equality/presence proofs and never retains its query value (1.772541ms)
✔ system capture blocks a different forwarded System id without retaining either id (2.023667ms)
✔ system capture without the semantic systemId key is an observed divergence (3.798375ms)
✔ unknown runtime configuration is fail-closed evidence instead of a thrown error (1.791042ms)
✔ workspace reset atomically clears reports and rejects late A observations (3.991375ms)
✔ current complete Sentinel payload marks both critical scenarios observed without mutation (2.545333ms)
✔ sealed Mission Room proofs aggregate across workspaces and invalidate on config drift (7.744291ms)
✔ sealed proof does not survive workspace recreation with the same slug and config (9.415625ms)
✔ raw Mission Room observation cannot be resealed after same-id config drift (9.5595ms)
✔ a synthetic projection cannot overwrite an observed runtime divergence (6.95625ms)
✔ Mission Room rejects an old workspace id after same-slug recreation without epoch change (1.355792ms)
✔ Sentinel observation with an absent brand remains invalid and fail-closed (1.446291ms)
✔ Sentinel observation with a primitive brand remains invalid and fail-closed (0.723917ms)
✔ Octocity non-empty brand without style is compared as the Sentinel UI fallback (0.653583ms)
✔ Octocity contradictory brand label is retained only as a private fingerprint input (0.606625ms)
✔ Mission Room brand label/style fields fail closed when present with invalid types (0.547541ms)
✔ Mission Room observation error is preserved as fail-closed evidence (0.567ms)
✔ Mission Room payload with a slug inconsistent with its scope is ignored (0.088667ms)
✔ registry IDs are unique and deterministically ordered by priority (1.025542ms)
✔ Andritz member keeps the rendered business experience and hard-coded surface order (1.526875ms)
✔ app entitlements filter the V2 business policy in canonical order and fail closed (0.224667ms)
✔ app entitlement payload is ignored until its feature flag is enabled (0.10375ms)
✔ workspace app runtime is a strict no-op while its feature flag is off (1.03675ms)
✔ authoritative business installations own surfaces and routes without legacy fallback (11.165167ms)
✔ authoritative business installations require grants even when the legacy entitlement flag is off (0.726125ms)
✔ three Andritz installations expose four entitled surfaces without a fourth app (0.441166ms)
✔ authoritative Mission Room projection isolates Sentinel and Octocity from crossed legacy terms (0.9565ms)
✔ runtime bootstrap transports the generic provider contract and rejects malformed endpoints (0.770625ms)
✔ enabled platform fails closed to an isolated unavailable shell when runtime authority is absent or invalid (0.257834ms)
✔ invalid runtime keeps the unavailable page terminal and grants only admins the isolated repair route (0.114041ms)
✔ Andritz admin remains standard while admin preview restores business (0.354375ms)
✔ workspace_admin role template is classified as admin (0.144417ms)
✔ unsupported admin shorthand is not broader than WorkspaceService.isAdmin (0.146125ms)
✔ custom primary_surfaces and link/hidden access do not drive legacy shell or routes (0.243667ms)
✔ business compatibility aliases remain route-sensitive and canonical (0.222375ms)
✔ configured business defaults never retain query values in either projection (0.184958ms)
✔ system capture compares semantic query presence without retaining its value or System id (1.446875ms)
✔ observed system capture compares a decoded query to an encoded route segment (0.559041ms)
✔ workspace entrypoint comparison preserves tenant equality without retaining the target slug (0.673416ms)
✔ comparator consumes the decision actually observed from NavigationResolverService (0.553542ms)
✔ legacy Showcase portfolio projects standard chrome and all five cockpit verbs (1.165334ms)
✔ Sentinel API observation maps app label separately from assistant and ignores Systems ownership (0.957166ms)
✔ Octocity API observation is selected by settings, never by slug (0.196708ms)
✔ Octocity compatibility defaults are profile-driven after a workspace rename (0.141584ms)
✔ Mission Room compares the effective rendered brand label and style (0.29925ms)
✔ candidate and independent legacy oracle honor Mission Room label as assistant fallback (0.117541ms)
✔ immersive workspace app is scoped to final Mission Room route only (0.267083ms)
✔ overlap precedence composes profiles then workspace app then active business (0.164ms)
✔ malformed settings and unknown adapters are reported fail-closed without throwing (0.171959ms)
✔ comparator emits sorted canonical paths and explanations require exact triple (1.612292ms)
✔ explanations require complete non-empty governance and exactly one exact match (5.500083ms)
✔ fingerprint is canonical, exact, and changes with any compared value (0.099417ms)
✔ public diffs redact values while the exact raw mismatch still changes the fingerprint (0.16825ms)
✔ MissionNavigation observation detects exact item order but never resolves backend Systems (0.245708ms)
✔ MissionNavigation proof fails closed when items or required app fields are absent or malformed (1.032667ms)
✔ MissionNavigation observation preserves extra keys and duplicates so drift remains visible (0.435334ms)
✔ exported critical matrices are complete and produce parity (0.4445ms)
✔ rollout gate opens only with one current valid observed proof per critical scenario (0.51625ms)
✔ rollout gate blocks wrong versions, stale epoch, unknown adapter and missing MR observation (0.55275ms)
✔ rollout gate blocks an expired explanation and an unexplained divergence (1.865084ms)
✔ rollout gate rejects tampered comparison identities and internally inconsistent statuses (1.133666ms)
✔ scenario key drops query/fragment and canonicalizes dynamic workspace and System segments (0.142708ms)
✔ legacy projection is independent from the exported adapter registry (0.202125ms)
✔ legacy oracle has no structural dependency on candidate registry or policy functions (0.49675ms)
✔ legacy oracle is anchored directly to NavigationProfile, Shell, SideRail and Mission Room UI (0.118291ms)
✔ independent legacy parsing can expose candidate drift instead of producing a synthetic match (0.157958ms)
✔ candidate constant drift cannot move the independent legacy UI oracle (0.097541ms)
✔ the current workspace is captured before dispatch and pinned across a 401 retry (26.911042ms)
✔ an explicit X-Workspace-Slug header wins over requested and current workspaces (0.606625ms)
✔ a repeated 401 is returned after one retry and is never replayed again (0.573166ms)
✔ concurrent direct requests share one refresh exchange (0.697625ms)
✔ an abort during refresh prevents the retry dispatch (0.628333ms)
✔ evaluation context written in workspace A is never read or posted in B (1.184125ms)
✔ ambiguous legacy evaluation context is consumed without adoption (0.0925ms)
✔ a tagged legacy evaluation context migrates only to its origin workspace (0.082917ms)
✔ untagged Settings preferences may migrate for a sole known workspace (1.640334ms)
✔ untagged System drafts are not attributed to the last selected workspace (0.138ms)
✔ a workspace declares the language its pages open in (0.454375ms)
✔ a workspace that declares nothing gets no opinion (0.085917ms)
✔ a locale the product does not have is not a locale (0.072459ms)
✔ a presentation block that is not a block is ignored, not trusted (0.061792ms)
✔ workspace Chat is not reused when the deep-link slug changes (1.344333ms)
✔ workspace Chat remains reusable inside the same workspace (0.119167ms)
✔ workspace shell is recreated from workspace A settings to workspace B settings (0.073833ms)
✔ hierarchy detail components are recreated when their route-owned id changes (0.066708ms)
✔ Experience Studio editor is recreated when its application id changes (0.277833ms)
✔ unrelated parameterized routes keep Angular default reuse semantics (0.175917ms)
✔ a stale preset list rejects instead of triggering a B fallback for an A id (11.362666ms)
✔ a late maritime snapshot completes without reaching public subscribers (0.943542ms)
✔ HelpService pins A and completes a stale public load without replaying it in B (0.475583ms)
✔ RuntimeHealthService pins A and hides a late A response from signals and subscribers (1.382333ms)
✔ PermissionsService pins A and suppresses a late IAM matrix after A→B (0.500959ms)
✔ SystemsStore pins load/getById to A and exposes no late A system in B (1.553917ms)
✔ POST and Run SSE streams use the workspace captured at subscription time (32.773791ms)
✔ a workspace switch aborts an open POST stream without leaking an error frame (0.38025ms)
✔ a workspace switch aborts an open Run stream without a late event (0.249708ms)
✔ WorkspaceViewContext clears A synchronously and reloads only after B is published (1.979166ms)
✔ WorkspaceViewContext rejects a late route id and skips superseded reload epochs (0.340834ms)
✔ runtime entitlement catalog accepts a future key and keeps the four Andritz labels compatible (0.985458ms)
✔ toggling a known entitlement preserves valid active keys absent from the runtime catalog (0.13375ms)
✔ workspace switch clears registered context before publishing one new slug/epoch (3.717917ms)
✔ workspace app platform authority enables member entitlement administration without the legacy flag (0.279291ms)
✔ same-slug workspace recreation invalidates the old identity atomically (0.319292ms)
✔ a late workspace response cannot repopulate context after a switch (0.394458ms)
✔ workspace settings writes can pin an explicit workspace header (0.275375ms)
✔ member administration sends an explicit canonical app entitlement decision (0.235042ms)
✔ a storage write failure cannot split the workspace transaction (0.333083ms)
✔ effective feature revocation is synchronous, same-epoch and idempotent (0.33625ms)
✔ Run deep link resolves the real Capability → System → Run graph and keeps the lens (10.6355ms)
✔ SkillInvocation deep link resolves a runtime leaf without becoming a catalog Skill (4.816916ms)
✔ a catalog Skill is not attached to a Run that never invoked it (2.751458ms)
✔ a Skill configured on the System is still rejected when the selected Run never invoked it (3.271625ms)
✔ a scoped Skill list cannot forge a Skill edge under a Run that never invoked it (2.27275ms)
✔ scoped-list rail clicks are inert while canonical ancestry is still loading (1.057ms)
✔ global object jumps clear the previous ancestry and UrlTree parsing keeps query separators (4.148458ms)
✔ axes v4 sends Hypervisor to Portfolio while object lenses keep the selected System (3.354709ms)
✔ the selected System path rejects a Run query from another branch (2.230166ms)
✔ an unflagged workspace ignores routed axes and emits legacy object links (2.642125ms)
✔ nav v5 zone sommaire omits ?scope= (I5) (2.302958ms)
✔ Flow builder follows the proven System, else the scratchpad — never session memory (2.545125ms)
✔ parentUrl is the breadcrumb parent (D6) (2.083292ms)
✔ parentUrl of a non-hierarchy object is its catalog list (1.144167ms)
✔ workspace reset clears synchronously and ignores the late graph from the old epoch (3.215667ms)
✔ signin presentation is selected by the explicit experience contract (0.494125ms)
✔ legacy Sentinel workspace links keep the same presentation without component slug logic (0.132584ms)
✔ unknown profile fails closed to standard and cannot reactivate a legacy alias (0.073ms)
✔ historical demo-only link preserves its prefilled account (0.062458ms)
✔ Capabilities purges A, reloads B and follows focus across browser history (26.546042ms)
✔ Capability facets follow validated query state and tab changes merge the URL (10.800042ms)
✔ Capability facet routing leaves the historical gate-off behavior unchanged (0.979958ms)
✔ Capability falls back without an error panel when the server revokes its projection (0.94ms)
✔ Capability loads its projection when the effective gate activates in the same workspace epoch (0.42175ms)
✔ a coverage gap is applied as the tier decision it is, not as 36 toggles (4.245166ms)
✔ the unclaimed group is the only gap that enables skills one by one (0.428292ms)
✔ enabling a hidden capability also lifts the hide that outranks it (0.8285ms)
✔ an app-written override is attributed to its app and cannot be removed here (0.758833ms)
✔ hiding a visible skill and enabling a filtered one write opposite levers (4.269334ms)
✔ the escape-hatch list stays closed until searched (1.121333ms)
✔ a failed write leaves the displayed policy untouched and says so (0.894666ms)
✔ switching workspace purges the coverage and reloads for the new one (0.365417ms)
✔ a read-only member sees the report without write affordances (1.214375ms)
✔ workspace switch closes the drawer, revokes its blob and ignores later preview data (9.33ms)
✔ network recovery retains the exact idempotency request and session (12.197375ms)
✔ workspace changes discard late responses and scope changes do not share memory (0.6865ms)
✔ voice oracle timeline only uses registered Lucide icons (13.9375ms)
✔ a late session create from A cannot select, store or render the A session in B (3.884791ms)
✔ a late open-session response from A cannot restore its messages in B (2.803583ms)
✔ evaluation and Deep Search poll responses from A cannot mutate B (2.252208ms)
✔ HITL message polling is unique per session and Run, then refreshes the pending bubble (2.483083ms)
✔ a HITL poll from a conversation left behind cannot mutate the active conversation (0.775583ms)
✔ a late upload response from A cannot start an ephemeral context in B (36.815167ms)
✔ a late A context creation cannot attach its id or documents to B (62.85875ms)
✔ Client360 pins validateMapping -> reload/run to A and cancels the chain on A -> B (6.070167ms)
✔ Client360 pins and cancels every runEngine refresh read before it can mutate B (1.577833ms)
✔ Client360 annuaire selection pre-fills targeting and posts customer_keys on create (1.080458ms)
✔ Client360 surfaces dedup outcomes after campaign draft generation (0.946417ms)
✔ Client360 fiche next-due CTA targets the customer with a due window (0.648ms)
✔ Client360 fiche loads in two phases: payload without AI summary, then async summary merge (0.722333ms)
✔ Client360 pins fiche and summary to one workspace epoch and purges them on switch (0.299417ms)
✔ Client360 fiche pages long lists client-side with show-more increments (0.45475ms)
✔ Client360 landing page collapses alerts to a digest and pages the table (0.435666ms)
✔ Client360 business selections use named keyboard controls instead of clickable rows (11.70925ms)
✔ Client360 pins syncFromCollection to A and cancels refresh on A -> B (0.595709ms)
✔ every Client360 network call is pinned to a workspace epoch and scoped by header (1.305792ms)
✔ classifies live SAP names as read or write without inventing aliases (0.574583ms)
✔ humanizes OData and custom-field names for the catalog (0.650417ms)
✔ groups header and item tools on the same object (9.861625ms)
✔ hostname wins when a credential-file label would swap PR and PO (2.427042ms)
✔ falls back to the attached server id when the host is unknown (0.241166ms)
✔ readiness comes from live tool names, not invented PDF aliases (0.134959ms)
✔ orders the four Nawa servers as the PR to PO showcase (2.439791ms)
✔ only pending and ingesting keep a surface polling (1.192625ms)
✔ every dataset status is classified, so none can silently spin forever (0.4025ms)
✔ each origin gets its own icon so provenance reads without a legend (0.176791ms)
✔ the columns a model wrote are the ones it says it added (0.273666ms)
✔ a dataset nobody scored attributes nothing (0.157625ms)
✔ the credited model names its version, since promoting one changes answers (0.203625ms)
✔ a lineage block that names no model produces no half-written badge (0.126583ms)
✔ a dead link to a dataset says so, and offers the way back (4.641292ms)
✔ the detail page badges the scored columns and links back to the card (0.887791ms)
✔ a column header opens its own profile, and only when it has one (5.540916ms)
✔ the profile popover names every statistic it prints, in both languages (0.169083ms)
✔ the surfaces that show a preview tell the table how many rows there are (7.540208ms)
✔ the preview can be walked past the rows the ingest cached (1.697125ms)
✔ the ingest reads as a check-list, not as one line at a time (0.286584ms)
✔ a step from an older worker is refused rather than rendered raw (0.347166ms)
✔ every step has a sentence in both locales, counted and not (0.355542ms)
✔ a scored table reports its own steps, not the ingest’s (0.188959ms)
✔ a bar is a direction, not a rectangle (0.795292ms)
✔ the bars keep the two colours that mean something (0.172709ms)
✔ a bar arrives in rank order, on a delay the arithmetic decides (0.078667ms)
✔ a count and its share are typeset as two different things (0.159209ms)
✔ the matrix says the share its shading encodes (0.096208ms)
✔ the matrix uncovers itself across the diagonal (0.228084ms)
✔ a hovered cell is raised, never recoloured (0.218416ms)
✔ every entrance in the kit yields to a reader who asked for less motion (0.134333ms)
✔ a tooltip does not stand on the curve it is quoting (0.0895ms)
✔ a curve with nothing to draw yields nothing rather than a stray dot (1.127333ms)
✔ a regression fit is scaled to the target’s own units, not the unit square (0.144083ms)
✔ a degenerate domain is padded instead of dividing by zero (0.086708ms)
✔ a ROC’s reference is the diagonal of the box it is drawn in (0.118375ms)
✔ a prevalence level spans the plot, or is refused rather than clamped (0.085875ms)
✔ an identity reference is a series like any other, and is filtered like one (0.077542ms)
✔ a token becomes a colour a canvas can fill with (0.336958ms)
✔ a colour nothing can parse fills with nothing, not with everything (0.119708ms)
✔ the wash under a curve is spent against the line and none of it on the floor (0.254167ms)
✔ a wash nothing can parse is no wash, not an opaque one (0.206458ms)
✔ a reveal starts closed, ends open, and never reverses (0.114666ms)
✔ a reveal with no time to run is already over (0.056583ms)
✔ the confusion matrix is shaded per actual row, not per grand total (0.119ms)
✔ a malformed or absent matrix renders nothing at all (0.041208ms)
✔ an empty row divides by nothing and stays at zero (0.063584ms)
✔ a cell that holds anything is tinted, and the diagonal is the green one (1.146083ms)
✔ a stagger a reader can follow, on a set of any size (0.095333ms)
✔ a long list compresses its step instead of outstaying its welcome (0.086625ms)
✔ a stagger only ever runs forwards (0.354334ms)
✔ an index past the end of its set waits no longer than the end does (0.066125ms)
✔ viewer stays in Work while reviewer can inspect the Studio inventory (0.439667ms)
✔ contributors and workspace administrators can edit Studio experiences (0.076667ms)
✔ result inspection follows its producing component and respects business navigation (2.593083ms)
✔ a chart with no binding draws the series the document shipped with (33.348917ms)
✔ a run-output binding replaces the series the document shipped with (0.329667ms)
✔ a bound chart follows the run it waits on, not the series it was authored with (0.289541ms)
✔ a binding that resolved to something undrawable shows the empty state (0.44525ms)
✔ a chart reads the fields it was told to read, and label/value when it was told nothing (0.668542ms)
✔ an unrecognised kind draws bars rather than refusing the document (0.43025ms)
✔ a bar carries its share of the base, and only when there is a base (5.376292ms)
✔ a ramp is drawn only when the author said the bands are ordered (1.7795ms)
✔ a donut says what the ring adds up to (5.004459ms)
✔ a donut announces the numbers its canvas hides (0.2195ms)
✔ immutable renderer pins route to distinct catalogs and unknown pins fail closed (0.850084ms)
✔ versioned components keep distinct Angular style scopes (283.198125ms)
✔ a type the current catalog gained degrades on the renderer a release is pinned to (1.339125ms)
✔ fieldsFromSchema maps string/number/enum/date/boolean/file (2.05325ms)
✔ form presentation localizes copy without changing schema values (0.871542ms)
✔ certified no-code forms reject schema shapes the renderer cannot enforce (1.098958ms)
✔ schema identifiers keep payload keys but expose deterministic business labels (0.452792ms)
✔ selector-free template bindings project common output shapes (0.372541ms)
✔ a chart series scales its bars against the largest value it plots (1.04175ms)
✔ a share is only offered for a series that is a whole to take a share of (1.1225ms)
✔ a ramp spans its anchors however many bars the run came back with (4.45575ms)
✔ a ramp between two hues stays a colour instead of passing through grey (0.376833ms)
✔ a palette is opt-in, because a ramp claims an order the data may not have (0.312166ms)
✔ a chart drops rows no bar can honestly stand for (0.357959ms)
✔ over the cap a chart keeps the largest values in the order they arrived (0.415084ms)
✔ an unrecognised chart kind draws bars rather than nothing (0.18225ms)
✔ business results are bounded, nested and humanised without JSON fallback (0.61225ms)
✔ validateValues flags required and invalid numbers, accepts a filled form (0.5755ms)
✔ the authoring catalog creates releases against renderer 0.2 (0.117ms)
✔ document copy resolves explicit i18n refs with a controlled fallback (0.42025ms)
✔ data/query bindings are closed and selectors cannot traverse prototypes (0.434667ms)
✔ only an uploaded document id is a ready file reference (0.155ms)
✔ after-success behavior is a closed catalog with safe page ids (0.250166ms)
✔ unknown types fall back; nested page is ignored (0.148041ms)
✔ renderableComponents drops an action_button that duplicates the form submit (0.113833ms)
✔ appearance props persist on a page and a node (0.108792ms)
✔ a width nobody wrote, or wrote wrong, is the whole row (0.048542ms)
✔ each width divides a page row with nothing left over (0.045834ms)
✔ a header keeps its row while the panels of a board may share one (0.037875ms)
✔ the page grid is cut into the tracks the width projection counts (0.361834ms)
✔ the renderer a pinned release draws through never learned about columns (0.153958ms)
✔ custom accents always choose the higher-contrast text colour (0.145333ms)
✔ a11y aria on a button and a form (0.121291ms)
✔ a block that draws nothing on a bad morning is offered the words to say so (0.036833ms)
✔ mapRunStatus uses business vocabulary; citations read output_ref (0.087875ms)
✔ firstManualIngress skips non-manual entries (2.324791ms)
✔ systemHomeBlocker rejects non-actionable one-click homes (0.773167ms)
✔ hasHitlHint reads graph kinds and ingress ids (0.291042ms)
✔ compileSystemHome builds form_result from the manual contract (3.068958ms)
✔ compileSystemHome adds approval_card when a hitl hint is present (0.403166ms)
✔ remapSystemHomeBinding keeps the generated source on the replacement key (0.261417ms)
✔ unique identifiers stay within the backend regexes (0.609083ms)
✔ slugify strips accents and punctuation into a url token (7.242666ms)
✔ experienceSlug is a valid API slug and stays unique against taken values (0.252375ms)
✔ a binding key names its System entry point and never collides (0.131875ms)
✔ schema selector options keep no-code authors on compatible output paths (0.873792ms)
✔ wizard bindings hydrate the generated form and add usable extra actions (1.267125ms)
✔ a generated System Home keeps one source action and binds extra actions (0.540292ms)
✔ data-led templates wire their widgets to the linked action output (0.567167ms)
✔ data-led templates accept only outputs their generated widgets can render (0.303667ms)
✔ draft payload keeps localized copy dictionaries and references intact (0.764334ms)
✔ bindingSharedWith names the other applications a binding serves (0.15325ms)
✔ release review preserves a groups-only access policy (0.249292ms)
✔ deploying an existing release reviews its immutable snapshot (0.26125ms)
✔ release and rollback requests carry the state reviewed by the author (3.047959ms)
✔ deployment compares the channel head captured when review opens (0.477375ms)
✔ deployment conflicts refresh the CAS heads used by retry (0.162292ms)
✔ wizard metadata updates compare the row version last loaded by the author (0.08325ms)
✔ metadata responses cannot roll the local draft revision backwards (0.0605ms)
✔ draft history restore is append-only, confirmed and revision-safe (0.501084ms)
✔ applyPatch add/remove/rename and undo/redo on the revision stack (0.314375ms)
✔ pages can be added and removed, never below the last one (0.165958ms)
✔ move_component reorders inside a page and stops at the edges (0.209667ms)
✔ ready-check dialog cannot release with blockers or empty notes (0.111583ms)
✔ release review classifies semantic changes and marks user-impacting removals as breaking (0.773458ms)
✔ additive release changes do not require a breaking-change acknowledgement (0.073459ms)
✔ publication review compares the exact saved snapshot before enabling release (0.078208ms)
✔ wizard makes creation and workspace-level binding effects explicit (0.132375ms)
✔ wizard refreshes stale System versions without retargeting shared bindings (0.108916ms)
✔ editor invalidates readiness while dirty and fails closed on shared binding catalog errors (0.102709ms)
✔ editor authors localized form copy without rewriting the executable schema (0.134ms)
✔ editor route work is cancelled and readiness waits for the final queued save (5.370209ms)
✔ editor preserves the Work page context in both directions (0.1805ms)
✔ Work and Studio can roll out independently without breaking legacy workspaces (0.047333ms)
✔ data inspector keeps schema fields and result paths no-code while raw JSON stays advanced (0.099459ms)
✔ dirty or saving editor state blocks route and browser navigation until confirmed (0.08125ms)
✔ editor keyboard history maps Cmd or Ctrl+Z once and leaves form controls alone (0.537625ms)
✔ form binding changes wait for the latest ingress schema and fail closed (1.013708ms)
✔ wizard requires an explicit audience and exposes step semantics (0.208291ms)
✔ catalog failures propagate to distinct retryable states (0.148166ms)
✔ wizard stores published outputs and blocks data-led templates without a compatible source (0.267541ms)
✔ release and deployment remain two explicit actions (0.297041ms)
✔ inventory filters follow live > pilot > draft (0.196ms)
✔ inventory audience distinguishes groups, open access, and absent draft policy (0.407208ms)
✔ Preview as evaluates access locally without impersonating or loading data (0.346709ms)
✔ reviewers receive a read-only review link for every inventory row (0.117667ms)
✔ viewHref resolves the immutable Work release before a dual-run redirect (0.331333ms)
✔ applying appearance props updates node and page (0.210542ms)
✔ Appearance owns only visual properties while localised copy stays in Content (0.2665ms)
✔ Appearance offers a width to the blocks that may share a row (0.149667ms)
✔ the palette is offered on charts, with the warning that earns the ramp (0.65575ms)
✔ application identity flows through create, metadata edit, and localised a11y authoring (0.128167ms)
✔ assistant patch reject unknown type (0.428792ms)
✔ assistant proposes local patches for empty-state, rename, approval_card (0.455083ms)
✔ the factory cycle is the live Experience binding, not a System API shortcut (0.93875ms)
✔ a cycle may start only when the work binding resolve is ok (0.24325ms)
✔ lineage hrefs stay on the System and the Run (0.256208ms)
✔ the factory portal bridge opens workspace chat on the System (0.41675ms)
✔ factory provenance is the Experience origin on the Run ingress (0.200791ms)
✔ security invariant: the browser has no SAP path — no MCP call, no BAPI body (27.806875ms)
✔ the studio node list mirrors the published DAG, one entry per node (1.155125ms)
✔ the launch payload carries only known guardrails and an optional pin (0.578709ms)
✔ a paused run projects to running-until-the-gate with the server calls verbatim (0.949583ms)
✔ a failed node reads as error with the walker message, not a silent skip (0.469875ms)
✔ the gate package comes from hitl.upstream and names every source (146.205667ms)
✔ a zero-price package is flagged the way SAP will refuse it (06/215) (0.244083ms)
✔ settled, busy and decided follow the HITL decision, not only the run status (0.316375ms)
✔ an approved run shows the create + commit pair and the PO number from the gate envelope (0.652458ms)
✔ sealed, blocked and refused writes keep their own verdicts (0.914917ms)
✔ the chat fact sheet is the run: open rows, majority terms, budget, proposal state (0.775417ms)
✔ the chat write dialogue follows the run: preparing → proposing → posting → posted (0.942292ms)
✔ invocation lookup takes the latest row for a node and calls are verbatim JSON (0.428958ms)
✔ launcher redirects when exactly one app is openable (2.97125ms)
✔ live_href on theme is the launch target for dual-run apps (0.326834ms)
✔ validations surface from pattern or certified nodes (0.260916ms)
✔ release theme and page links are safe, stable projections (1.143209ms)
✔ studioHref opens the editor and carries safe Work context (0.286916ms)
✔ author roles can edit; locale list keeps fr/en only (0.298ms)
✔ Work renders the immutable release identity with a legacy fallback (0.661ms)
✔ all Work chrome stays in business language in both locales (8.894084ms)
✔ runtime copy rendered inside Work stays in business language (5.273584ms)
✔ runtime failures never render raw backend detail to viewers (0.294625ms)
✔ validation loading failures stay distinct from an empty queue and can be retried (0.251792ms)
✔ Work hides Studio actions when authoring is disabled for the workspace (0.225791ms)
✔ Experience governance is reviewer-plus and never broadens contributor access (1.021916ms)
✔ inventory reflects the effective channel and filters business names (1.740791ms)
✔ audit filtering relates lifecycle and binding events to the selected application (0.4065ms)
✔ audiences and drift stay compact governance projections (0.27ms)
✔ unavailable drift data never renders a healthy zero or green state (3.411416ms)
✔ Govern navigation remains contained and keyboard-reachable on narrow viewports (2.277834ms)
✔ workspace app repair remains directly available to workspace admins (7.11975ms)
✔ invalid runtime sends non-admins to the isolated unavailable page (0.579584ms)
✔ legacy non-admin lifecycle access keeps its governance fallback (0.441666ms)
✔ admin UI performs exact plan/apply and reuses its Idempotency-Key after a failed retry (30.504833ms)
✔ workspace epoch reset atomically clears catalog, pending plan, receipt and retry state (1.817375ms)
✔ a delayed registry response from workspace A cannot replace the loaded workspace B catalog (2.612041ms)
✔ non-admin UI does not call the governance API even when reached directly (0.437ms)
✔ catalog sorts strict semver and derives only valid authoritative transitions (2.286125ms)
✔ an absent app installs only the latest exact digest and never carries settings or entitlements (1.428083ms)
✔ an installed row whose digest is absent from the registry cannot be uninstalled from the UI (0.524917ms)
✔ response identity rejects an old workspace epoch even when a slug is reused (0.118375ms)
✔ apply retries reuse one key; success and workspace reset retire it (0.208542ms)
✔ a blueprint dry-run remains applicable only for its exact target and choices (0.405875ms)
✔ JSON edits and policy changes invalidate a blueprint plan (0.079875ms)
✔ computes a delta only when both measurements are present (0.498375ms)
✔ counts capabilities independently from any Run aggregate (0.079291ms)
✔ formats numeric impact values without changing the historical display (0.148583ms)
✔ renders descriptive impact values and rejects values that cannot be displayed (0.129459ms)
✔ portfolio value-loop summary preserves real zero risk and measured outcome (0.948833ms)
✔ portfolio value-loop summary never turns missing or unconfigured evidence into zero (0.431042ms)
✔ builds a UTC calendar from naive from/to and does not pad missing days (1.955459ms)
✔ joins sparse buckets by date and never treats absence as not_configured zero (10.947542ms)
✔ partitions hors-denominateur on hours and keeps native units in-denominator (1.208167ms)
✔ runs projection is ink-only, never sums native units, and shares a dot step (0.96875ms)
✔ picks the peak day from measured+declared and marks stale systems (0.204292ms)
✔ sankey widths are run counts and outside systems keep their native outcome (0.164083ms)
✔ rivers stack measured first, then declared by weight with alternating teal tones (0.179292ms)
✔ calendar ticks carry range bounds and ISO weeks without crowding the end (0.12525ms)
✔ week spark collapses the calendar from the end without fabricating cost (0.164833ms)
✔ foldFacts never returns a fabricated zero for a non-available fact (0.305208ms)
✔ sorts register rows with null facts last (0.450917ms)
✔ basis helpers treat status none as unusable (0.15225ms)
✔ ratio stays unset when cost is not measured (0.329125ms)
✔ parseViewsPayload falls back to Direction / Operations / Conformite defaults (0.797541ms)
✔ legacy units denominator is an alias of runs (0.0885ms)
✔ toggle and move keep the rest of the view intact (0.107542ms)
✔ replaceView is a full-list replace of one id (0.086333ms)
✔ workspace reset synchronously purges Capture tenant signals before B is published (8.04125ms)
✔ workspace reset during feed hydration neither mutates B nor opens session A transport (1.923ms)
✔ a LiveKit connection created after A→B is immediately closed and never falls back (1.992083ms)
✔ a rejected LiveKit open after A→B cannot enter the backend fallback (0.710917ms)
✔ workspace reset invalidates an in-flight finalize recovery before its HTTP POST fallback (2.730167ms)
✔ FSE template plan remains blocked until its System is resolved (0.994709ms)
✔ FSE template exposes three EX70 intervention types with plan seeds (0.531875ms)
✔ equipment_progress applies only to weekly_site and process (0.10575ms)
✔ seed defaults prefill HSE, distribution and site_modifications (0.335625ms)
✔ checkbox_group and equipment_progress fill rules (0.163417ms)
✔ weekLabelFromIsoDate returns ISO week (0.122167ms)
✔ FSE cartouche exposes week and issued_by (0.061542ms)
✔ coerceCaptureTemplate merges intervention_types and field options (0.2965ms)
✔ composePublicationName follows PROJECT-Supervisor-Week (0.278541ms)
✔ pickFseSystem uses template_id then name when no binding (1.369084ms)
✔ pickFseSystem prefers a bound id that is still in the list (0.10875ms)
✔ systemIdFromBindingResolve only accepts an ok binding (0.080792ms)
✔ a resolved LiveKit A connection is closed before the consumer can fallback under B (0.9505ms)
✔ workspace reset during microphone enable cannot rearm capture in B (0.233459ms)
✔ command palette drops A index and rejects an old dynamic command after A→B (12.554083ms)
✔ Capability scope hides its own level and routes Systems inside the same ancestry (3.877583ms)
✔ clicking the active mini-rail scope is a strict no-op (1.295375ms)
✔ an unflagged workspace keeps the historical Operate section set (1.238541ms)
✔ the Flow entry reads Scratchpad only while it opens the scratchpad (1.643125ms)
✔ sections other than Flow are named from the catalog whatever the URL (0.303333ms)
✔ axes v4 exposes no object index under the Portfolio-only Hypervisor destination (0.207667ms)
✔ experience studio prepends Business application to the Create catalogues (0.18675ms)
✔ nav v5 Operate sommaire has no object ladder and exposes a System facet branch (I1) (0.724375ms)
✔ breadcrumb renders only graph-proven nodes with their canonical labels and hrefs (3.917ms)
✔ side rail delegates every lens route to the route-owned navigation projection (2.830333ms)
✔ demo rail uses Mission Room home only when the extension is enabled (0.509958ms)
✔ axes v4 makes Hypervisor the Portfolio home even in a demo workspace (0.543917ms)
✔ experience_v1 Build verb opens the Create hub (0.519083ms)
✔ TitleBar drops A telemetry atomically and reloads only B after a workspace switch (5.246459ms)
✔ TitleBar commits B only after the guarded exit from A succeeds (0.563666ms)
✔ a tenant without a light variant shows the same emblem in both themes (0.450333ms)
✔ a declared light variant is swapped in on the light theme, live (0.23175ms)
✔ a workspace with no brand at all keeps the Agentium mark (0.175083ms)
✔ generic provider renders only neutral copy and calls the exact core contracts (5.825625ms)
✔ generic provider purges atomically and rejects every late previous-workspace payload (0.478542ms)
✔ generic provider direct switch delegates only after its old epoch is purged (0.249667ms)
✔ unknown and specialized views never issue provider requests (0.204916ms)
✔ MissionRoom presentation uses runtime authority over crossed legacy settings (33.742041ms)
✔ MissionRoom direct construction stays neutral when enabled runtime authority is invalid (2.118375ms)
✔ MissionRoom observes the authoritative navigation payload only after installing it unchanged (4.253167ms)
✔ MissionRoom neither installs nor observes a navigation response invalidated by A -> B (2.177583ms)
✔ MissionRoom direct rail switch purges tenant state before publishing the next epoch (2.927667ms)
✔ MissionRoom continues the legacy payload flow when shadow observation throws (1.318708ms)
✔ MissionRoom cancels the scoped createAction refresh before late A reads can mutate B (2.483333ms)
✔ MissionRoom cancels action and pending-agenda continuations on A -> B (2.235ms)
✔ MissionRoom startMeeting stays pinned to A and cannot navigate after A -> B (7.857458ms)
✔ MissionRoom cancels visual capture and image hydration before Sentinel can leak into Octocity (1.104542ms)
✔ MissionRoom cancels every agenda write continuation before Sentinel -> Octocity publication (2.821959ms)
✔ MissionRoom ignores a delayed search response across sentinel-ci -> octocity-mission-room (1.14225ms)
✔ MissionRoom ignores a delayed search response across octocity-mission-room -> sentinel-ci (1.06775ms)
✔ generic Agentium branding is not classified as the Octocity presentation (0.3705ms)
✔ Mission Room extension keeps the existing route and API contract (6.851375ms)
✔ Sentinel resolves its own brand, assistant and action packs (0.372958ms)
✔ Octocity resolves its own brand, assistant and action packs without Sentinel terms (0.427917ms)
✔ immersive shell is restricted to an enabled demo extension route (0.4905ms)
✔ legacy Sentinel demo profile resolves to the canonical extension profile (0.110792ms)
✔ authoritative Sentinel runtime ignores every tampered Octocity legacy field (0.671417ms)
✔ authoritative Octocity runtime ignores every tampered Sentinel legacy field (0.612375ms)
✔ enabled Workspace App platform never falls back to legacy Mission Room settings (0.829125ms)
✔ generic 1.0 and 1.1 installs stay fail closed without a provider contract (0.25625ms)
✔ generic 1.2 runtime is enabled only by the exact provider contract (0.297291ms)
✔ Octocity last-mile presentation removes every Sentinel vocabulary family (0.610541ms)
✔ presentation is profile-scoped and bounded around the CI token (0.139791ms)
✔ Mission Room extension preserves its exact public route table (0.743834ms)
✔ macro strip renders nothing tenant-branded before its aggregate answers (53.9185ms)
✔ macro strip stays tenant-neutral when the aggregate fails (2.062416ms)
✔ macro strip renders the workspace payload it is actually served (22.866ms)
✔ every key the serving surfaces name has FR and EN copy (1.105042ms)
✔ the card mounts the Playground on the read it already made (0.14525ms)
✔ the request the Playground sends is MLflow serving shape (0.072084ms)
✔ a card off the serving alias predicts from itself, form and snippet alike (0.181ms)
✔ an answer shows itself to whoever pressed the button (0.357ms)
✔ the route and the header are the server’s facts, never retyped in the UI (0.108125ms)
✔ the key panel shows a prefix, and the secret only from the mint response (0.091125ms)
✔ a revoked key stays visible, because a demo has to show it stop answering (0.084625ms)
✔ the gauge animates, because the jump is the argument (0.175667ms)
✔ the dial is an instrument: a ramp, a glow, and a point to read it off (0.227792ms)
✔ one property carries the dial’s verdict to everything drawn from it (0.375666ms)
✔ each dial owns the gradient it paints itself with (0.313166ms)
✔ the explanation is asked for explicitly, and only for the one row on screen (0.160875ms)
✔ publishing links into the catalog and carries the model’s provenance (0.476333ms)
✔ the catalog card says which model a published skill answers from (1.201333ms)
✔ the monitoring tab reads the journal and closes the feedback loop (0.150875ms)
✔ the score tiles carry a delta and the comparison tab is mounted (0.109625ms)
✔ the card names the challenger, and takes that fact from the server (0.166791ms)
✔ promotion hands back both halves of the lineage (0.053ms)
✔ the card says which version it is without opening a tab (0.034083ms)
✔ the hero says what kind of model this is, not only how it was fitted (0.079ms)
✔ a dead link to a model says so, and offers the way back (0.112875ms)
✔ the card banner is the pipeline, not the version chain (0.056292ms)
✔ the lineage reads forwards, and marks the current and the serving one apart (0.105916ms)
✔ the model card draws its charts from the shared viz kit (0.089125ms)
✔ the curves are chart.js, and they are hoverable, because the elbow is the argument (0.238584ms)
✔ the comparison tab weighs a pair, and never one version against itself (0.085ms)
✔ a fit reads as a check-list wherever it is watched, and says when it lands (0.147875ms)
✔ only a queued or running fit keeps a surface polling (1.280125ms)
✔ every model status is classified, so none can silently spin forever (0.75025ms)
✔ each algorithm family gets its own icon so the picker reads at a glance (0.262417ms)
✔ a metric is rendered in its own units, never as a bare ratio (23.257041ms)
✔ a missing score reads as absent rather than as a zero (0.298167ms)
✔ a verdict is only given where the metric scale is absolute (0.115166ms)
✔ higher-is-better is stated per metric, not assumed (0.09225ms)
✔ the row score prefers the list payload but falls back to the detail block (0.315583ms)
✔ the best score never ranks one metric against another (0.360291ms)
✔ the best score minimises a metric where lower is better (0.859042ms)
✔ an unfinished or unscored run cannot become the best score (0.190208ms)
✔ importances are normalized against the strongest column of the run (0.318417ms)
✔ a column that hurt the score is flagged, and still sized by magnitude (0.097459ms)
✔ importances are capped so a wide table cannot become the whole card (0.109209ms)
✔ class balance carries the share, which is what makes accuracy readable (0.107416ms)
✔ a knob is clamped the way the backend will clamp it (0.068791ms)
✔ a knob at its auto point reads as “let the estimator decide” (0.0435ms)
✔ knob defaults come from the descriptor, so the form opens where the server would (0.070375ms)
✔ the target picker offers only what can actually be predicted (0.053917ms)
✔ a numeric column stays offered however many values it holds (0.034041ms)
✔ plan columns project into the shared table without losing the profile (0.083375ms)
✔ features default to every column but the target, as the backend does (0.053834ms)
✔ every refusal the backend can raise has a sentence and a field (0.051875ms)
✔ a refusal renders next to the choice that caused it (0.042208ms)
✔ the identifier warning is named, so a leaky column is called out by name (0.0455ms)
✔ a worker error splits into the code the UI can name and the line it cannot (0.128125ms)
✔ a multi-line harness error keeps its tail, which is where the cause is (0.030875ms)
✔ every terminal failure the worker writes has a sentence of its own (0.051708ms)
✔ the form opens on the example the fit carried, not on the contract default (0.059834ms)
✔ with no example the form still opens filled, from the typical row (0.030583ms)
✔ a field with neither example nor default opens empty rather than as "undefined" (0.032209ms)
✔ a numeric box is sent as a number and a cleared box as a hole (0.27875ms)
✔ a numeric field holding text is sent as it was typed, so the refusal names it (0.119625ms)
✔ the gauge is about the positive class, named, not a bare number (2.102208ms)
✔ the dial is measured against the circle a browser actually draws (0.075875ms)
✔ the handle rides the tip of the stroke it terminates (0.237958ms)
✔ a full dial parks its handle a dot short of the pattern, not off the end (0.067458ms)
✔ landing outside the positive class reads as a probability of it, not of the answer (0.241584ms)
✔ with no positive class the gauge falls back to how sure the model is (1.189834ms)
✔ a row with nothing to show on the dial draws no dial at all (0.072334ms)
✔ contributions are normalized against the strongest effect on this row (0.158125ms)
✔ the snippet is the request that was just made, key masked to its prefix (0.148ms)
✔ a card that is not the one serving names its own version, so its form is judged against its own signature (0.395292ms)
✔ the snippet carries the same pin the button used, so a copy reproduces the answer (1.492792ms)
✔ the one response that carried a secret puts it in the snippet verbatim (0.177834ms)
✔ with no key at all the snippet says where one goes rather than looking done (0.121583ms)
✔ a provenance line names the serving version and quotes its score (0.450334ms)
✔ a provenance with no readable score still says which version answers (0.124917ms)
✔ the pipeline banner walks dataset, transform, this version and scored tables (0.35425ms)
✔ a card with only this version is not a pipeline (0.113875ms)
✔ a skill that answers from no model claims no provenance (0.092708ms)
✔ drift bars rank PSI the same way importances rank a feature (0.229833ms)
✔ the AUC trace is two points so the curve kit can draw the drop (0.096417ms)
✔ every coded serving refusal has a sentence of its own (0.063209ms)
✔ a delta is judged by the metric, so a smaller error is an improvement (0.13575ms)
✔ a move too small to mean anything is rendered flat, not as a win (0.034584ms)
✔ with nothing to compare against there is no delta rather than a fake zero (0.030708ms)
✔ a delta is measured against the newest trained version below this one (0.0905ms)
✔ a lineage of one has nothing to measure against (0.031833ms)
✔ a failed retrain never becomes the version a delta is read against (0.038542ms)
✔ the version that serves compares against its contender, not against nothing (0.074958ms)
✔ a version with one below it still compares backwards (0.039917ms)
✔ a lineage of one, and a failed sibling, have nothing worth a table (0.03475ms)
✔ comparison aligns two versions and marks the side each metric favours (0.223042ms)
✔ a metric only one side produced is left out rather than shown as a drop to zero (0.033542ms)
✔ every key the model plane assembles at runtime has FR and EN copy (0.1315ms)
✔ every metric the card can score has a label and a hint in both locales (0.073583ms)
✔ a step brings the count that says how much of the wait is left (0.133709ms)
✔ the check-list follows the step the row claims, and invents none (0.161375ms)
✔ a line that will never tick is not drawn (0.086417ms)
✔ the fold counter is live while the folds run, and never after (0.10725ms)
✔ the row count belongs to the fit, and to no other line (1.861791ms)
✔ every sentence the check-list can render exists in both languages (0.272875ms)
✔ a failed turn leaves the conversation open, and the next one is answered (12.244583ms)
✔ a synthesis failure keeps the room; the answer is already on screen (0.850542ms)
✔ an unreadable frame is survived without a word about it (0.867125ms)
✔ a lost room is given up, so the button means what it says (1.729875ms)
✔ a closed room is given up whatever it said on the way out (0.692375ms)
✔ a request for the live service is offered and nothing is started (2.255542ms)
✔ the identity reply fills the offer instead of reaching the engine (1.824667ms)
✔ the press takes the audited path, and forgets the code (1.867666ms)
✔ a spoken identity fills the same offer, so the press is the same (0.769334ms)
✔ nothing is offered where the workspace has no System to reach (6.981041ms)
✔ pressing again after a failed turn does not open a second room (2.341292ms)
✔ the NAWA transcript announces appended turns and its pending state (1.002208ms)
✔ the retrieval prefix is stripped, the section heading is kept (0.810666ms)
✔ a citation quotes the policy, not the document masthead (0.133833ms)
✔ front matter is never dropped to nothing (0.065625ms)
✔ a long passage is cut at a word and marked as cut (0.248042ms)
✔ the excerpt shows the sentence the answer rests on, not the chunk opening (0.206292ms)
✔ an excerpt whose opening does support the answer keeps its opening (0.102292ms)
✔ a passage that echoes nothing in the answer falls back to its beginning (0.10025ms)
✔ the excerpt obeys the same length budget as the prefix it replaces (0.141958ms)
✔ the excerpt comes from the published policy, verbatim (1.926208ms)
✔ the excerpt never quotes the document control block or a heading (1.842291ms)
✔ a policy that says nothing the answer echoes yields no excerpt (1.148459ms)
✔ file names are read as document titles (0.997541ms)
✔ elapsed time reads as a duration, never as a raw float (0.097ms)
✔ every suggested question is a question a desk receives (0.811917ms)
✔ a staffing tally is the label plus a count and nothing else (0.618875ms)
✔ the two readings partition the field, so nothing is lost by the toggle (0.495208ms)
✔ the card summary is the first prose line, never a headcount (0.248167ms)
✔ an entry the workbook left blank says nothing rather than something invented (0.079458ms)
✔ search reads the name and both process fields (0.090541ms)
✔ business totals count what is listed, missing figures included as zero (0.121666ms)
✔ the speed-up refuses to speak when the two columns do not support a claim (0.146583ms)
✔ every assistant line quotes a value the run produced (2.38875ms)
✔ the requester is quoted from the settings, never paraphrased (0.243375ms)
✔ the drafted message reaches the requester verbatim, exactly once (0.121875ms)
✔ a lane with no drafted message closes on the flow’s own outcome wording (0.116458ms)
✔ the classification is read out as the identifier the model returned (0.142125ms)
✔ no technical diagnostic reaches the conversation (0.414084ms)
✔ no bench vocabulary reaches the conversation (0.216417ms)
✔ no privileged action is narrated on a lane that performed none (0.103541ms)
✔ a paused run claims nothing while it waits (1.09125ms)
✔ an answered gate shows the decision that was recorded (0.12475ms)
✔ a queue selection with no run yet shows the request alone (0.321417ms)
✔ a System installed before the presets still renders the assistant side (0.214792ms)
✔ timestamps are clock readings, or absent (0.521834ms)
✔ 1 · the reset is recognised, offered, and not started (14.842334ms)
✔ 2 · the press composes the audited case, and never carries the code (2.414333ms)
✔ 2 · the run is read back off the run, line by line (1.702541ms)
✔ 3 · a policy question is answered from the library, with its passage (1.432667ms)
✔ 4 · a planned service plays the customer’s own procedure (2.014125ms)
✔ 4 · approving resumes the walk and closes it; declining changes nothing (1.498333ms)
✔ the turns are one conversation, and the engine names it (0.669458ms)
✔ a new conversation drops the thread and sends none (1.377209ms)
✔ the same demonstration spoken renders the same turns (2.811167ms)
✔ what is spoken aloud is not what is on screen (2.626375ms)
✔ nothing in the demonstration names a provider or a model (2.798208ms)
✔ no turn of the demonstration claims an action it did not take (1.345875ms)
✔ a citation shows the passage the retrieval returned (7.97ms)
✔ the response numbering wins, and the tool result supplies the text (6.353708ms)
✔ a citation with no chunk id is joined on its file and page (0.609833ms)
✔ a citation nothing can be quoted for is not offered (2.164875ms)
✔ the retrieval window is cut around the sentence the answer used (1.394291ms)
✔ the published policy is preferred over the retrieval window (0.431708ms)
✔ the elapsed time on screen is the wall clock the surface measured (6.87725ms)
✔ the documents a turn needs are named by bare file name (0.198167ms)
✔ the library is called unsupported only once it has been searched (0.140792ms)
✔ an engine that could not be reached says so, and claims nothing (0.962792ms)
✔ a previewed service is played from the catalogue entry the tool returned (3.248375ms)
✔ the family count comes from the catalogue the surface still holds (1.337375ms)
✔ a run the engine started is handed to the screen to follow (0.162083ms)
✔ a turn that started a run does not also play a preview of it (0.072875ms)
✔ the service that runs here is offered, not previewed (0.555584ms)
✔ the offer follows the hint when no tool named the service (0.6165ms)
✔ a service the rollout has not reached is played, never offered (1.409958ms)
✔ a question about the rules never sprouts a button (0.185416ms)
✔ the only service offered is the one this surface can actually launch (0.423167ms)
✔ a listed shortlist is shown as names (0.272875ms)
✔ a tool that refused is quoted refusing, in the engine’s own words (0.146083ms)
✔ nothing rendered names the model or the provider (0.202916ms)
✔ a spoken turn and a typed turn render identically (0.107583ms)
✔ the gateway event is read as a turn, and nothing else is (0.066209ms)
✔ a payload with missing collections still renders (0.051833ms)
✔ the transcript events feed the composer while someone speaks (0.058333ms)
✔ the session id the engine returned is the one the next turn sends (0.05825ms)
✔ the header says which conversation is being remembered (0.069208ms)
✔ the catalogue is projected onto the four columns the tools read (0.087541ms)
✔ the catalogue is capped where the engine caps it (0.14575ms)
✔ an entry the engine could not project round-trips through a preview (0.208541ms)
✔ the hint and the catalogue travel together (0.2125ms)
✔ the room is opened in assistant mode, not merely on the assistant surface (0.039708ms)
✔ the gateway’s echo is what says which loop was started (0.048042ms)
✔ a failed turn is not a lost room (0.210667ms)
✔ a lost room is really lost, and unknown failures are treated as one (0.400375ms)
✔ nothing else is read as a failure of the session (0.09875ms)
✔ what the room says about a failure never reaches the screen (0.187375ms)
✔ the context reaches the room in frames that reassemble into itself (2.34875ms)
✔ a frame stays under the transport’s packet ceiling, accents included (0.471167ms)
✔ a context that fits is still framed, so there is one shape and one path (0.083ms)
✔ the catalogue the room receives is capped where the engine caps it (1.528666ms)
✔ a frame never splits a surrogate pair (0.1295ms)
✔ the chunk size is the transport’s, not a number the caller invents (0.116041ms)
✔ the remediation entry is not a waiting request (0.817333ms)
✔ dropping that row does not drop the remediation itself (2.529084ms)
✔ no catalogue vocabulary reaches a row (0.156333ms)
✔ an unauthored field is rendered as nothing, never as a stand-in (0.220917ms)
✔ a subject falls back to the request itself, truncated (0.105708ms)
✔ channels read as a service desk writes them (0.093792ms)
✔ arrival times survive both spellings the settings can carry (0.055416ms)
✔ a settings entry that is not an object is treated as absent (0.062084ms)
✔ the catalogue the harness reads is the shipped one (1.14ms)
✔ the catalogue travels on every turn, hint or no hint (5.411208ms)
✔ a router with no opinion sends no hint at all (1.547375ms)
✔ a hint names a service and says whether it executes here (0.466333ms)
✔ the hint never names a tool (0.26625ms)
✔ requests point at the service they belong to (2.185417ms)
✔ what a microphone actually returns still points at the right service (1.223791ms)
✔ the phrasings the tables above did not think of also point somewhere (5.129209ms)
✔ questions about the rules carry no service hint (0.678916ms)
✔ every suggested request carries a hint (1.318208ms)
✔ nothing is hinted when the utterance states no need (0.599083ms)
✔ the live service is the one that runs here (0.487375ms)
✔ a planned service carries their procedure, verbatim (0.836833ms)
✔ a service of the shared pattern reports how many move with it (0.338958ms)
✔ the two proofs are read out of a reply typed any way round (2.515334ms)
✔ a proof that was not given is written as missing, not omitted (0.127333ms)
✔ the case carries the requester’s own words, judged by the System’s prompts (0.131792ms)
✔ no case is composed when the System carries no templates (0.055833ms)
✔ systemIdFromBindingResolve prefers an ok binding and ignores misses (0.427959ms)
✔ the conversation satisfies the step that asks for the request (1.149166ms)
✔ the decision is the step where IT checks an approval, and only that one (0.289166ms)
✔ a procedure with no approval step yields no decision (0.233708ms)
✔ a service nobody approves does not claim to have been approved (5.87025ms)
✔ the approvers are the roles the procedure names, in order (2.009584ms)
✔ a named subject is carried into the opening line (0.486125ms)
✔ the opening line takes charge, announces the count and the stop (0.465375ms)
✔ the decision names its step and states that nothing has changed (0.538583ms)
✔ the standing mark says what a preview is and what it is not (0.296833ms)
✔ the workbook still has three services with no written procedure (0.21325ms)
✔ every service in the catalogue produces a playable plan (0.618834ms)
✔ the four suggested requests all reach a plan (3.133958ms)
✔ the pre-fix rule turned dead branches green — the fixtures still catch it (3.817667ms)
✔ nominal projects onto the six steps as documented (1.423875ms)
✔ ambiguous projects onto the six steps as documented (0.311042ms)
✔ ad_unreachable projects onto the six steps as documented (0.242792ms)
✔ ad_unreachable_fallback projects onto the six steps as documented (0.401459ms)
✔ quality_guard projects onto the six steps as documented (0.176209ms)
✔ weak_identity_pending projects onto the six steps as documented (0.120417ms)
✔ weak_identity projects onto the six steps as documented (0.380167ms)
✔ every fixture is covered by the expected table (0.219542ms)
✔ no step claims a privileged action the banner says did not happen (1.084666ms)
✔ a paused run claims no privileged action while it waits (0.170958ms)
✔ each lane resolves to its business outcome code (0.730666ms)
✔ the raw provider error never reaches the screen (1.65525ms)
✔ a short answer is spoken as written (1.266375ms)
✔ a long answer is cut at a sentence, never mid-word (1.417334ms)
✔ citation markers and markdown never reach the ear (0.193291ms)
✔ sources are mentioned only when the answer was shortened (0.140375ms)
✔ a procedure is spoken as a count, not as a list (0.193083ms)
✔ a single step is announced in the singular (0.092208ms)
✔ a service with no documented procedure says nothing extra (0.070833ms)
✔ an offer names the button, and says nothing has started (0.09625ms)
✔ an empty answer is admitted rather than mumbled (0.078125ms)
✔ an outcome keeps more room than a library answer (0.119708ms)
✔ unknown and invalid metrics never become a zero or perfect score (0.599375ms)
✔ timeline preserves parallel execution and does not add durations serially (0.163708ms)
✔ missing and reversed timestamps are not fabricated into intervals (0.359666ms)
✔ pending, failure and unknown platform codes stay readable in both languages (1.513125ms)
✔ legacy server errors and limitations resolve without displaying English as French primary copy (0.223875ms)
✔ localized decimal and cost displays preserve missing, zero and positive tiny amounts (22.423875ms)
▶ agent-loop inspector projection
  ✔ parses allowlist lines and drops blanks, dupes, and a 9th slug (0.829084ms)
  ✔ reads a fail-closed envelope when the config bag is thin (0.276667ms)
  ✔ clamps turns and confidence to the pinned envelope (0.075ms)
  ✔ HumanGate prompt_kind falls back to approve_write (0.080709ms)
  ✔ ITSD overlay starter is Trigger → Agent loop → Human gate → Output with a 1–8 allowlist (0.224541ms)
  ✔ canvas line names the objective, budget, allowlist size and tier (0.106208ms)
  ✔ done_when keeps one criterion per line (0.074375ms)
  ✔ optional budget fields keep cost and a minute deadline or stay unset (0.101625ms)
✔ agent-loop inspector projection (3.383958ms)
✔ every node card exposes an accessible, lock-aware delete control (3.123125ms)
✔ the node trash keeps a 24px hit area that head-row crowding cannot shrink (0.688916ms)
✔ the inspector deletes the selected node through the same store mutation (1.712625ms)
✔ global Delete and Backspace use the interactive-surface guard (0.959666ms)
✔ toolbar keeps palette, inspector, focus, compact and workbench as explicit controls (0.542541ms)
✔ authoring is the default toolbar surface and operating is one disclosure away (0.563416ms)
✔ the runtime manifest is collapsed until asked for and the empty canvas offers one way in (1.041959ms)
✔ the inspector exposes the AgentLoop envelope and a HumanGate that resumes (0.668584ms)
✔ canvas and accessible outline are synchronized FlowStore projections (0.381709ms)
✔ outline connector picker mirrors rendered ports and filters self-loops and primitive mismatches (0.716709ms)
✔ palette search exposes one real combobox/listbox active-descendant contract (0.366875ms)
✔ builder focus mode has a native-fullscreen path and a CSS fallback (0.354959ms)
✔ builder mounts one ephemeral workbench and never exposes it on scratchpad (0.343333ms)
✔ closing the inspector preserves graph selection and later selection reopens it (1.255792ms)
✔ retrieval scope remains a per-node inspector contract (0.5605ms)
✔ version preview is semantic while unloaded rows are explicitly count-only (0.664208ms)
✔ catalog projection is stable and carries usage plus carriers (15.085125ms)
✔ the excluded rows are kept apart from what a Flow may drop (6.14425ms)
✔ loaded-empty and load-error are distinct, and Retry starts a fresh request (0.470834ms)
✔ collection catalogue loads once, merges both payload shapes and sorts unique slugs (22.594333ms)
✔ document catalogue is URL-scoped, paginated, deduplicated and sorted (1.626083ms)
✔ document error is explicit and force retry starts a fresh request (0.311416ms)
✔ workspace transition clears both catalogues and ignores late document responses (1.033916ms)
✔ derived ingress kind mirrors every branch of flow_contracts._ingress_kind (0.763584ms)
✔ a node that is not an executable source has no derived ingress kind (0.247834ms)
✔ ingress kind guard accepts exactly the backend enum (0.193333ms)
✔ schema derived from ports matches flow_contracts._ports_schema (1.628208ms)
✔ no required port means the derived schema omits required entirely (0.095209ms)
✔ condition names report what a Decision predicate reads (0.293083ms)
✔ condition names ignore an operator name hiding inside a string literal (0.097959ms)
✔ reference selection waits for draft hydration and never replaces graph state (1.043292ms)
✔ applying a correction never replaces unsaved or saving editor state (0.140458ms)
✔ reference reads are isolated from draft hydration and reject another System (1.958167ms)
✔ scratch Flow Builder draft from A is not restored or copied into B (1.37125ms)
✔ ambiguous unsuffixed scratch draft is neutralized in a multi-workspace account (0.125792ms)
✔ untagged legacy scratch draft is not attributed to the last selected workspace (1.925916ms)
✔ valid empty flow draft round-trips without being mistaken for a missing draft (0.234125ms)
✔ malformed scoped draft without an edges array is rejected and quarantined without throwing (0.156667ms)
✔ legacy raw flow requires both graph arrays (0.079167ms)
✔ draft with a null port entry is rejected before renderer hydration (0.083708ms)
✔ connector ids are derived from (nodeId, port), not coordinates (4.438625ms)
✔ source renders no input connector; sink renders no output connector (0.409667ms)
✔ EDGE STABILITY: connector source/target ids are invariant under node move / zoom / pan / resize (0.40325ms)
✔ toConnectionViews resolves to connectors the node actually renders (never dangles) (0.08875ms)
✔ connectorsToEdge round-trips and is order-defensive (0.136333ms)
✔ view → connection → edge round-trip preserves endpoints (0.116708ms)
✔ Decision route handles create canonical branch edges and preserve labels (0.129583ms)
✔ legacy branch edges without from_port bind to their labelled Decision handle (0.095709ms)
✔ with no declared schema the ingress ports name the payload keys (0.828417ms)
✔ a declared schema seeds what it demands and never invents an optional value (0.791542ms)
✔ nothing is prefilled when the entry point is ambiguous or demands nothing (0.127292ms)
✔ Retrieval identity is task-only and supports runtime and Skill aliases (0.650583ms)
✔ per-node collections and document refs normalize without cross-node state (0.530542ms)
✔ persisted refs outside the bounded catalogue remain visible and deselectable (0.129667ms)
✔ persisted Retrieval collections remain visible when absent from the catalogue (0.093208ms)
✔ changing Retrieval collections prunes document refs outside the new scope (0.160041ms)
✔ document multi-select writes explicit collection/document pairs (0.130584ms)
✔ Retrieval picker rejects client scopes beyond the server bounds (0.511792ms)
✔ published Skill execution preview matches the exact node and Skill without changing the draft (0.161083ms)
✔ current Skill lookup remains read-only and distinguishes missing configuration from a pending response (0.686708ms)
✔ Skill lookups reject stale node, Skill, System and workspace responses (0.239833ms)
✔ global node deletion yields to native and ARIA interaction surfaces (0.563333ms)
✔ closest-based guard covers a nested icon inside a button or dialog (0.093042ms)
✔ scratchpad / no manifest → null (empty state) (1.126ms)
✔ full manifest maps all four facets (0.352083ms)
✔ units chip falls back to unit_catalog length and warns when nothing is operational (0.133584ms)
✔ empty effective-config and missing retrieval → neutral fallbacks (1.552791ms)
✔ failed retrieval decision is toned negative (0.270833ms)
✔ a dropped training node carries its whole spec, unconfigured (1.115375ms)
✔ the two serving nodes drop with the params their own shape needs (0.229333ms)
✔ the inspector summarises a fit by what it predicts, and opens the studio (0.386417ms)
✔ a serving node is configured in the panel, with no dialog in the way (0.937292ms)
✔ choosing a lineage in the inspector is one undoable store write (1.032084ms)
✔ the training workshop is a modal dialog that edits the graph (0.729834ms)
✔ the studio is no-code because the server answers every edit (0.444ms)
✔ the columns a fit is built from carry their shape, not just their name (0.86325ms)
✔ both training surfaces show the rows the fit will read, in the shared table (1.946833ms)
✔ the split, the folds and the knobs are bounded by the view model (0.678ms)
✔ a fit in flight reads as work: a live check-list, and a stop (0.432166ms)
✔ the evidence is a score plus what it moved, and names what it registered (0.281ms)
✔ the dataset a node fits on is picked from a list and pinned by slug (0.344917ms)
✔ a refused fit reaches the author as a sentence, never a raw code (0.437ms)
✔ a fit is dispatched through the same endpoint the Models page calls (0.10825ms)
✔ the builder mounts one training studio for the selected node (0.318667ms)
✔ the rows a fit will read, and the rows a score wrote, use the one table (0.608833ms)
✔ the three model Skills are three roles, and nothing else is one (1.161833ms)
✔ a non-task node bound to a model Skill is not a model node (0.153542ms)
✔ the serving descriptor carries what differs, as data (3.583625ms)
✔ a dropped training node carries every key the _train block projects (0.507084ms)
✔ a dropped serving node carries only the keys its shape reads (0.107917ms)
✔ reading a training node normalises what an author can leave broken (0.248459ms)
✔ a pin is read under either spelling, because both are written (0.266125ms)
✔ reading a serving node keeps a version pin whole or drops it (0.116ms)
✔ the split and the folds are clamped to what the studio offers (0.095625ms)
✔ an unfinished training node is refused before a round-trip is spent (0.22525ms)
✔ a serving node has to name a model, and a score node a dataset (0.095916ms)
✔ the node keeps its own refusals and hands the rest to the model plane (4.155875ms)
✔ every code the model plane can emit resolves to a sentence, not a blank (49.085583ms)
✔ a code nobody named keeps the server’s own words (16.408667ms)
✔ a training node is summarised by what it predicts (0.420292ms)
✔ a serving summary distinguishes following from freezing (0.229083ms)
✔ the picker only offers models that can answer (30.686292ms)
✔ choosing a lineage follows it; pinning a version freezes it (0.0955ms)
✔ every step of a fit has copy in both languages (16.679375ms)
✔ a node_end frame becomes a run summary, badge block included (1.153459ms)
✔ a frame without a node id names nothing and is dropped (0.086083ms)
✔ a settled node with no status reads as completed (0.278208ms)
✔ the badge block refuses values it cannot render (0.368792ms)
✔ a badge block with nothing usable in it is absent, not empty (0.249458ms)
✔ a metric outranks every row count on the same node (26.691292ms)
✔ a transform badge reads as a transition, not as two numbers (0.265333ms)
✔ a node that only produced rows shows the count it wrote (0.109833ms)
✔ a single-record prediction counts its answers (0.09375ms)
✔ a node with no data still says how long it took (0.217708ms)
✔ a node that produced neither a figure nor a duration gets no badge (0.087958ms)
✔ a running node shows no figure, so the pulse is not contradicted (0.06175ms)
✔ a failed node keeps its figure and is flagged as failed (0.058208ms)
✔ a score keeps the decimals that distinguish two models (0.129542ms)
✔ a metric on the target scale is read as a quantity, not as a score (0.208083ms)
✔ a duration never asks the reader to count zeros (0.358625ms)
✔ a model chip names its version, and survives not having one (0.063334ms)
✔ a metric name resolves through the dictionary the model card uses (0.097125ms)
✔ every key a run badge names has FR and EN copy (0.0655ms)
✔ the run service records a node_end and clears the node on node_start (0.59475ms)
✔ a new run and a workspace switch both invalidate every figure (1.41625ms)
✔ the node card renders the badge it is given, and only then (0.466542ms)
✔ the default surface is Capabilities, not the registry (18.37575ms)
✔ the advanced level opens with every category collapsed (1.399958ms)
✔ the structural primitives open themselves only on an empty graph (1.054292ms)
✔ a query switches to one ranked list, announces the remainder and adds on Enter (3.64425ms)
✔ extending a node offers only what connects, and says so when nothing does (0.473875ms)
✔ a dead end names the lever that would release it, and never offers the row (0.582875ms)
✔ an industry an admin actually chose to exclude is not read as an omission (0.1615ms)
✔ the usage signal marks what runs here and what is already in this Flow (0.218583ms)
✔ search ranks the name above the description and requires every token (1.018167ms)
✔ search reaches the taxonomy and the carrying capability, and usage breaks ties (0.197792ms)
✔ capability groups carry every claimant, drop empty ones and end with the uncarried (1.50675ms)
✔ the advanced level keeps the canonical order and renders no empty category (0.58025ms)
✔ the usage shortcut disappears entirely when the workspace has no invocations (0.169208ms)
✔ an exclusion names one lever, and which one (0.109125ms)
✔ a filtered set is summarised per lever, not per reason code (8.841708ms)
✔ the hover detail carries what the row no longer spends a line on (0.752083ms)
✔ atomic promotion POST from A is cancelled before its late B callback (10.522791ms)
✔ successful promotion clears the captured A draft and never the current B slot (1.334083ms)
✔ backend save Subject from A cannot mutate UI state after switching to B (0.817917ms)
✔ Save blocks only hash-bound errors for the current validation result (0.543875ms)
✔ Validate is non-mutating and delegates the exact live revision to the sidecar (1.072375ms)
✔ bound hydration preserves an explicitly empty Flow without a starter fallback (1.289917ms)
✔ P1 hydration uses the server draft and never the System compatibility mirror (0.456125ms)
✔ P1 explicit false contract readiness overrides a raw contract hash (0.307625ms)
✔ P1 hydration barrier clears the previously pinned published contract (0.349541ms)
✔ P1 autosave is revisioned and stores an invalid draft without mutating Publish (0.57475ms)
✔ P1 draft 409 pauses writes and requires an authoritative reload (0.579583ms)
✔ P1 Publish requires rendered diff, release message and breaking acknowledgement (0.562167ms)
✔ P1 migration baseline can be republished with an immutable contract at the same hash (6.362542ms)
✔ malformed bound Flow fails closed instead of becoming an editable scratchpad (3.441333ms)
✔ missing bound flow_definition is a protocol failure, not an empty Flow (0.236625ms)
✔ confirmed Clear pauses autosave and sends one explicit active replacement intent (1.08025ms)
✔ active mass import cannot save until a second explicit replacement confirmation (0.973542ms)
✔ late save acknowledgement cannot mark a newer graph revision as saved (1.124333ms)
✔ discard is the only non-save path that releases an import hold (0.335083ms)
✔ failed promotion keeps the local draft and does not navigate away (0.283834ms)
✔ promotion acknowledgement for an older revision preserves the newer draft (0.258792ms)
✔ promotion keeps the draft when the atomic create response cannot prove the Flow (0.252416ms)
✔ shared flow is one-shot and Discard restores the durable workspace draft (0.623666ms)
✔ saving a shared flow consumes its hash so reload cannot reapply it (0.32875ms)
✔ malformed node ports fail closed before bound hydration (0.153708ms)
✔ active rollback options carry the hydrated hash and explicit intent (0.170042ms)
✔ Clear and mass import schedule no autosave while a meta-only edit does (0.661125ms)
✔ Workbench holds a dirty snapshot unsaved and resumes autosave on close (0.288416ms)
✔ stale save acknowledgement schedules exactly one follow-up autosave (0.312541ms)
✔ Decision palette seed is executable and fail-closed by default (0.821458ms)
✔ source and asset without inputs are not offered as targets (0.231208ms)
✔ sink without outputs is not offered as a source but keeps its input handle (0.987208ms)
✔ preconnect chooses the first compatible port, not the first declared port (0.306791ms)
✔ a port-less task uses its rendered implicit connector (0.413708ms)
✔ no compatible rendered port yields neither menu item nor edge (0.59975ms)
✔ preconnect from a Decision route creates a labelled branch edge (0.318542ms)
✔ inserting a Decision upstream uses its first route handle as a branch (0.129083ms)
✔ the palette projection seeds an executable recipe node (0.991708ms)
✔ the inspector shows a recipe summary and one way into the workshop (1.158334ms)
✔ the builder mounts one workshop dialog for the selected recipe node (0.357167ms)
✔ the workshop is a modal dialog that edits the graph through the store (0.635917ms)
✔ machine failure codes reach the author as localized sentences (0.540208ms)
✔ the shared schema editor speaks the dictionary, not hardcoded English (0.371292ms)
✔ the recipe poll budget outlasts an env build and names its own timeout label (0.414042ms)
✔ the shared code editor lazy-loads CodeMirror and keeps a textarea fallback (0.360458ms)
✔ isPythonRecipeNode matches only task nodes bound to the recipe skill (1.093167ms)
✔ readRecipeParams fills defaults and normalises whatever is unset or malformed (1.283875ms)
✔ recipeWorkshopTestInput seeds the Test tab from node data (0.213375ms)
✔ clampRecipeTimeout mirrors the server window (0.156792ms)
✔ previewRequirements mirrors the server normalisation (comments, dedupe, sort, options) (0.977583ms)
✔ recipeSpecKey identifies the spec by its normalised fingerprint fields only (0.6905ms)
✔ every env and execution status resolves to FR and EN copy (0.297083ms)
✔ the execution timeline projects active, terminal and unknown statuses (0.352584ms)
✔ active statuses are exactly the cancellable ones (0.180792ms)
✔ display helpers stay defensive on absent values (0.483042ms)
✔ workspace reset rejects late trigger, HITL, step and nested getRun responses (9.234833ms)
✔ status: idle → running → done across a clean backend run (1.313625ms)
✔ publication Builder executes the saved server draft, never the published Run endpoint (0.532666ms)
✔ multiple draft ingresses stay ambiguous until the operator chooses one (0.108041ms)
✔ draft test ingress selection supports a sole non-manual adapter (0.076292ms)
✔ draft input modal blocks an ambiguous Flow until a real ingress is selected (0.626916ms)
✔ Decision terminal renders explicit resolution and branch label without values (0.422541ms)
✔ status: trigger failure → error (0.257417ms)
✔ HITL: pause → accept resolves and restarts the stream (0.414833ms)
✔ HITL: reject is forwarded; ignored when no pending gate (0.313209ms)
✔ debug: step then stop drives the debugger (0.352875ms)
✔ debug: continue forwards the live breakpoint set (0.302125ms)
✔ breakpoint debug cannot execute without a selected node (0.180209ms)
✔ breakpoints: add / remove + debug-mode cycle (0.34375ms)
✔ gating: invalid flow blocks the backend launch (0.722167ms)
✔ gating: scratchpad (no systemId) cannot Execute (0.812125ms)
✔ input editor accepts only JSON objects and reserves _debug (0.114125ms)
✔ service-owned debug metadata cannot be injected through a direct Execute call (0.199625ms)
✔ runtime badge accepts the three server modes and only falls back when canonical mode is absent (0.093875ms)
✔ gating: dirty, saving, save error, missing hash and stale manifest all fail closed (1.183459ms)
✔ Execute consumes only a current server validation for the saved hash (0.227333ms)
✔ debug is blocked in sequential legacy while normal Execute stays available (0.212833ms)
✔ 403/409/422 trigger errors stay distinct and keep operator input open (0.818292ms)
✔ authoritative hydration releases a 409 Execute latch even at the same Flow hash (0.289042ms)
✔ simulate: client-side dry run works without a System and skips the backend (0.780292ms)
✔ replay: re-emits the current run checkpoints into the terminal (0.545209ms)
✔ semantic diff detects same-count node kind, port and config changes (1.34225ms)
✔ semantic diff detects edge kind, branch and port changes with equal counts (0.615375ms)
✔ semantic diff treats executable node and edge ordering as observable (1.009958ms)
✔ semantic diff reports additions and removals rather than only count deltas (0.141834ms)
✔ semantic diff distinguishes changed and pinned-but-uncomparable contracts (0.182917ms)
✔ the palette projection seeds a runnable SQL transform node (8.936167ms)
✔ the palette projection seeds a runnable Polars transform node (0.182291ms)
✔ the palette projection seeds a runnable dbt transform node (0.3555ms)
✔ the engine identity is one fact: the palette and the workshop head agree (9.764333ms)
✔ the inspector shows an engine-aware summary and one way into the workshop (0.612375ms)
✔ the builder mounts one workshop for the selected transform node (0.772459ms)
✔ the workshop is a modal dialog that edits the graph through the store (0.856125ms)
✔ a queued run states its phase and can be stopped (0.625917ms)
✔ the libraries panel exists only for the engine that needs a venv (3.083167ms)
✔ a dbt project is authored as files, with the published model badged (1.9865ms)
✔ the dbt verdict is rendered on a refusal, not only on a success (7.797625ms)
✔ a refused program reaches the author as a sentence, never a raw code (0.648417ms)
✔ the preview never persists and never validates client-side (1.385708ms)
✔ the shared code editor lazy-loads each language and its schema completion (0.700375ms)
✔ isSqlTransformNode matches only task nodes bound to the transform skill (5.610458ms)
✔ reading the params falls back to the runnable starter statement (1.06925ms)
✔ reading the params keeps only pins that reference a dataset (0.2065ms)
✔ a legacy slug key on a pin is still resolved (0.259541ms)
✔ view names are duckdb-safe, accent-free and never collide (2.453333ms)
✔ the inspector summary skips the engine's own comment syntax (0.248ms)
✔ the line count ignores a single trailing newline (0.096917ms)
✔ the preflight only blocks the two refusals an author hits by habit (0.536ms)
✔ a coded refusal becomes a translated sentence, engine words kept where they help (0.31675ms)
✔ a refusal that names a place carries it, so the cursor can go there (0.182333ms)
✔ a coordinate is validated before it is used to move a caret (0.27175ms)
✔ every refusal code the workshop claims has FR and EN copy (0.256708ms)
✔ the completion schema exposes every name the statement can address (0.28125ms)
✔ the starter statement projects real columns, capped so it stays readable (0.191542ms)
✔ the output name falls back to the node label, then to the caller default (0.127958ms)
✔ the engine is read off the bound skill, and only for authorable nodes (0.177084ms)
✔ a Polars node cannot add libraries; a dbt project can (0.087333ms)
✔ a dropped Polars node carries a runnable script and its environment (0.129125ms)
✔ the program is read from the engine's own params field (0.182542ms)
✔ the timeout clamps to the platform window (0.135084ms)
✔ the Python preflight blocks an empty editor and a missing entry point (0.381292ms)
✔ a worker-side refusal parses back into its code and the author's words (0.180625ms)
✔ the Polars starter script addresses the source by its real name (0.143042ms)
✔ declared libraries drop blanks and comments (0.111291ms)
✔ a dropped dbt node carries a staging model, a mart and a tests file (0.112375ms)
✔ a dbt node with no chosen mart still publishes its last model (0.115584ms)
✔ the file list is the project: models first, the tests gate last (0.1835ms)
✔ editing a file writes to the params path that file lives in (0.190875ms)
✔ renaming a model follows its refs and its publication (0.223583ms)
✔ adding a model chains it onto the published one (0.1ms)
✔ deleting a model hands the publication over, and the last one is kept (0.090958ms)
✔ publishing another model moves the port and absorbs its dataset tick (0.135875ms)
✔ ticking a model as a sibling dataset is reversible and refuses the port (0.074208ms)
✔ the extra selection survives a rename and a deletion, but not its model (0.091375ms)
✔ the stored extra selection is read deduplicated and without the port (0.075334ms)
✔ a ghost in the extra selection is refused before the round-trip (0.113459ms)
✔ the dbt preflight refuses the project shapes dbt could not compile (0.125375ms)
✔ the dbt starter teaches source(), not the bare relation (0.055458ms)
✔ the build verdict is read off the row on success and on refusal alike (0.097875ms)
✔ a worker-side dbt refusal parses back into its code and its words (0.042875ms)
✔ every engine label the workshop renders has FR and EN copy (0.098292ms)
✔ a preview says which phase it is in, and skips one it will never enter (0.126625ms)
✔ client diagnostics map into the strip vm with node ids (4.015583ms)
✔ clicking a node-scoped row selects the node and emits focusNode (0.464625ms)
✔ clicking a graph-level row (no node id) is inert (0.284791ms)
✔ a known code reads as a sentence naming the node, not as the code (0.386708ms)
✔ an unknown server code falls back to the server sentence, never to a key (0.181333ms)
✔ a node-scoped message with no node falls back rather than showing {name} (0.163667ms)
✔ vm reacts to graph edits (resolving the cycle drops the error) (0.38375ms)
✔ no issues → clean, empty rows, zero counts (3.310375ms)
✔ client issues map to rows; errors group before warnings with counts (0.380875ms)
✔ current server issues are authoritative; identical client preview is deduped (0.281375ms)
✔ node_id null/undefined normalize to null (0.275042ms)
✔ fingerprint is deterministic across object key order (0.537709ms)
✔ an edit masks accepted diagnostics synchronously (6.326333ms)
✔ a late response cannot replace diagnostics from the newer request (1.14625ms)
✔ an out-of-order response is ignored even before the newer request resolves (0.397875ms)
✔ upstreamOutputs returns only ancestors of the selected node (1.06975ms)
✔ upstreamOutputs excludes self, downstream and parallel non-ancestors (0.392625ms)
✔ upstreamOutputs returns [] for a root node and for unknown selection (0.225083ms)
✔ upstreamOutputs enriches portless nodes from the manifest output_schema (0.223375ms)
✔ upstreamOutputs orders candidates by the supplied topological order (0.125333ms)
✔ filterCompatibleCandidates reuses the primitive-compat rule (0.12725ms)
✔ encode/decode round-trips and variableRefFor builds a typed selector (0.12075ms)
✔ Published pointer identity is separate from current server draft identity (1.153583ms)
✔ exact rollback evidence validates immutable and draft identities and digests (0.48175ms)
✔ server diff summary exposes contract and executable order changes (0.117625ms)
✔ component gates rollback on dual exact evidence and revision-bound fences (0.40075ms)
✔ workbench JSON object parser accepts only a top-level object (1.980292ms)
✔ golden-set parser preserves expected values and enforces the bounded wire contract (0.272125ms)
✔ golden-set parser rejects ambiguous ids and malformed input_ref values (0.114833ms)
✔ isolated-node affordance accepts only task nodes with one coherent Skill slug (0.131458ms)
✔ workbench panel exposes the three preview modes and the unsaved boundary (3.866209ms)
✔ golden matcher is recursive object-partial and array-exact (0.912834ms)
✔ chat input follows the selected ingress schema without synthetic aliases (0.785292ms)
✔ real side-effect acknowledgement is required before validation or dispatch (4.19625ms)
✔ chat validates and hash-binds the exact dirty snapshot without saving it (6.930708ms)
✔ a graph edit during validation fences the request before dispatch (0.79725ms)
✔ multiple ingresses require an explicit stable selection (0.664542ms)
✔ isolated node execution keeps source hash evidence and projects its result (2.486709ms)
✔ golden batch maps server-owned case ids and scores expected output (2.22675ms)
✔ golden polling follows the server queue instead of polling every case concurrently (1.333792ms)
✔ sequential legacy validation fails closed before any workbench endpoint (0.471208ms)
✔ golden polling has a distinct one-hour budget without changing interactive polling (133.723125ms)
✔ every Flow revision invalidates completed workbench evidence (0.546542ms)
✔ workspace reset clears workbench evidence and rejects a late validation (0.326875ms)
✔ selection is deterministic and synchronous (inspector updates within one frame) (3.112209ms)
✔ load resets dirty; a manifest write marks dirty; markSaved clears it (0.463625ms)
✔ revision is monotone and a stale save acknowledgement cannot clean a newer edit (0.363958ms)
✔ load and snapshot preserve known and unknown top-level sidecars without graph duplication (0.628625ms)
✔ replaceAsEdit is dirty and undo/redo restores the complete metadata sidecar (0.553292ms)
✔ clear is idempotent for an already empty graph (0.209834ms)
✔ TWO-WAY WIRING: top_k edit writes the exact nested path and round-trips on reload (0.520458ms)
✔ skill param home: config.params.<key> writes + round-trips (PART A.4) (0.453459ms)
✔ undo/redo + connect/disconnect behave as single steps (0.486375ms)
✔ accessible outline reorder shares canonical order and one undo frame with the canvas (0.912833ms)
✔ task deletion cuts incident routes and undo restores the exact graph atomically (7.689625ms)
✔ Skill, Governance and ordinary tasks never reconnect compatible routes (0.421292ms)
✔ deletion preserves pre-existing non-incident routes without synthesising another (0.152ms)
✔ clear is one revision and undo restores the graph (0.439333ms)
✔ edge identity includes kind, branch label and both ports (0.503334ms)
✔ Decision rename updates config, route handle, default and edges in one undo frame (2.205042ms)
✔ Decision delete removes its routes and default atomically; undo restores all (0.66275ms)
✔ Decision add, reorder and default selection each remain a single mutation (0.768125ms)
✔ two Decision labels may fan out to the same target without deduplication (0.228625ms)
✔ the canonical Skill taxonomy has the exact product order (1.5665ms)
✔ the palette section is the catalog category, never re-inferred (0.301458ms)
✔ uncategorised skills stay visible under Other (0.187125ms)
✔ skill projection exposes category/runtime without leaking palette-only top-level fields (1.986709ms)
✔ every trigger type the backend maps to an event is reachable from the palette (0.185209ms)
✔ the visibility verdict and the usage count travel with the palette entry (0.304916ms)
✔ Retrieval taxonomy is persisted as a shared canonical config marker (0.079125ms)
✔ a required Skill param fed by an upstream binding is valid while empty (1.340416ms)
✔ a required Skill param with neither value nor binding stays invalid (0.230083ms)
✔ a supplied value or an optional param is never flagged, whatever the bindings (0.125458ms)
✔ only Skill params read a binding; node config and data keep the plain test (0.081583ms)
✔ binding recognition accepts a typed ref or a legacy path, nothing else (0.302833ms)
✔ routing load failure leaves no invented draft and blocks saving (6.423333ms)
✔ permissions fail closed for configuration, credentials, serving and lifecycle (0.955958ms)
✔ catalog filters provider, task and runtime and preserves explicit empty fallback (1.583458ms)
✔ saved Azure metadata pre-fills without exposing or inventing secrets (1.242167ms)
✔ workspace transition purges secrets and rejects stale test targets (1.604041ms)
✔ canonical targets match the selected pair and form input preserves additional defaults (21.706917ms)
✔ test rejects missing acknowledgement, invalid JSON and absent required inputs (2.194833ms)
✔ catalog refresh preserves active test; clearing the selection removes previous result (13.30925ms)
✔ model and token evidence is canonical trace and metrics, never arbitrary output (1.350542ms)
✔ costs distinguish catalog calculation, provider-reported zero and missing measurement (31.52225ms)
✔ unreachable connections stay selectable but carry an explicit warning, including fallback (0.914458ms)
✔ a delayed initial distribution never overwrites a later selected window (0.713833ms)
✔ a slow canonical Run read is allowed to finish without polling cancellation (1101.537958ms)
✔ Skill creation keeps Govern context and model parameters in the query, not the route path (2.230125ms)
✔ invocation evidence links preserve Govern as a query parameter (0.259834ms)
✔ connector configs and app toggles are isolated by active workspace (2.417833ms)
✔ CONNECTORS has one generic MCP card, not SAP posting or HIKMA (0.473416ms)
✔ apply requires explicit review and prevents duplicate dispatch while in flight (1.97225ms)
✔ a response from the previous workspace does not change current proposal or emit application (0.214208ms)
✔ restoring a saved proposal selects its diff without applying and rejects another System (0.463958ms)
✔ Run facets track history, merge tab changes and refresh can force store invalidation (7.124042ms)
✔ Run loads its projection when the effective gate activates in the same workspace epoch (0.594375ms)
✔ Experience origins are exact API filters built from safe application slugs (0.495125ms)
✔ non-Experience and malformed origins never reach the Runs API (0.069208ms)
✔ each Run exposes a native keyboard link to its detail (1.214ms)
✔ the status selector invalidates the visible Runs projection (0.168041ms)
✔ Runs API failures remain distinct from an empty successful list (1.211833ms)
✔ SkillInvocation is a dedicated Run child resource before the generic Run route (228.762458ms)
✔ SkillInvocation facets follow validated deep links and preserve query context on tab changes (3.55525ms)
✔ SkillInvocation loads its projection when the effective gate activates in the same workspace epoch (0.439542ms)
✔ creating a draft requires explicit review and suppresses duplicate sends (25.852583ms)
✔ a late response cannot cross the workspace boundary (1.589458ms)
✔ uncertain generation retries retain their key; changing inputs starts another request (11.321292ms)
✔ uncertain suite execution retries keep the same frozen request and workspace scope (0.808084ms)
✔ reopening a completed BRD job restores its batch without executing again (21.4425ms)
✔ requirement links only use test evidence from this exact BRD proposal (0.321583ms)
✔ the runtime controls are read from the descriptor, not from a local copy (4.134541ms)
✔ the runtime is named in plain words with the raw kind still available (0.365209ms)
✔ a contract cannot be invalid JSON any more, because it is never text (0.851417ms)
✔ preset inputs are a form derived from the wrapped skill own contract (0.771667ms)
✔ a preset value the target contract does not declare is named, not dropped (0.535458ms)
✔ preset inputs written by hand are still checked before they are sent (0.213ms)
✔ a runtime parameter the descriptor requires blocks the submission (0.168583ms)
✔ switching runtime drops the parameters the previous one owned (0.112541ms)
✔ a preset picks the runtime and proposes the contract, all of it editable (0.196375ms)
✔ a complete draft posts exactly what the workspace decided (0.568291ms)
✔ no capability named means no claim asked for (0.17275ms)
✔ editing the same screens patches the row and never renames the slug (0.47375ms)
✔ a refusal is shown in the server’s own words (0.368167ms)
✔ an imported requirement opens the wizard already filled in (0.124542ms)
✔ the New skill affordance appears only when the server grants skill.admin (3.603ms)
✔ a Portal model seeds an executable prompt Skill, preserves its model and clears it on provider change (0.21ms)
✔ the Skill picker excludes non-generative and unconfigured models, and ignores stale workspace responses (0.299ms)
✔ Portal authoring entry requires the current workspace and server authoring right (0.502583ms)
✔ Run model summaries use recorded resolution and never infer a provider from an arbitrary model name (0.094833ms)
✔ an unknown authoring right fails closed rather than assuming an admin (0.224208ms)
✔ an authored skill lands in the registry and is selected (0.346083ms)
✔ a refused capability claim is said out loud, and the skill is still there (0.248375ms)
✔ edit and delete are offered on the rows this workspace owns, and only those (0.169875ms)
✔ a delete the API refuses is reported in the API own words (0.416292ms)
✔ a delete the API accepts clears the selection and re-reads the list (0.711875ms)
✔ an imported row opens the wizard as a draft rather than creating anything (0.426458ms)
✔ only a capability this workspace owns is offered as a carrier (0.509ms)
✔ switching workspace withdraws the authoring right until B answers (1.341208ms)
✔ Skill costs distinguish missing, zero and positive amounts below display precision (23.788208ms)
✔ Observed Skill costs never substitute a catalog price or unmeasured default (0.123875ms)
✔ Skill view purges A synchronously and only accepts the B reload (4.467ms)
✔ Skill detail requires both the server editing right and workspace ownership (4.030041ms)
✔ Skill detail edits prompt_template through the existing wizard without losing contracts or params (3.020709ms)
✔ Skill detail edits registry_call through the existing wizard without losing contracts or params (0.840834ms)
✔ Skill detail skips registry loading when only a prompt executor is available and keeps create at Intent (0.660708ms)
✔ Skill detail reports a failed registry load and allows a fresh attempt (1.926084ms)
✔ Skill detail purges editing rights, targets, notices and stale updates on workspace change (0.308583ms)
✔ Skill detail discards a pending edit and old reads when navigating to another Skill (1.809958ms)
✔ review queue inherits scope and ignores a response from the previous scope (3.007875ms)
✔ canonical review queue serializes the System and period scope (2.889625ms)
✔ Runner JSON parser rejects malformed, null, arrays and primitives without coercion (0.988209ms)
✔ Systems routing exposes the Runner before the generic System detail route (0.365375ms)
✔ Runner live-state detector keeps polling only for non-terminal Runs (0.145833ms)
✔ an inactive durable session is never executable client-side (3.807792ms)
✔ invalid editor JSON performs zero execute requests (0.269917ms)
✔ execute binds the immutable published version and hash to the request (1.42025ms)
✔ 409 latches published authority until overview and session reload both succeed (0.774792ms)
✔ session changes are fail-closed and a late previous session cannot win (0.217833ms)
✔ workspace reset invalidates an in-flight Runner overview before it can populate state (0.514333ms)
✔ route load resumes the latest durable Runner session (0.463209ms)
✔ a Flow Builder graph with declared ingresses is flow-backed (2.655667ms)
✔ the System Builder form projection keeps its RAG rendering (0.152541ms)
✔ the workspace chat System is never described as a graph (0.087917ms)
✔ variants that already own a bespoke rendering are left alone (0.151125ms)
✔ absent, empty or unauthored graphs fall back to the existing behaviour (0.231583ms)
✔ the server manifest can only narrow the verdict, never open it (0.254541ms)
✔ manifest runtime status is projected onto the matching step (0.191083ms)
✔ publication evidence and scratchpad provenance are surfaced verbatim (0.140208ms)
✔ an unpublished flow-backed System reports the draft badge (0.106125ms)
✔ a source node without config.ingress_kind reports the kind publication derives (0.42275ms)
✔ a source node declaring an unknown ingress kind is not counted as a trigger (0.143042ms)
✔ an explicit rag_mode still wins for systems that are not flow-backed (0.072792ms)
✔ value-loop helpers distinguish simulation, missing measurement and observed evidence (4.02425ms)
✔ value-loop progress advances only through persisted scenario states (0.185958ms)
✔ baseline selector trusts the server eligibility flag and excludes operator, seed and canary runs (1.034042ms)
✔ late value-loop responses are rejected after a workspace, System or request change (0.374708ms)
✔ command ledger reuses an idempotency key across retries and rotates after success or context reset (0.376458ms)
✔ System value-loop visibility is authorized only by the current server Steer projection (0.99875ms)
✔ ChatKnowledge cancels the A write chain before a late response can continue in B (10.235042ms)
✔ ChatKnowledge pins and cancels post-save reloads so late A reads cannot repopulate B (2.816583ms)
✔ ChatKnowledge keeps guide writes and their refresh in one cancellable A scope (1.204334ms)
✔ Members displays and sends a manifest-defined non-Andritz entitlement on invite (4.1405ms)
✔ Governance toggle preserves a future active key and saves it unchanged (0.605375ms)
✔ memoizeLayout rebuilds only when the key changes (0.510708ms)
✔ shouldRebuildLayout ignores hover-only input names (0.087833ms)
✔ nearestDayIndex snaps a pointer x onto the closest day (0.0845ms)
✔ placeTooltip flips at the viewport edges and stays inside (0.470042ms)
✔ wrapLabelLines keeps short names and wraps long System names to two lines (0.222792ms)
✔ easeOutProgress lands on 0 and 1 (0.0765ms)
✔ dense layout reproduces the approved scale and stacks stubs under the hours node (1.245084ms)
✔ a single converging source still curves into a lower hours node and is capped (1.434208ms)
✔ stub-only sources render without hours or value nodes (0.271333ms)
✔ truncateLabel keeps short names and ellipsises long ones (0.168292ms)
✔ niceStep picks round gridline steps that give about four lines (0.759042ms)
✔ spreadLabelRows pushes overlapping labels apart inside the plot (0.505708ms)
✔ cubicSmoothPath uses horizontal midpoints between consecutive points (0.111ms)
✔ cubicSmoothAreaPath closes to a lower band or a baseline (0.287291ms)
✔ sankeyRibbonPath is a cubic band between two node segments (0.205917ms)
✔ radial spoke math matches the approved 30-day clock (0.356458ms)
✔ accumulateStackedSeries builds lower and upper bands per series (0.465084ms)
✔ primary CTA text meets WCAG AA in dark and light themes (1.649833ms)
✔ secondary text meets WCAG AA on cockpit panels (0.708208ms)
✔ secondary text meets WCAG AA on raised surfaces too (0.120292ms)
✔ every cockpit token a component names is a token the theme defines (192.195ms)
✔ a connection link in a new tab leaves the Skill draft in its current tab (2.470958ms)
✔ every state maps to a painter at both tuned sizes (3.952792ms)
✔ each painter puts ink inside the canvas box (15.225417ms)
✔ dark and light are the same drawing in opposite ink (2.143041ms)
✔ resolving a preset twice hands back the cached tuning (0.06525ms)
✔ renders yields below the ceiling exactly as measured (0.479917ms)
✔ keeps the ceiling itself in full and bounds everything above it (0.096542ms)
✔ renders a missing or unusable measurement as an em dash (0.075667ms)
✔ bounds the ratios observed in production instead of printing them (0.087792ms)
✔ a contract the rows can hold projects with nothing left over (1.345833ms)
✔ writing the rows back preserves the keys the rows never knew about (1.66875ms)
✔ an edit through the rows changes only what it touched (0.12725ms)
✔ a construct no row can hold is named, not flattened (0.159666ms)
✔ an empty contract is a clean slate, not a complaint (0.099875ms)
✔ a row with no name is dropped rather than writing an empty key (0.065166ms)
✔ preset inputs are derived from the target contract and typed on the way in (0.203875ms)
✔ numeric columns draw their histogram, normalized to the tallest bucket (0.872083ms)
✔ categorical columns draw their top values instead of a histogram (0.532584ms)
✔ a column with no profile draws nothing rather than a fake baseline (0.149125ms)
✔ a histogram bin with no upper edge still labels its bucket (0.117166ms)
✔ null ratios become whole percentages, and a clean column reports zero (0.072ms)
✔ only integer and float count as numeric for alignment and histograms (0.097459ms)
✔ every column kind has a header glyph so no column renders unlabelled (0.40975ms)
✔ a numeric profile states counts, then range, then central tendency (0.439625ms)
✔ a categorical profile leaves out the statistics that would be meaningless (0.096042ms)
✔ a clean column still says so, because "no missing values" is a finding (0.227708ms)
✔ a datetime column keeps its range without inventing an average (0.090042ms)
✔ a column with no profile at all offers no facts to open (0.056417ms)
✔ a row count is only stated when it is one (0.069541ms)
✔ top values rank widest first, relative to the most frequent one (0.282125ms)
✔ a high-cardinality column still shows shape, not seven empty slivers (0.175875ms)
✔ a numeric column has no top values, so its popover shows only figures (0.478417ms)
✔ byte sizes read as volumes, keeping a decimal only where it informs (16.934042ms)
✔ a column click replaces, toggles or leaves the selection alone (0.127ms)
✔ the table states its own shape, so no caller can forget to (0.340583ms)
✔ every icon name used in a template resolves in the registry (37.175667ms)
✔ every icon name declared as data resolves in the registry too (27.122416ms)
✔ no registry key is written in a form the lookup can never reach (0.23575ms)
✔ authoring and confirmation modals own focus, Escape and an accessible name (1.867833ms)
✔ the BRD upload uses a keyboard button and a focusable visually-hidden input (0.212459ms)
✔ shared modal and contextual help keep locale and pointer focus semantics (0.374917ms)
✔ AuthStore advances an opaque epoch and resets principal caches atomically (1.906792ms)
ℹ tests 1466
ℹ suites 1
ℹ pass 1466
ℹ fail 0
ℹ cancelled 0
ℹ skipped 0
ℹ todo 0
ℹ duration_ms 7545.580916
