claim_id,opened_at,resolved_at,claim_reason,paid_amount,shipment_status,already_refunded,case_documents,item_quantity,evidence_kind
HIST-LUMA-01072,2025-01-05T05:00:00+00:00,2025-01-08T08:36:10.115790+00:00,delivery_disputed,289.72,lost,0,4,2,synthetic_demo
HIST-LUMA-00678,2025-03-04T18:00:00+00:00,2025-03-11T16:20:20.385381+00:00,delivery_disputed,389.32,in_transit,0,3,1,synthetic_demo
HIST-LUMA-00619,2025-05-13T00:00:00+00:00,2025-05-14T15:03:13.358657+00:00,delivery_disputed,82.53,lost,0,4,2,synthetic_demo
HIST-LUMA-00879,2025-02-07T02:00:00+00:00,2025-02-10T14:25:11.655158+00:00,delivery_disputed,34.22,in_transit,0,1,1,synthetic_demo
HIST-LUMA-00122,2025-04-04T20:00:00+00:00,2025-04-06T07:46:42.239695+00:00,refund_requested,138.32,lost,1,1,1,synthetic_demo
HIST-LUMA-INVALID-10,2025-06-03T03:00:00+00:00,,delivery_disputed,93.73,delivered,0,1,2,synthetic_demo
HIST-LUMA-00638,2025-02-20T15:00:00+00:00,2025-02-24T19:08:21.013476+00:00,delivery_disputed,72.15,lost,0,4,1,synthetic_demo
HIST-LUMA-00235,2025-06-15T10:00:00+00:00,2025-06-17T02:42:46.087362+00:00,parcel_lost,107.69,lost,0,4,1,synthetic_demo
HIST-LUMA-00152,2025-07-01T12:00:00+00:00,2025-07-04T03:15:01.604792+00:00,parcel_lost,364.79,lost,0,2,1,synthetic_demo
HIST-LUMA-01018,2025-06-19T15:00:00+00:00,2025-06-24T08:24:29.119023+00:00,delivery_disputed,89.4,delivered,0,1,2,synthetic_demo
HIST-LUMA-00559,2025-04-22T00:00:00+00:00,2025-04-28T05:03:20.842583+00:00,delivery_disputed,94.66,in_transit,0,1,1,synthetic_demo
HIST-LUMA-01000,2025-06-24T09:00:00+00:00,2025-06-25T10:44:04.615078+00:00,parcel_lost,30.37,lost,0,4,1,synthetic_demo
HIST-LUMA-00043,2025-02-25T00:00:00+00:00,2025-03-03T09:31:55.520600+00:00,parcel_lost,36.37,lost,0,1,1,synthetic_demo
HIST-LUMA-00389,2025-07-29T16:00:00+00:00,2025-07-31T10:24:44.801373+00:00,refund_requested,368.15,delivered,1,4,1,synthetic_demo
HIST-LUMA-00768,2025-08-13T18:00:00+00:00,2025-08-17T00:55:40.624346+00:00,parcel_lost,41.43,lost,0,2,1,synthetic_demo
HIST-LUMA-01026,2025-06-27T16:00:00+00:00,2025-07-04T15:38:06.514837+00:00,delivery_disputed,92.89,lost,0,4,2,synthetic_demo
HIST-LUMA-01162,2025-01-15T01:00:00+00:00,2025-01-16T07:21:45.373852+00:00,parcel_lost,30.02,lost,0,3,1,synthetic_demo
HIST-LUMA-00885,2025-03-10T14:00:00+00:00,2025-03-12T04:49:16.527268+00:00,parcel_lost,332.61,lost,0,3,2,synthetic_demo
HIST-LUMA-00198,2025-08-10T21:00:00+00:00,2025-08-17T09:41:32.217440+00:00,delivery_disputed,84.18,delivered,0,4,1,synthetic_demo
HIST-LUMA-01193,2025-05-31T17:00:00+00:00,2025-06-05T01:36:36.653287+00:00,delivery_disputed,160.04,lost,0,4,2,synthetic_demo
HIST-LUMA-00128,2025-06-09T08:00:00+00:00,2025-06-13T05:02:33.620621+00:00,parcel_lost,75.58,in_transit,0,3,1,synthetic_demo
HIST-LUMA-00365,2025-01-27T22:00:00+00:00,2025-02-01T22:14:27.421807+00:00,delivery_disputed,274.89,in_transit,0,1,1,synthetic_demo
HIST-LUMA-00646,2025-01-25T14:00:00+00:00,2025-01-27T09:04:39.954489+00:00,parcel_lost,50.18,lost,0,4,1,synthetic_demo
HIST-LUMA-00223,2025-08-06T01:00:00+00:00,2025-08-12T07:59:25.512958+00:00,delivery_disputed,87.35,in_transit,0,2,2,synthetic_demo
HIST-LUMA-00130,2025-05-28T01:00:00+00:00,2025-05-31T07:26:19.709122+00:00,delivery_disputed,475.99,delivered,0,3,1,synthetic_demo
HIST-LUMA-00266,2025-01-22T19:00:00+00:00,2025-01-23T01:20:02.381564+00:00,parcel_lost,118.12,lost,0,2,1,synthetic_demo
HIST-LUMA-01027,2025-01-20T18:00:00+00:00,2025-01-22T04:13:00.216834+00:00, REFUND_REQUESTED ,440.73,lost,1,0,1,synthetic_demo
HIST-LUMA-00652,2025-06-23T17:00:00+00:00,2025-06-28T00:40:07.520833+00:00,parcel_lost,140.59,lost,0,1,4,synthetic_demo
HIST-LUMA-01004,2025-07-20T05:00:00+00:00,2025-07-26T05:43:47.501945+00:00,delivery_disputed,19.67,in_transit,0,1,2,synthetic_demo
HIST-LUMA-00831,2025-05-25T01:00:00+00:00,2025-05-29T04:54:36.105762+00:00,parcel_lost,19.53,lost,0,0,1,synthetic_demo
HIST-LUMA-01179,2025-01-03T06:00:00+00:00,2025-01-05T20:42:49.086625+00:00, DELIVERY_DISPUTED ,16.46,delivered,0,0,1,synthetic_demo
HIST-LUMA-00752,2025-04-20T07:00:00+00:00,2025-04-23T15:21:19.036873+00:00,parcel_lost,65.09,in_transit,0,4,2,synthetic_demo
HIST-LUMA-00320,2025-08-08T13:00:00+00:00,2025-08-15T03:09:56.666747+00:00,delivery_disputed,23.7,delivered,0,4,1,synthetic_demo
HIST-LUMA-01011,2025-02-27T06:00:00+00:00,2025-03-01T05:28:58.608091+00:00,refund_requested,33.89,delivered,0,2,1,synthetic_demo
HIST-LUMA-00141,2025-06-29T03:00:00+00:00,2025-07-04T18:41:42.702696+00:00,parcel_lost,17.79,lost,0,0,3,synthetic_demo
HIST-LUMA-01121,2025-02-06T07:00:00+00:00,2025-02-07T22:59:57.990641+00:00,delivery_disputed,252.72,lost,0,3,2,synthetic_demo
HIST-LUMA-00386,2025-06-18T21:00:00+00:00,2025-06-20T11:08:32.245757+00:00,parcel_lost,177.14,lost,0,0,2,synthetic_demo
HIST-LUMA-01141,2025-06-13T15:00:00+00:00,2025-06-16T03:04:30.840994+00:00, REFUND_REQUESTED ,105.91,delivered,1,3,1,synthetic_demo
HIST-LUMA-00701,2025-01-26T03:00:00+00:00,2025-01-28T15:59:52.249688+00:00,delivery_disputed,39.62,delivered,0,1,1,synthetic_demo
HIST-LUMA-00498,2025-06-19T22:00:00+00:00,2025-06-24T01:36:28.132509+00:00,delivery_disputed,153.38,delivered,0,4,1,synthetic_demo
HIST-LUMA-00324,2025-06-22T05:00:00+00:00,2025-06-28T17:37:08.282227+00:00, DELIVERY_DISPUTED ,87.37,lost,0,3,1,synthetic_demo
HIST-LUMA-00759,2025-08-03T21:00:00+00:00,2025-08-10T07:41:16.014855+00:00,delivery_disputed,67.01,delivered,0,1,1,synthetic_demo
HIST-LUMA-00928,2025-08-24T04:00:00+00:00,2025-08-28T00:22:50.611520+00:00,parcel_lost,86.06,lost,0,1,1,synthetic_demo
HIST-LUMA-00506,2025-02-05T18:00:00+00:00,2025-02-12T13:59:06.900110+00:00,delivery_disputed,285.35,delivered,0,4,1,synthetic_demo
HIST-LUMA-INVALID-11,2025-01-19T07:00:00+00:00,2025-01-19T07:00:00+00:00,parcel_lost,276.04,in_transit,0,1,3,synthetic_demo
HIST-LUMA-00952,2025-06-06T12:00:00+00:00,2025-06-07T17:14:27.816679+00:00,parcel_lost,491.44,lost,0,1,1,synthetic_demo
HIST-LUMA-00502,2025-06-30T01:00:00+00:00,2025-06-30T23:13:49.557426+00:00,refund_requested,17.43,delivered,1,2,1,synthetic_demo
HIST-LUMA-00647,2025-04-16T20:00:00+00:00,2025-04-22T00:39:38.459859+00:00, DELIVERY_DISPUTED ,349.32,delivered,0,1,1,synthetic_demo
HIST-LUMA-00030,2025-06-09T15:00:00+00:00,2025-06-14T04:43:42.780720+00:00,delivery_disputed,24.02,delivered,0,4,1,synthetic_demo
HIST-LUMA-00162,2025-01-29T05:00:00+00:00,2025-01-31T06:26:27.128598+00:00,parcel_lost,87.42,lost,0,3,2,synthetic_demo
HIST-LUMA-00453,2025-01-05T17:00:00+00:00,2025-01-09T22:15:56.789530+00:00,delivery_disputed,470.73,in_transit,0,0,3,synthetic_demo
HIST-LUMA-00703,2025-02-05T23:00:00+00:00,2025-02-08T14:45:08.724348+00:00,parcel_lost,96.24,lost,0,4,1,synthetic_demo
HIST-LUMA-00605,2025-08-08T23:00:00+00:00,2025-08-10T07:47:39.713649+00:00,refund_requested,44.54,in_transit,1,2,2,synthetic_demo
HIST-LUMA-00514,2025-05-21T22:00:00+00:00,2025-05-28T21:29:32.817851+00:00, DELIVERY_DISPUTED ,37.78,delivered,0,3,2,synthetic_demo
HIST-LUMA-00357,2025-02-16T20:00:00+00:00,2025-02-19T11:49:16.501897+00:00,parcel_lost,17.46,lost,0,2,4,synthetic_demo
HIST-LUMA-00121,2025-01-20T09:00:00+00:00,2025-01-25T00:40:58.059361+00:00,delivery_disputed,290.94,in_transit,0,1,1,synthetic_demo
HIST-LUMA-01147,2025-07-27T04:00:00+00:00,2025-07-29T06:25:51.075410+00:00,parcel_lost,190.74,lost,0,2,1,synthetic_demo
HIST-LUMA-00278,2025-01-16T16:00:00+00:00,2025-01-19T06:07:23.097824+00:00,refund_requested,279.51,in_transit,1,2,1,synthetic_demo
HIST-LUMA-00777,2025-05-28T03:00:00+00:00,2025-05-28T20:09:04.976657+00:00,parcel_lost,168.96,lost,0,4,2,synthetic_demo
HIST-LUMA-00613,2025-04-09T08:00:00+00:00,2025-04-15T08:48:37.966322+00:00,parcel_lost,121.4,lost,0,3,3,synthetic_demo
HIST-LUMA-00806,2025-01-24T13:00:00+00:00,2025-01-26T13:26:29.156336+00:00,refund_requested,285.95,delivered,0,4,1,synthetic_demo
HIST-LUMA-01032,2025-03-01T10:00:00+00:00,2025-03-07T01:51:12.434698+00:00,delivery_disputed,151.89,delivered,0,2,1,synthetic_demo
HIST-LUMA-00317,2025-01-07T02:00:00+00:00,2025-01-12T23:09:33.616786+00:00,delivery_disputed,140.97,delivered,0,0,1,synthetic_demo
HIST-LUMA-00884,2025-01-13T05:00:00+00:00,2025-01-19T22:05:58.366819+00:00,delivery_disputed,455.62,delivered,0,2,1,synthetic_demo
HIST-LUMA-00103,2025-01-30T17:00:00+00:00,2025-02-01T02:50:15.362269+00:00,delivery_disputed,76.46,delivered,0,2,1,synthetic_demo
HIST-LUMA-00176,2025-03-09T08:00:00+00:00,2025-03-11T19:25:11.676463+00:00,parcel_lost,54.86,lost,0,2,1,synthetic_demo
HIST-LUMA-00195,2025-04-19T10:00:00+00:00,2025-04-20T20:01:58.778593+00:00,parcel_lost,43.74,lost,0,3,3,synthetic_demo
HIST-LUMA-00292,2025-07-09T07:00:00+00:00,2025-07-15T16:38:55.457246+00:00,delivery_disputed,27.01,delivered,0,0,3,synthetic_demo
HIST-LUMA-00961,2025-07-31T01:00:00+00:00,2025-08-02T06:41:13.934133+00:00,parcel_lost,18.06,lost,0,1,4,synthetic_demo
HIST-LUMA-00571,2025-06-26T01:00:00+00:00,2025-06-27T20:21:44.823737+00:00, PARCEL_LOST ,78.87,in_transit,0,2,1,synthetic_demo
HIST-LUMA-01060,2025-04-02T10:00:00+00:00,2025-04-08T01:02:28.401345+00:00,parcel_lost,142.59,lost,0,0,1,synthetic_demo
HIST-LUMA-01120,2025-03-28T16:00:00+00:00,2025-03-29T08:02:30.026227+00:00,parcel_lost,20.77,lost,0,3,1,synthetic_demo
HIST-LUMA-00010,2025-01-26T11:00:00+00:00,2025-01-28T03:20:07.973159+00:00,delivery_disputed,290.59,delivered,0,2,1,synthetic_demo
HIST-LUMA-00795,2025-08-13T18:00:00+00:00,2025-08-19T15:43:30.004067+00:00,delivery_disputed,31.9,delivered,0,0,1,synthetic_demo
HIST-LUMA-00360,2025-06-25T02:00:00+00:00,2025-06-25T10:18:46.570469+00:00,parcel_lost,217.45,lost,0,4,1,synthetic_demo
HIST-LUMA-00284,2025-03-17T01:00:00+00:00,2025-03-20T23:38:41.066761+00:00,delivery_disputed,63.66,delivered,0,0,2,synthetic_demo
HIST-LUMA-00825,2025-01-11T19:00:00+00:00,2025-01-15T06:45:45.438178+00:00,delivery_disputed,53.79,in_transit,0,4,1,synthetic_demo
HIST-LUMA-00327,2025-02-22T02:00:00+00:00,2025-02-23T11:03:01.627863+00:00,refund_requested,53.29,in_transit,1,4,1,synthetic_demo
HIST-LUMA-00251,2025-06-07T07:00:00+00:00,2025-06-07T13:33:25.047215+00:00,parcel_lost,105.25,lost,0,1,1,synthetic_demo
HIST-LUMA-00477,2025-08-15T06:00:00+00:00,2025-08-19T17:35:33.807477+00:00,delivery_disputed,298.27,delivered,0,4,1,synthetic_demo
HIST-LUMA-00633,2025-03-04T20:00:00+00:00,2025-03-06T13:59:26.727747+00:00,parcel_lost,50.92,lost,0,4,1,synthetic_demo
HIST-LUMA-00807,2025-01-20T19:00:00+00:00,2025-01-23T01:04:27.835220+00:00,parcel_lost,270.79,lost,0,0,1,synthetic_demo
HIST-LUMA-00713,2025-03-29T09:00:00+00:00,2025-03-30T04:34:37.909352+00:00,refund_requested,20.48,delivered,1,2,1,synthetic_demo
HIST-LUMA-00508,2025-06-28T10:00:00+00:00,2025-06-29T16:17:40.709209+00:00,parcel_lost,146.61,in_transit,0,1,1,synthetic_demo
HIST-LUMA-00343,2025-06-04T12:00:00+00:00,2025-06-10T14:41:20.017654+00:00, DELIVERY_DISPUTED ,88.19,delivered,0,4,1,synthetic_demo
HIST-LUMA-01040,2025-07-23T17:00:00+00:00,2025-07-26T23:37:35.369126+00:00,parcel_lost,420.09,lost,0,1,1,synthetic_demo
HIST-LUMA-00577,2025-01-19T16:00:00+00:00,2025-01-20T10:26:38.712501+00:00,refund_requested,16.92,delivered,0,4,2,synthetic_demo
HIST-LUMA-00704,2025-01-04T22:00:00+00:00,2025-01-10T10:08:04.951499+00:00, DELIVERY_DISPUTED ,100.58,lost,0,0,1,synthetic_demo
HIST-LUMA-01122,2025-03-11T13:00:00+00:00,2025-03-13T04:17:31.071440+00:00, PARCEL_LOST ,132.08,lost,0,2,4,synthetic_demo
HIST-LUMA-00200,2025-05-17T08:00:00+00:00,2025-05-22T14:13:44.500987+00:00,delivery_disputed,105.74,delivered,0,4,2,synthetic_demo
HIST-LUMA-00642,2025-06-23T13:00:00+00:00,2025-06-26T15:00:51.147499+00:00,delivery_disputed,213.23,delivered,0,0,1,synthetic_demo
HIST-LUMA-00304,2025-08-06T07:00:00+00:00,2025-08-07T23:30:18.445009+00:00,parcel_lost,363.22,lost,0,3,1,synthetic_demo
HIST-LUMA-00513,2025-06-29T19:00:00+00:00,2025-07-03T22:09:41.827811+00:00,delivery_disputed,21.91,delivered,0,2,2,synthetic_demo
HIST-LUMA-00809,2025-03-06T10:00:00+00:00,2025-03-09T12:31:34.269672+00:00,delivery_disputed,265.23,in_transit,0,0,1,synthetic_demo
HIST-LUMA-00936,2025-04-13T11:00:00+00:00,2025-04-15T06:58:18.763876+00:00,delivery_disputed,135.88,delivered,0,1,4,synthetic_demo
HIST-LUMA-00676,2025-04-25T08:00:00+00:00,2025-04-30T16:40:13.075389+00:00,delivery_disputed,408.09,lost,0,0,2,synthetic_demo
HIST-LUMA-00032,2025-05-14T15:00:00+00:00,2025-05-16T19:24:37.636826+00:00,delivery_disputed,224.34,delivered,0,1,1,synthetic_demo
HIST-LUMA-01037,2025-08-15T05:00:00+00:00,2025-08-18T21:25:01.339602+00:00,parcel_lost,288.55,in_transit,0,4,2,synthetic_demo
HIST-LUMA-00208,2025-04-10T23:00:00+00:00,2025-04-17T17:39:49.446165+00:00,delivery_disputed,73.82,in_transit,0,3,1,synthetic_demo
HIST-LUMA-00097,2025-08-25T17:00:00+00:00,2025-08-29T14:06:09.430917+00:00,delivery_disputed,41.43,delivered,0,0,1,synthetic_demo
HIST-LUMA-00414,2025-03-21T05:00:00+00:00,2025-03-21T11:37:45.414231+00:00,refund_requested,200.63,lost,1,3,1,synthetic_demo
HIST-LUMA-00868,2025-03-20T23:00:00+00:00,2025-03-22T06:03:17.665227+00:00,parcel_lost,428.06,in_transit,0,1,1,synthetic_demo
HIST-LUMA-00418,2025-04-11T18:00:00+00:00,2025-04-15T17:32:42.850338+00:00,delivery_disputed,152.45,delivered,0,3,1,synthetic_demo
HIST-LUMA-00649,2025-03-09T23:00:00+00:00,2025-03-14T13:28:29.792851+00:00,parcel_lost,168.15,lost,0,1,2,synthetic_demo
HIST-LUMA-00199,2025-02-03T14:00:00+00:00,2025-02-05T00:39:20.904525+00:00,refund_requested,163.69,delivered,1,4,2,synthetic_demo
HIST-LUMA-00440,2025-03-16T10:00:00+00:00,2025-03-18T07:35:40.790248+00:00,parcel_lost,93.44,lost,0,3,1,synthetic_demo
HIST-LUMA-00268,2025-06-09T11:00:00+00:00,2025-06-10T13:23:29.716134+00:00,parcel_lost,52.44,lost,0,3,1,synthetic_demo
HIST-LUMA-00924,2025-03-05T14:00:00+00:00,2025-03-07T02:42:14.585981+00:00,refund_requested,129.24,delivered,1,4,2,synthetic_demo
HIST-LUMA-00269,2025-05-29T19:00:00+00:00,2025-05-31T14:21:51.168277+00:00,parcel_lost,146.37,lost,0,2,3,synthetic_demo
HIST-LUMA-00614,2025-02-27T04:00:00+00:00,2025-03-05T01:00:56.894879+00:00,delivery_disputed,16.01,delivered,0,0,1,synthetic_demo
HIST-LUMA-00037,2025-04-12T12:00:00+00:00,2025-04-17T22:46:21.282887+00:00,delivery_disputed,48.47,in_transit,0,1,1,synthetic_demo
HIST-LUMA-00153,2025-06-23T15:00:00+00:00,2025-06-29T03:01:49.771628+00:00, DELIVERY_DISPUTED ,242.29,in_transit,0,0,2,synthetic_demo
HIST-LUMA-01047,2025-08-08T02:00:00+00:00,2025-08-09T00:24:33.218305+00:00,refund_requested,160.31,delivered,1,1,1,synthetic_demo
HIST-LUMA-00079,2025-03-03T16:00:00+00:00,2025-03-10T02:38:11.789407+00:00,delivery_disputed,62.6,delivered,0,3,1,synthetic_demo
HIST-LUMA-00117,2025-01-26T08:00:00+00:00,2025-01-27T04:45:35.344144+00:00,refund_requested,20.4,in_transit,1,1,3,synthetic_demo
HIST-LUMA-00227,2025-04-05T09:00:00+00:00,2025-04-07T02:48:56.520196+00:00,parcel_lost,23.16,lost,0,0,1,synthetic_demo
HIST-LUMA-00945,2025-05-15T18:00:00+00:00,2025-05-18T01:46:23.751411+00:00,parcel_lost,364.7,lost,0,3,2,synthetic_demo
HIST-LUMA-00080,2025-04-16T06:00:00+00:00,2025-04-21T23:51:15.724160+00:00,delivery_disputed,155.03,in_transit,0,3,1,synthetic_demo
HIST-LUMA-00685,2025-07-14T09:00:00+00:00,2025-07-16T19:18:10.604303+00:00, REFUND_REQUESTED ,30.28,in_transit,1,3,1,synthetic_demo
HIST-LUMA-00994,2025-04-28T09:00:00+00:00,2025-04-29T22:29:14.899128+00:00,delivery_disputed,415.15,delivered,0,4,2,synthetic_demo
HIST-LUMA-00967,2025-04-15T06:00:00+00:00,2025-04-17T14:00:36.589002+00:00,refund_requested,39.67,delivered,1,2,2,synthetic_demo
HIST-LUMA-00518,2025-05-08T02:00:00+00:00,2025-05-12T13:28:33.931246+00:00,delivery_disputed,48.08,in_transit,0,2,1,synthetic_demo
HIST-LUMA-00802,2025-02-20T07:00:00+00:00,2025-02-26T00:59:14.339322+00:00,delivery_disputed,262.29,delivered,0,1,1,synthetic_demo
HIST-LUMA-00238,2025-05-31T21:00:00+00:00,2025-06-06T13:16:58.185999+00:00,delivery_disputed,88.11,in_transit,0,2,1,synthetic_demo
HIST-LUMA-01124,2025-01-05T06:00:00+00:00,2025-01-09T06:42:40.515547+00:00,delivery_disputed,28.65,delivered,0,4,1,synthetic_demo
HIST-LUMA-01083,2025-02-25T14:00:00+00:00,2025-02-28T03:39:12.647323+00:00,refund_requested,17.46,delivered,1,1,1,synthetic_demo
HIST-LUMA-00921,2025-06-28T02:00:00+00:00,2025-06-29T00:32:31.858497+00:00,parcel_lost,63.82,in_transit,0,2,1,synthetic_demo
HIST-LUMA-00639,2025-04-07T01:00:00+00:00,2025-04-07T15:34:11.704423+00:00,parcel_lost,274.86,in_transit,0,3,2,synthetic_demo
HIST-LUMA-00658,2025-07-06T23:00:00+00:00,2025-07-10T15:58:07.073123+00:00,parcel_lost,399.25,lost,0,1,1,synthetic_demo
HIST-LUMA-00835,2025-01-06T03:00:00+00:00,2025-01-09T22:31:42.778262+00:00,delivery_disputed,15.12,delivered,0,0,2,synthetic_demo
HIST-LUMA-00426,2025-08-24T07:00:00+00:00,2025-08-27T08:11:48.611907+00:00,parcel_lost,19.2,lost,0,0,1,synthetic_demo
HIST-LUMA-01165,2025-03-04T22:00:00+00:00,2025-03-06T05:59:13.400921+00:00,refund_requested,154.76,delivered,1,4,1,synthetic_demo
HIST-LUMA-00812,2025-02-21T14:00:00+00:00,2025-02-25T00:43:16.753353+00:00,delivery_disputed,141.71,in_transit,0,4,1,synthetic_demo
HIST-LUMA-00379,2025-01-11T09:00:00+00:00,2025-01-13T22:32:35.983920+00:00,parcel_lost,21.79,lost,0,3,1,synthetic_demo
HIST-LUMA-00636,2025-01-21T06:00:00+00:00,2025-01-21T12:42:54.108416+00:00,refund_requested,477.79,delivered,1,2,1,synthetic_demo
HIST-LUMA-01114,2025-05-12T23:00:00+00:00,2025-05-14T18:36:18.741103+00:00,parcel_lost,239.96,lost,0,3,1,synthetic_demo
HIST-LUMA-01130,2025-06-18T15:00:00+00:00,2025-06-24T21:29:56.245938+00:00,delivery_disputed,88.08,delivered,0,2,1,synthetic_demo
HIST-LUMA-00941,2025-07-09T01:00:00+00:00,2025-07-10T15:49:33.557636+00:00,refund_requested,418.57,delivered,1,1,1,synthetic_demo
HIST-LUMA-01098,2025-08-11T09:00:00+00:00,2025-08-11T22:53:13.054503+00:00,parcel_lost,42.91,lost,0,1,1,synthetic_demo
HIST-LUMA-00705,2025-08-14T04:00:00+00:00,2025-08-15T13:17:46.004252+00:00,parcel_lost,21.45,lost,0,4,1,synthetic_demo
HIST-LUMA-01075,2025-04-07T03:00:00+00:00,2025-04-09T09:04:10.017519+00:00,parcel_lost,26.99,lost,0,4,1,synthetic_demo
HIST-LUMA-00542,2025-02-16T05:00:00+00:00,2025-02-16T11:14:19.044708+00:00,parcel_lost,43.76,lost,0,1,2,synthetic_demo
HIST-LUMA-00596,2025-05-31T10:00:00+00:00,2025-06-03T00:05:28.047851+00:00,refund_requested,88.9,delivered,1,2,2,synthetic_demo
HIST-LUMA-00207,2025-05-15T18:00:00+00:00,2025-05-17T09:12:26.599972+00:00,refund_requested,496.11,delivered,1,0,1,synthetic_demo
HIST-LUMA-00250,2025-06-10T06:00:00+00:00,2025-06-16T12:30:29.736962+00:00,delivery_disputed,48.64,delivered,0,4,1,synthetic_demo
HIST-LUMA-00771,2025-03-12T20:00:00+00:00,2025-03-13T17:26:01.416176+00:00,parcel_lost,165.78,in_transit,0,0,1,synthetic_demo
HIST-LUMA-00946,2025-06-22T07:00:00+00:00,2025-06-22T22:34:11.213556+00:00,parcel_lost,51.48,lost,0,0,2,synthetic_demo
HIST-LUMA-00620,2025-07-19T17:00:00+00:00,2025-07-20T10:37:38.185473+00:00,parcel_lost,24.44,in_transit,0,4,3,synthetic_demo
HIST-LUMA-00487,2025-02-27T12:00:00+00:00,2025-03-01T05:49:02.249946+00:00,refund_requested,47.3,delivered,1,4,1,synthetic_demo
HIST-LUMA-00980,2025-01-22T02:00:00+00:00,2025-01-22T11:26:46.625030+00:00,refund_requested,51.14,delivered,1,3,3,synthetic_demo
HIST-LUMA-00433,2025-01-05T14:00:00+00:00,2025-01-07T04:52:15.843475+00:00,refund_requested,21.76,in_transit,1,2,2,synthetic_demo
HIST-LUMA-00689,2025-07-18T09:00:00+00:00,2025-07-19T11:44:32.201655+00:00,refund_requested,16.9,delivered,0,2,1,synthetic_demo
HIST-LUMA-00933,2025-03-19T07:00:00+00:00,2025-03-20T18:11:18.843434+00:00,refund_requested,290.63,delivered,0,2,2,synthetic_demo
HIST-LUMA-00013,2025-06-23T03:00:00+00:00,2025-06-24T19:40:03.658272+00:00,parcel_lost,142.97,lost,0,3,1,synthetic_demo
HIST-LUMA-00442,2025-05-06T13:00:00+00:00,2025-05-07T04:42:24.392158+00:00,delivery_disputed,17.66,in_transit,0,3,3,synthetic_demo
HIST-LUMA-00538,2025-06-07T13:00:00+00:00,2025-06-08T06:07:58.881036+00:00,refund_requested,315.82,delivered,1,2,2,synthetic_demo
HIST-LUMA-00356,2025-01-09T09:00:00+00:00,2025-01-10T16:10:57.497345+00:00,refund_requested,18.75,delivered,1,2,1,synthetic_demo
HIST-LUMA-00897,2025-02-12T06:00:00+00:00,2025-02-15T23:23:40.991564+00:00,delivery_disputed,260.06,in_transit,0,0,1,synthetic_demo
HIST-LUMA-00944,2025-06-03T22:00:00+00:00,2025-06-09T04:41:50.272934+00:00,delivery_disputed,258.87,delivered,0,0,1,synthetic_demo
HIST-LUMA-00362,2025-06-07T19:00:00+00:00,2025-06-10T05:03:54.106509+00:00, REFUND_REQUESTED ,16.38,delivered,1,3,1,synthetic_demo
HIST-LUMA-00898,2025-06-22T07:00:00+00:00,2025-06-24T21:12:00.938057+00:00,parcel_lost,32.12,lost,0,3,1,synthetic_demo
HIST-LUMA-00137,2025-08-06T12:00:00+00:00,2025-08-13T09:55:12.915799+00:00,refund_requested,22.76,delivered,0,1,1,synthetic_demo
HIST-LUMA-01101,2025-08-15T09:00:00+00:00,2025-08-18T19:05:14.096310+00:00,delivery_disputed,316.44,delivered,0,2,1,synthetic_demo
HIST-LUMA-00552,2025-07-18T01:00:00+00:00,2025-07-19T13:12:28.124322+00:00, PARCEL_LOST ,103.76,in_transit,0,2,1,synthetic_demo
HIST-LUMA-00031,2025-06-23T15:00:00+00:00,2025-06-29T08:16:13.073104+00:00,delivery_disputed,303.5,lost,0,0,2,synthetic_demo
HIST-LUMA-00657,2025-01-29T00:00:00+00:00,2025-01-29T08:15:23.896085+00:00,delivery_disputed,123.96,delivered,0,2,1,synthetic_demo
HIST-LUMA-00003,2025-08-16T15:00:00+00:00,2025-08-19T21:41:40.984430+00:00,delivery_disputed,86.19,delivered,0,1,3,synthetic_demo
HIST-LUMA-00895,2025-03-23T03:00:00+00:00,2025-03-25T16:23:32.297852+00:00,delivery_disputed,108.99,delivered,0,1,1,synthetic_demo
HIST-LUMA-00905,2025-03-02T06:00:00+00:00,2025-03-06T02:41:11.733056+00:00,delivery_disputed,18.3,delivered,0,3,1,synthetic_demo
HIST-LUMA-00424,2025-05-15T22:00:00+00:00,2025-05-22T14:23:16.038222+00:00,delivery_disputed,21.62,delivered,0,3,2,synthetic_demo
HIST-LUMA-00406,2025-04-22T22:00:00+00:00,2025-04-24T07:27:57.306191+00:00,parcel_lost,104.52,lost,0,4,1,synthetic_demo
HIST-LUMA-00696,2025-06-21T22:00:00+00:00,2025-06-24T12:37:07.782960+00:00,parcel_lost,419.65,lost,0,3,4,synthetic_demo
HIST-LUMA-00870,2025-07-23T16:00:00+00:00,2025-07-24T03:28:25.101007+00:00,parcel_lost,158.26,lost,0,4,1,synthetic_demo
HIST-LUMA-00323,2025-05-29T11:00:00+00:00,2025-06-01T15:16:03.905388+00:00,delivery_disputed,416.63,in_transit,0,0,2,synthetic_demo
HIST-LUMA-00964,2025-01-11T14:00:00+00:00,2025-01-13T21:35:34.055945+00:00,refund_requested,299.34,delivered,0,1,1,synthetic_demo
HIST-LUMA-00981,2025-06-02T11:00:00+00:00,2025-06-04T13:20:11.957146+00:00,refund_requested,156.32,delivered,1,0,1,synthetic_demo
HIST-LUMA-01189,2025-04-29T06:00:00+00:00,2025-05-01T11:38:18.769781+00:00,refund_requested,64.96,delivered,1,4,3,synthetic_demo
HIST-LUMA-00289,2025-06-20T04:00:00+00:00,2025-06-21T20:26:23.470837+00:00,parcel_lost,29.6,lost,0,3,1,synthetic_demo
HIST-LUMA-00757,2025-01-12T03:00:00+00:00,2025-01-15T19:11:13.632258+00:00,parcel_lost,100.0,lost,0,1,2,synthetic_demo
HIST-LUMA-00873,2025-05-14T07:00:00+00:00,2025-05-16T16:27:11.964163+00:00,parcel_lost,100.76,lost,0,2,1,synthetic_demo
HIST-LUMA-00348,2025-04-20T09:00:00+00:00,2025-04-25T02:24:19.312528+00:00,delivery_disputed,35.66,lost,0,1,1,synthetic_demo
HIST-LUMA-00395,2025-07-17T11:00:00+00:00,2025-07-19T22:54:46.119409+00:00,delivery_disputed,247.37,in_transit,0,0,1,synthetic_demo
HIST-LUMA-00277,2025-06-09T21:00:00+00:00,2025-06-16T03:04:22.556560+00:00,delivery_disputed,74.92,delivered,0,2,1,synthetic_demo
HIST-LUMA-00851,2025-05-18T19:00:00+00:00,2025-05-23T11:33:41.384879+00:00,delivery_disputed,197.45,delivered,0,2,1,synthetic_demo
HIST-LUMA-00666,2025-05-18T20:00:00+00:00,2025-05-23T23:00:11.225482+00:00, PARCEL_LOST ,25.19,lost,0,0,1,synthetic_demo
HIST-LUMA-00232,2025-05-04T14:00:00+00:00,2025-05-06T03:12:11.115679+00:00,parcel_lost,81.61,lost,0,2,2,synthetic_demo
HIST-LUMA-00008,2025-02-18T04:00:00+00:00,2025-02-19T14:30:43.145445+00:00,parcel_lost,17.61,lost,0,4,1,synthetic_demo
HIST-LUMA-01090,2025-08-24T02:00:00+00:00,2025-08-24T22:15:45.292978+00:00,parcel_lost,300.49,lost,0,3,1,synthetic_demo
HIST-LUMA-00010,2025-01-26T11:00:00+00:00,2025-01-28T03:20:07.973159+00:00,delivery_disputed,290.59,delivered,0,2,1,synthetic_demo
HIST-LUMA-00342,2025-04-16T03:00:00+00:00,2025-04-20T10:07:02.159879+00:00,parcel_lost,157.94,lost,0,1,1,synthetic_demo
HIST-LUMA-00441,2025-08-05T16:00:00+00:00,2025-08-11T12:23:28.914224+00:00,parcel_lost,451.78,lost,0,3,1,synthetic_demo
HIST-LUMA-00066,2025-03-14T02:00:00+00:00,2025-03-16T05:21:27.763069+00:00,delivery_disputed,232.66,delivered,0,0,1,synthetic_demo
HIST-LUMA-00853,2025-02-18T10:00:00+00:00,2025-02-22T05:24:56.460007+00:00,delivery_disputed,35.09,delivered,0,0,3,synthetic_demo
HIST-LUMA-01103,2025-08-14T03:00:00+00:00,2025-08-20T08:45:27.123573+00:00, DELIVERY_DISPUTED ,16.98,lost,0,0,2,synthetic_demo
HIST-LUMA-00984,2025-02-18T06:00:00+00:00,2025-02-21T09:24:50.200133+00:00,parcel_lost,68.75,lost,0,2,1,synthetic_demo
HIST-LUMA-01085,2025-08-22T03:00:00+00:00,2025-08-24T02:18:33.356022+00:00,refund_requested,123.46,delivered,1,3,1,synthetic_demo
HIST-LUMA-00486,2025-08-12T12:00:00+00:00,2025-08-14T01:00:49.995619+00:00,parcel_lost,79.57,lost,0,0,1,synthetic_demo
HIST-LUMA-00349,2025-05-11T21:00:00+00:00,2025-05-12T17:45:21.525102+00:00,parcel_lost,20.48,lost,0,0,2,synthetic_demo
HIST-LUMA-00491,2025-01-23T01:00:00+00:00,2025-01-26T05:58:01.339753+00:00,delivery_disputed,160.71,delivered,0,0,1,synthetic_demo
HIST-LUMA-00561,2025-06-22T06:00:00+00:00,2025-06-28T20:23:19.349309+00:00,delivery_disputed,386.24,delivered,0,4,1,synthetic_demo
HIST-LUMA-00202,2025-07-24T22:00:00+00:00,2025-07-27T05:05:12.729488+00:00,parcel_lost,150.1,lost,0,2,1,synthetic_demo
HIST-LUMA-00844,2025-07-14T08:00:00+00:00,2025-07-19T08:47:13.393070+00:00,parcel_lost,162.74,lost,0,2,3,synthetic_demo
HIST-LUMA-00451,2025-01-07T01:00:00+00:00,2025-01-11T10:31:18.405989+00:00,parcel_lost,20.05,lost,0,0,1,synthetic_demo
HIST-LUMA-01116,2025-06-01T09:00:00+00:00,2025-06-07T09:34:47.037439+00:00,delivery_disputed,296.37,in_transit,0,3,1,synthetic_demo
HIST-LUMA-00684,2025-04-06T04:00:00+00:00,2025-04-11T21:32:35.699301+00:00,delivery_disputed,65.57,in_transit,0,4,1,synthetic_demo
HIST-LUMA-00021,2025-02-18T09:00:00+00:00,2025-02-19T20:50:03.150211+00:00,refund_requested,64.87,delivered,1,1,1,synthetic_demo
HIST-LUMA-00351,2025-03-10T22:00:00+00:00,2025-03-12T16:47:41.656332+00:00,parcel_lost,20.9,lost,0,0,1,synthetic_demo
HIST-LUMA-00242,2025-02-12T11:00:00+00:00,2025-02-16T17:30:04.298937+00:00,delivery_disputed,209.7,in_transit,0,1,1,synthetic_demo
HIST-LUMA-00050,2025-06-03T03:00:00+00:00,2025-06-04T14:46:26.459816+00:00,delivery_disputed,93.73,delivered,0,1,2,synthetic_demo
HIST-LUMA-00412,2025-03-22T05:00:00+00:00,2025-03-24T04:57:16.298260+00:00,delivery_disputed,23.3,delivered,0,0,1,synthetic_demo
HIST-LUMA-00359,2025-03-31T10:00:00+00:00,2025-04-01T23:03:00.457318+00:00,parcel_lost,256.1,lost,0,4,2,synthetic_demo
HIST-LUMA-00547,2025-06-09T03:00:00+00:00,2025-06-10T07:26:09.082258+00:00,delivery_disputed,52.6,delivered,0,1,1,synthetic_demo
HIST-LUMA-00953,2025-02-07T10:00:00+00:00,2025-02-08T23:48:52.550610+00:00,parcel_lost,250.75,lost,0,3,1,synthetic_demo
HIST-LUMA-00336,2025-07-21T05:00:00+00:00,2025-07-22T14:23:06.194617+00:00,parcel_lost,36.16,lost,0,4,2,synthetic_demo
HIST-LUMA-00808,2025-01-21T22:00:00+00:00,2025-01-23T18:20:37.162920+00:00,refund_requested,401.53,lost,1,4,1,synthetic_demo
HIST-LUMA-00959,2025-05-06T02:00:00+00:00,2025-05-11T03:47:56.395017+00:00,refund_requested,23.62,in_transit,0,4,1,synthetic_demo
HIST-LUMA-00509,2025-06-17T00:00:00+00:00,2025-06-19T04:06:34.006182+00:00,parcel_lost,21.28,in_transit,0,1,1,synthetic_demo
HIST-LUMA-01002,2025-05-09T19:00:00+00:00,2025-05-11T17:26:40.269721+00:00,parcel_lost,85.27,lost,0,1,1,synthetic_demo
HIST-LUMA-00429,2025-01-11T12:00:00+00:00,2025-01-12T13:53:02.522033+00:00,refund_requested,141.67,lost,1,1,2,synthetic_demo
HIST-LUMA-00372,2025-07-12T22:00:00+00:00,2025-07-18T17:24:22.085229+00:00,delivery_disputed,190.24,in_transit,0,1,4,synthetic_demo
HIST-LUMA-00005,2025-01-14T18:00:00+00:00,2025-01-15T07:15:49.219858+00:00,delivery_disputed,89.75,delivered,0,1,2,synthetic_demo
HIST-LUMA-00734,2025-08-11T23:00:00+00:00,2025-08-15T13:39:24.938189+00:00,refund_requested,171.78,in_transit,0,1,1,synthetic_demo
HIST-LUMA-00467,2025-02-25T10:00:00+00:00,2025-02-27T15:35:35.516453+00:00,parcel_lost,76.48,lost,0,4,1,synthetic_demo
HIST-LUMA-00803,2025-06-04T16:00:00+00:00,2025-06-05T20:11:54.515733+00:00,parcel_lost,15.07,lost,0,2,1,synthetic_demo
HIST-LUMA-00751,2025-01-07T10:00:00+00:00,2025-01-13T18:27:36.083056+00:00,delivery_disputed,122.96,in_transit,0,3,1,synthetic_demo
HIST-LUMA-00144,2025-07-16T09:00:00+00:00,2025-07-23T05:01:57.813733+00:00,parcel_lost,351.6,lost,0,3,1,synthetic_demo
HIST-LUMA-00114,2025-03-17T16:00:00+00:00,2025-03-22T09:52:40.152671+00:00,delivery_disputed,18.4,in_transit,0,0,1,synthetic_demo
HIST-LUMA-00011,2025-01-23T03:00:00+00:00,2025-01-28T00:50:42.932381+00:00,delivery_disputed,28.4,in_transit,0,0,1,synthetic_demo
HIST-LUMA-00361,2025-05-29T17:00:00+00:00,2025-05-31T02:36:05.239551+00:00,parcel_lost,50.13,lost,0,4,1,synthetic_demo
HIST-LUMA-00679,2025-05-13T09:00:00+00:00,2025-05-17T08:44:50.111678+00:00,delivery_disputed,33.05,delivered,0,0,3,synthetic_demo
HIST-LUMA-00019,2025-05-26T17:00:00+00:00,2025-05-28T11:59:11.667088+00:00,parcel_lost,368.55,lost,0,2,1,synthetic_demo
HIST-LUMA-00191,2025-03-17T15:00:00+00:00,2025-03-20T03:28:11.586170+00:00, PARCEL_LOST ,244.32,lost,0,4,1,synthetic_demo
HIST-LUMA-01144,2025-06-12T20:00:00+00:00,2025-06-19T12:03:03.949525+00:00,delivery_disputed,65.22,delivered,0,4,3,synthetic_demo
HIST-LUMA-01012,2025-03-02T12:00:00+00:00,2025-03-03T16:47:31.595356+00:00,parcel_lost,167.61,in_transit,0,2,4,synthetic_demo
HIST-LUMA-00861,2025-03-12T23:00:00+00:00,2025-03-18T04:53:57.468095+00:00,delivery_disputed,187.26,lost,0,1,3,synthetic_demo
HIST-LUMA-00478,2025-07-05T19:00:00+00:00,2025-07-07T18:29:01.287215+00:00,delivery_disputed,266.59,delivered,0,3,3,synthetic_demo
HIST-LUMA-00334,2025-04-21T22:00:00+00:00,2025-04-25T13:45:50.284463+00:00,delivery_disputed,263.3,lost,0,2,1,synthetic_demo
HIST-LUMA-00062,2025-01-29T09:00:00+00:00,2025-02-02T13:58:39.848355+00:00,delivery_disputed,115.92,delivered,0,3,1,synthetic_demo
HIST-LUMA-00186,2025-05-23T10:00:00+00:00,2025-05-28T21:49:00.943867+00:00,delivery_disputed,274.67,in_transit,0,4,1,synthetic_demo
HIST-LUMA-00337,2025-04-03T21:00:00+00:00,2025-04-09T23:52:50.262976+00:00,delivery_disputed,473.06,delivered,0,3,2,synthetic_demo
HIST-LUMA-00463,2025-05-22T17:00:00+00:00,2025-05-23T14:52:10.766529+00:00,parcel_lost,38.69,lost,0,0,1,synthetic_demo
HIST-LUMA-01013,2025-08-07T01:00:00+00:00,2025-08-13T23:42:46.677433+00:00,delivery_disputed,22.32,delivered,0,2,1,synthetic_demo
HIST-LUMA-00295,2025-05-27T10:00:00+00:00,2025-05-30T01:50:37.936790+00:00,parcel_lost,218.26,lost,0,1,1,synthetic_demo
HIST-LUMA-00099,2025-03-12T16:00:00+00:00,2025-03-16T09:18:35.652179+00:00,parcel_lost,37.34,lost,0,2,1,synthetic_demo
HIST-LUMA-00215,2025-08-21T09:00:00+00:00,2025-08-22T22:54:19.869311+00:00,refund_requested,263.9,in_transit,1,4,1,synthetic_demo
HIST-LUMA-00063,2025-03-30T09:00:00+00:00,2025-04-05T04:44:05.075605+00:00,parcel_lost,144.93,lost,0,4,1,synthetic_demo
HIST-LUMA-00475,2025-03-27T08:00:00+00:00,2025-04-01T15:46:54.558473+00:00,delivery_disputed,170.79,delivered,0,3,1,synthetic_demo
HIST-LUMA-00748,2025-05-17T13:00:00+00:00,2025-05-21T13:18:29.479525+00:00,delivery_disputed,466.81,delivered,0,3,2,synthetic_demo
HIST-LUMA-00565,2025-04-05T22:00:00+00:00,2025-04-07T12:23:13.856140+00:00,refund_requested,95.79,delivered,0,0,1,synthetic_demo
HIST-LUMA-00837,2025-03-04T13:00:00+00:00,2025-03-11T01:17:26.225354+00:00, DELIVERY_DISPUTED ,337.58,in_transit,0,1,2,synthetic_demo
HIST-LUMA-00029,2025-01-23T16:00:00+00:00,2025-01-24T15:14:41.953710+00:00,parcel_lost,348.37,lost,0,1,2,synthetic_demo
HIST-LUMA-00458,2025-07-03T13:00:00+00:00,2025-07-09T08:29:31.542704+00:00,delivery_disputed,71.79,in_transit,0,1,1,synthetic_demo
HIST-LUMA-00826,2025-02-02T06:00:00+00:00,2025-02-03T20:13:13.983791+00:00,parcel_lost,21.17,lost,0,4,1,synthetic_demo
HIST-LUMA-00078,2025-05-12T21:00:00+00:00,2025-05-16T15:55:03.780583+00:00,parcel_lost,17.92,lost,0,2,1,synthetic_demo
HIST-LUMA-01171,2025-04-26T15:00:00+00:00,2025-05-01T22:02:21.180459+00:00,delivery_disputed,89.89,delivered,0,0,1,synthetic_demo
HIST-LUMA-00312,2025-01-09T03:00:00+00:00,2025-01-09T21:00:11.361752+00:00,parcel_lost,17.3,lost,0,3,1,synthetic_demo
HIST-LUMA-00548,2025-06-23T18:00:00+00:00,2025-06-25T02:33:32.204858+00:00,delivery_disputed,231.08,delivered,0,0,1,synthetic_demo
HIST-LUMA-00022,2025-07-17T20:00:00+00:00,2025-07-24T11:08:49.637451+00:00,refund_requested,437.67,in_transit,0,2,3,synthetic_demo
HIST-LUMA-00545,2025-02-13T10:00:00+00:00,2025-02-15T10:29:46.736118+00:00,parcel_lost,95.95,lost,0,2,1,synthetic_demo
HIST-LUMA-00290,2025-06-29T23:00:00+00:00,2025-07-05T07:06:12.718878+00:00,delivery_disputed,34.6,delivered,0,3,1,synthetic_demo
HIST-LUMA-00504,2025-03-24T12:00:00+00:00,2025-03-29T20:31:01.182316+00:00,delivery_disputed,254.26,delivered,0,0,1,synthetic_demo
HIST-LUMA-00142,2025-04-05T15:00:00+00:00,2025-04-11T16:33:54.091010+00:00,delivery_disputed,116.41,in_transit,0,0,3,synthetic_demo
HIST-LUMA-01134,2025-03-28T20:00:00+00:00,2025-03-30T05:31:14.075606+00:00,parcel_lost,280.84,lost,0,0,1,synthetic_demo
HIST-LUMA-01094,2025-06-06T23:00:00+00:00,2025-06-13T12:03:18.651706+00:00,delivery_disputed,20.2,delivered,0,1,2,synthetic_demo
HIST-LUMA-00217,2025-04-06T13:00:00+00:00,2025-04-07T15:37:39.071163+00:00,parcel_lost,313.01,lost,0,2,4,synthetic_demo
HIST-LUMA-00439,2025-08-19T17:00:00+00:00,2025-08-25T10:10:17.724675+00:00,delivery_disputed,146.65,delivered,0,2,1,synthetic_demo
HIST-LUMA-01163,2025-08-07T11:00:00+00:00,2025-08-08T08:25:55.061304+00:00,delivery_disputed,26.71,delivered,0,0,2,synthetic_demo
HIST-LUMA-01115,2025-01-17T04:00:00+00:00,2025-01-18T03:06:20.484139+00:00,delivery_disputed,17.21,delivered,0,3,1,synthetic_demo
HIST-LUMA-00381,2025-05-01T02:00:00+00:00,2025-05-01T18:34:59.200268+00:00, PARCEL_LOST ,25.23,lost,0,3,1,synthetic_demo
HIST-LUMA-00338,2025-05-05T10:00:00+00:00,2025-05-09T07:26:07.651070+00:00,parcel_lost,62.17,in_transit,0,3,1,synthetic_demo
HIST-LUMA-00017,2025-01-24T02:00:00+00:00,2025-01-26T00:30:45.863382+00:00,parcel_lost,35.08,lost,0,4,3,synthetic_demo
HIST-LUMA-00434,2025-03-19T09:00:00+00:00,2025-03-26T07:47:27.735168+00:00,delivery_disputed,87.43,delivered,0,1,3,synthetic_demo
HIST-LUMA-00016,2025-06-06T15:00:00+00:00,2025-06-12T14:23:13.441196+00:00,delivery_disputed,64.64,delivered,0,3,1,synthetic_demo
HIST-LUMA-00240,2025-01-21T17:00:00+00:00,2025-01-28T06:24:57.856480+00:00,delivery_disputed,43.67,in_transit,0,2,4,synthetic_demo
HIST-LUMA-00158,2025-02-04T18:00:00+00:00,2025-02-10T22:15:16.658412+00:00,parcel_lost,31.56,lost,0,2,1,synthetic_demo
HIST-LUMA-00196,2025-02-24T10:00:00+00:00,2025-02-28T20:28:05.853834+00:00,delivery_disputed,38.08,delivered,0,1,3,synthetic_demo
HIST-LUMA-00449,2025-01-10T04:00:00+00:00,2025-01-10T21:08:52.444483+00:00,refund_requested,61.1,in_transit,1,3,1,synthetic_demo
HIST-LUMA-00845,2025-06-16T14:00:00+00:00,2025-06-17T15:43:57.136666+00:00,refund_requested,135.03,in_transit,1,3,1,synthetic_demo
HIST-LUMA-00344,2025-03-16T17:00:00+00:00,2025-03-19T07:14:06.865248+00:00,parcel_lost,365.68,lost,0,4,1,synthetic_demo
HIST-LUMA-00643,2025-01-11T01:00:00+00:00,2025-01-12T04:18:59.235388+00:00,parcel_lost,111.02,lost,0,0,2,synthetic_demo
HIST-LUMA-00876,2025-07-13T04:00:00+00:00,2025-07-19T03:17:17.733656+00:00,delivery_disputed,21.07,delivered,0,4,1,synthetic_demo
HIST-LUMA-00226,2025-06-18T05:00:00+00:00,2025-06-23T18:00:28.541385+00:00,parcel_lost,30.69,lost,0,3,1,synthetic_demo
HIST-LUMA-00742,2025-04-02T07:00:00+00:00,2025-04-02T19:32:33.343672+00:00, PARCEL_LOST ,22.57,lost,0,2,1,synthetic_demo
HIST-LUMA-00911,2025-03-20T15:00:00+00:00,2025-03-24T05:03:13.741217+00:00,delivery_disputed,123.95,in_transit,0,2,1,synthetic_demo
HIST-LUMA-00004,2025-05-02T19:00:00+00:00,2025-05-06T11:06:02.153807+00:00,delivery_disputed,69.22,delivered,0,2,1,synthetic_demo
HIST-LUMA-00369,2025-05-19T08:00:00+00:00,2025-05-21T05:29:15.022101+00:00,parcel_lost,23.82,lost,0,3,1,synthetic_demo
HIST-LUMA-00051,2025-01-19T07:00:00+00:00,2025-01-20T22:56:15.976235+00:00,parcel_lost,276.04,in_transit,0,1,3,synthetic_demo
HIST-LUMA-00355,2025-01-11T01:00:00+00:00,2025-01-16T07:02:07.420369+00:00,parcel_lost,209.48,lost,0,3,1,synthetic_demo
HIST-LUMA-01096,2025-07-10T06:00:00+00:00,2025-07-11T21:41:38.873371+00:00,parcel_lost,25.54,lost,0,2,1,synthetic_demo
HIST-LUMA-00520,2025-07-10T13:00:00+00:00,2025-07-13T05:19:10.251480+00:00,refund_requested,126.45,delivered,1,0,1,synthetic_demo
HIST-LUMA-00996,2025-01-11T09:00:00+00:00,2025-01-12T18:05:25.103789+00:00,parcel_lost,49.04,in_transit,0,3,2,synthetic_demo
HIST-LUMA-00081,2025-04-29T17:00:00+00:00,2025-05-02T03:24:43.895354+00:00,parcel_lost,209.92,lost,0,0,2,synthetic_demo
HIST-LUMA-00069,2025-03-06T01:00:00+00:00,2025-03-08T03:02:41.140640+00:00,parcel_lost,24.63,lost,0,2,2,synthetic_demo
HIST-LUMA-INVALID-01,2025-04-21T00:00:00+00:00,2025-04-21T00:00:00+00:00,delivery_disputed,432.57,delivered,0,4,1,synthetic_demo
HIST-LUMA-00091,2025-04-20T01:00:00+00:00,2025-04-26T12:53:07.037550+00:00,delivery_disputed,41.99,in_transit,0,4,1,synthetic_demo
HIST-LUMA-00960,2025-07-11T13:00:00+00:00,2025-07-12T03:58:38.794612+00:00,parcel_lost,20.39,in_transit,0,2,1,synthetic_demo
HIST-LUMA-01140,2025-07-29T10:00:00+00:00,2025-08-04T06:35:11.173499+00:00,parcel_lost,454.16,lost,0,4,1,synthetic_demo
HIST-LUMA-00115,2025-05-31T01:00:00+00:00,2025-06-02T09:26:30.223518+00:00, PARCEL_LOST ,126.14,lost,0,2,1,synthetic_demo
HIST-LUMA-00341,2025-05-11T09:00:00+00:00,2025-05-15T09:08:53.282578+00:00,refund_requested,129.06,delivered,0,0,1,synthetic_demo
HIST-LUMA-00184,2025-03-22T08:00:00+00:00,2025-03-23T08:36:46.313433+00:00,delivery_disputed,15.24,delivered,0,2,1,synthetic_demo
HIST-LUMA-01066,2025-03-17T12:00:00+00:00,2025-03-19T12:38:06.183200+00:00,refund_requested,355.9,lost,1,4,1,synthetic_demo
HIST-LUMA-01077,2025-08-07T09:00:00+00:00,2025-08-09T21:08:56.584079+00:00,parcel_lost,101.36,lost,0,4,2,synthetic_demo
HIST-LUMA-00089,2025-03-12T23:00:00+00:00,2025-03-18T06:34:30.019173+00:00,parcel_lost,21.72,in_transit,0,0,1,synthetic_demo
HIST-LUMA-00139,2025-06-20T08:00:00+00:00,2025-06-22T12:58:55.000941+00:00,delivery_disputed,21.8,delivered,0,0,4,synthetic_demo
HIST-LUMA-00922,2025-08-14T02:00:00+00:00,2025-08-15T05:04:26.953902+00:00,parcel_lost,382.81,lost,0,2,1,synthetic_demo
HIST-LUMA-00800,2025-08-26T10:00:00+00:00,2025-08-26T23:51:18.373612+00:00,refund_requested,184.57,lost,0,1,1,synthetic_demo
HIST-LUMA-01104,2025-04-02T10:00:00+00:00,2025-04-07T17:44:01.783410+00:00,delivery_disputed,380.36,delivered,0,1,1,synthetic_demo
HIST-LUMA-00075,2025-05-17T19:00:00+00:00,2025-05-18T04:43:01.114547+00:00,parcel_lost,100.87,lost,0,2,1,synthetic_demo
HIST-LUMA-00450,2025-04-24T20:00:00+00:00,2025-04-26T22:24:15.852349+00:00,refund_requested,21.02,delivered,1,3,1,synthetic_demo
HIST-LUMA-00902,2025-06-11T10:00:00+00:00,2025-06-11T22:31:57.589206+00:00,parcel_lost,67.06,lost,0,4,1,synthetic_demo
HIST-LUMA-00855,2025-01-24T00:00:00+00:00,2025-01-24T08:14:35.714450+00:00,refund_requested,29.43,delivered,1,4,2,synthetic_demo
HIST-LUMA-00947,2025-01-17T12:00:00+00:00,2025-01-19T11:37:32.122575+00:00,parcel_lost,245.62,lost,0,1,3,synthetic_demo
HIST-LUMA-01064,2025-07-25T00:00:00+00:00,2025-07-26T10:54:52.845922+00:00,refund_requested,127.18,delivered,1,3,1,synthetic_demo
HIST-LUMA-00585,2025-01-08T04:00:00+00:00,2025-01-12T12:30:15.333634+00:00,delivery_disputed,106.32,delivered,0,1,2,synthetic_demo
HIST-LUMA-01031,2025-06-01T19:00:00+00:00,2025-06-03T16:00:49.034813+00:00,delivery_disputed,219.03,delivered,0,2,1,synthetic_demo
HIST-LUMA-01166,2025-06-13T09:00:00+00:00,2025-06-16T00:30:53.946527+00:00,parcel_lost,31.55,lost,0,1,1,synthetic_demo
HIST-LUMA-01001,2025-02-18T03:00:00+00:00,2025-02-19T18:34:39.904446+00:00,refund_requested,45.06,delivered,0,3,2,synthetic_demo
HIST-LUMA-00592,2025-02-05T11:00:00+00:00,2025-02-11T01:02:25.567935+00:00,delivery_disputed,437.4,delivered,0,2,1,synthetic_demo
HIST-LUMA-00834,2025-05-24T18:00:00+00:00,2025-05-31T06:30:24.549921+00:00,parcel_lost,50.72,in_transit,0,2,3,synthetic_demo
HIST-LUMA-00027,2025-06-30T20:00:00+00:00,2025-07-03T10:40:02.601457+00:00,parcel_lost,389.12,in_transit,0,1,2,synthetic_demo
HIST-LUMA-00286,2025-04-08T07:00:00+00:00,2025-04-12T07:20:27.100004+00:00, DELIVERY_DISPUTED ,74.14,in_transit,0,0,3,synthetic_demo
HIST-LUMA-00380,2025-05-30T13:00:00+00:00,2025-06-01T04:12:23.989081+00:00,parcel_lost,70.4,lost,0,1,1,synthetic_demo
HIST-LUMA-01046,2025-04-22T18:00:00+00:00,2025-04-23T02:05:54.386716+00:00, DELIVERY_DISPUTED ,38.95,delivered,0,4,1,synthetic_demo
HIST-LUMA-00893,2025-05-20T02:00:00+00:00,2025-05-22T04:56:36.154695+00:00,parcel_lost,25.09,in_transit,0,3,1,synthetic_demo
HIST-LUMA-01055,2025-04-25T11:00:00+00:00,2025-04-26T18:31:51.253464+00:00,parcel_lost,271.13,lost,0,2,1,synthetic_demo
HIST-LUMA-00391,2025-05-04T09:00:00+00:00,2025-05-05T18:23:22.016945+00:00,parcel_lost,68.07,lost,0,0,1,synthetic_demo
HIST-LUMA-00843,2025-07-01T14:00:00+00:00,2025-07-03T13:38:41.582431+00:00,parcel_lost,45.16,in_transit,0,3,1,synthetic_demo
HIST-LUMA-01105,2025-01-08T15:00:00+00:00,2025-01-10T16:03:29.251129+00:00,delivery_disputed,21.75,in_transit,0,4,1,synthetic_demo
HIST-LUMA-00459,2025-08-16T03:00:00+00:00,2025-08-21T00:27:31.880811+00:00,delivery_disputed,232.19,in_transit,0,2,2,synthetic_demo
HIST-LUMA-00135,2025-03-30T09:00:00+00:00,2025-04-04T04:18:52.564916+00:00,parcel_lost,39.37,in_transit,0,3,2,synthetic_demo
HIST-LUMA-INVALID-06,2025-08-20T16:00:00+00:00,,delivery_disputed,37.74,delivered,0,2,1,synthetic_demo
HIST-LUMA-00001,2025-01-11T23:00:00+00:00,2025-01-13T22:49:06.652780+00:00, PARCEL_LOST ,159.42,lost,0,4,1,synthetic_demo
HIST-LUMA-00387,2025-01-26T02:00:00+00:00,2025-01-28T05:26:47.307460+00:00,parcel_lost,143.32,lost,0,3,1,synthetic_demo
HIST-LUMA-00047,2025-04-07T00:00:00+00:00,2025-04-07T11:48:22.810105+00:00,refund_requested,70.1,delivered,1,1,1,synthetic_demo
HIST-LUMA-00969,2025-01-11T16:00:00+00:00,2025-01-16T08:51:25.077888+00:00,delivery_disputed,93.31,in_transit,0,3,3,synthetic_demo
HIST-LUMA-00288,2025-04-05T15:00:00+00:00,2025-04-11T05:18:33.945683+00:00,delivery_disputed,40.95,delivered,0,1,3,synthetic_demo
HIST-LUMA-00667,2025-02-22T19:00:00+00:00,2025-02-26T10:19:39.397673+00:00,delivery_disputed,395.48,in_transit,0,2,1,synthetic_demo
HIST-LUMA-00109,2025-07-03T14:00:00+00:00,2025-07-06T03:25:11.287595+00:00,refund_requested,109.93,delivered,1,1,1,synthetic_demo
HIST-LUMA-00942,2025-02-11T15:00:00+00:00,2025-02-13T19:18:11.072755+00:00,parcel_lost,57.25,lost,0,0,1,synthetic_demo
HIST-LUMA-01182,2025-03-01T00:00:00+00:00,2025-03-03T09:50:47.796763+00:00,refund_requested,128.15,in_transit,1,3,2,synthetic_demo
HIST-LUMA-00687,2025-06-08T05:00:00+00:00,2025-06-09T01:59:15.287402+00:00,parcel_lost,158.15,lost,0,0,3,synthetic_demo
HIST-LUMA-00148,2025-02-11T02:00:00+00:00,2025-02-17T02:53:22.350083+00:00,delivery_disputed,97.39,delivered,0,4,1,synthetic_demo
HIST-LUMA-00044,2025-07-23T15:00:00+00:00,2025-07-27T14:24:09.217510+00:00,delivery_disputed,31.98,delivered,0,3,3,synthetic_demo
HIST-LUMA-00976,2025-01-29T06:00:00+00:00,2025-02-03T18:28:46.249608+00:00,delivery_disputed,56.27,delivered,0,3,1,synthetic_demo
HIST-LUMA-00714,2025-06-15T15:00:00+00:00,2025-06-20T09:12:21.618605+00:00,delivery_disputed,15.62,delivered,0,2,1,synthetic_demo
HIST-LUMA-00971,2025-06-21T01:00:00+00:00,2025-06-22T00:55:02.604735+00:00,parcel_lost,364.03,lost,0,3,1,synthetic_demo
HIST-LUMA-00650,2025-04-29T10:00:00+00:00,2025-04-29T23:14:39.212264+00:00,refund_requested,333.79,delivered,1,3,1,synthetic_demo
HIST-LUMA-00887,2025-06-06T10:00:00+00:00,2025-06-07T03:26:19.371476+00:00,refund_requested,63.03,lost,1,1,1,synthetic_demo
HIST-LUMA-00034,2025-08-18T13:00:00+00:00,2025-08-19T18:27:16.691868+00:00,parcel_lost,35.67,lost,0,4,1,synthetic_demo
HIST-LUMA-00661,2025-03-02T18:00:00+00:00,2025-03-03T10:52:41.116847+00:00,parcel_lost,52.18,lost,0,0,1,synthetic_demo
HIST-LUMA-00702,2025-07-06T00:00:00+00:00,2025-07-12T07:29:10.803425+00:00,delivery_disputed,85.32,delivered,0,4,1,synthetic_demo
HIST-LUMA-00899,2025-02-26T23:00:00+00:00,2025-03-01T10:38:17.908668+00:00,refund_requested,450.23,in_transit,1,3,1,synthetic_demo
HIST-LUMA-01148,2025-07-03T16:00:00+00:00,2025-07-05T17:47:42.305421+00:00,refund_requested,44.35,delivered,1,1,1,synthetic_demo
HIST-LUMA-00398,2025-04-21T11:00:00+00:00,2025-04-28T06:20:57.893266+00:00,delivery_disputed,35.62,lost,0,1,3,synthetic_demo
HIST-LUMA-00776,2025-06-09T19:00:00+00:00,2025-06-11T20:01:31.805908+00:00,parcel_lost,17.66,lost,0,1,3,synthetic_demo
HIST-LUMA-00364,2025-06-08T23:00:00+00:00,2025-06-12T12:02:59.296346+00:00,delivery_disputed,58.32,lost,0,2,3,synthetic_demo
HIST-LUMA-01180,2025-03-27T15:00:00+00:00,2025-03-27T23:19:32.523633+00:00,parcel_lost,367.61,in_transit,0,4,2,synthetic_demo
HIST-LUMA-01126,2025-01-21T14:00:00+00:00,2025-01-24T01:30:10.592396+00:00,parcel_lost,448.7,lost,0,3,1,synthetic_demo
HIST-LUMA-00220,2025-04-08T13:00:00+00:00,2025-04-11T02:36:40.359577+00:00,refund_requested,36.86,delivered,1,3,4,synthetic_demo
HIST-LUMA-01183,2025-08-20T19:00:00+00:00,2025-08-21T01:45:32.908139+00:00,refund_requested,30.57,in_transit,1,4,1,synthetic_demo
HIST-LUMA-00120,2025-03-12T12:00:00+00:00,2025-03-18T01:25:42.981404+00:00,delivery_disputed,94.36,delivered,0,4,4,synthetic_demo
HIST-LUMA-00830,2025-01-03T14:00:00+00:00,2025-01-06T18:50:25.778428+00:00,delivery_disputed,116.5,in_transit,0,4,1,synthetic_demo
HIST-LUMA-00241,2025-05-02T16:00:00+00:00,2025-05-03T13:08:25.857534+00:00,refund_requested,19.3,delivered,1,1,4,synthetic_demo
HIST-LUMA-01065,2025-07-03T22:00:00+00:00,2025-07-07T06:26:17.630868+00:00, DELIVERY_DISPUTED ,112.87,in_transit,0,4,1,synthetic_demo
HIST-LUMA-01161,2025-03-26T06:00:00+00:00,2025-03-26T14:27:23.051443+00:00,refund_requested,232.25,delivered,1,3,1,synthetic_demo
HIST-LUMA-00252,2025-07-23T15:00:00+00:00,2025-07-24T14:58:18.565027+00:00,parcel_lost,17.75,lost,0,3,4,synthetic_demo
HIST-LUMA-00218,2025-02-03T23:00:00+00:00,2025-02-05T08:17:57.186341+00:00,refund_requested,471.69,lost,1,2,1,synthetic_demo
HIST-LUMA-01135,2025-05-10T16:00:00+00:00,2025-05-15T00:50:26.242993+00:00,delivery_disputed,15.28,delivered,0,0,1,synthetic_demo
HIST-LUMA-00092,2025-01-18T15:00:00+00:00,2025-01-19T19:36:05.382572+00:00,delivery_disputed,39.42,delivered,0,3,1,synthetic_demo
HIST-LUMA-00854,2025-07-31T19:00:00+00:00,2025-08-02T21:57:26.409982+00:00,parcel_lost,162.46,lost,0,1,3,synthetic_demo
HIST-LUMA-00374,2025-03-17T07:00:00+00:00,2025-03-20T17:58:52.628266+00:00,delivery_disputed,319.03,delivered,0,3,2,synthetic_demo
HIST-LUMA-00965,2025-04-15T12:00:00+00:00,2025-04-17T06:15:49.545678+00:00,refund_requested,31.91,delivered,1,3,1,synthetic_demo
HIST-LUMA-00402,2025-08-07T02:00:00+00:00,2025-08-10T22:09:54.312162+00:00,parcel_lost,53.81,lost,0,1,1,synthetic_demo
HIST-LUMA-00833,2025-06-18T02:00:00+00:00,2025-06-19T19:14:32.390942+00:00,delivery_disputed,63.17,in_transit,0,2,3,synthetic_demo
HIST-LUMA-00057,2025-02-23T12:00:00+00:00,2025-02-25T20:08:59.642611+00:00,parcel_lost,42.89,lost,0,4,1,synthetic_demo
HIST-LUMA-00760,2025-02-27T23:00:00+00:00,2025-03-01T16:28:21.636583+00:00,refund_requested,46.52,in_transit,1,1,1,synthetic_demo
HIST-LUMA-00505,2025-03-30T07:00:00+00:00,2025-03-31T19:57:51.572106+00:00,parcel_lost,350.45,lost,0,2,1,synthetic_demo
HIST-LUMA-00631,2025-06-15T13:00:00+00:00,2025-06-20T10:37:07.963444+00:00,delivery_disputed,356.25,delivered,0,1,4,synthetic_demo
HIST-LUMA-00462,2025-01-03T20:00:00+00:00,2025-01-04T02:27:30.198750+00:00,parcel_lost,59.85,lost,0,3,1,synthetic_demo
HIST-LUMA-00146,2025-07-24T15:00:00+00:00,2025-07-30T20:20:15.429860+00:00,delivery_disputed,214.52,delivered,0,0,1,synthetic_demo
HIST-LUMA-01043,2025-04-08T01:00:00+00:00,2025-04-09T01:10:22.339665+00:00,parcel_lost,92.82,lost,0,2,1,synthetic_demo
HIST-LUMA-00168,2025-02-14T07:00:00+00:00,2025-02-14T21:51:21.586012+00:00,parcel_lost,98.35,lost,0,3,1,synthetic_demo
HIST-LUMA-00071,2025-07-09T17:00:00+00:00,2025-07-11T05:10:47.801016+00:00,refund_requested,52.93,delivered,1,4,1,synthetic_demo
HIST-LUMA-01142,2025-06-13T21:00:00+00:00,2025-06-15T04:26:07.495327+00:00,refund_requested,35.21,lost,1,0,1,synthetic_demo
HIST-LUMA-00892,2025-03-02T20:00:00+00:00,2025-03-04T06:49:23.491777+00:00,parcel_lost,107.73,lost,0,4,3,synthetic_demo
HIST-LUMA-00474,2025-01-25T20:00:00+00:00,2025-01-30T00:52:17.633322+00:00,delivery_disputed,49.51,in_transit,0,4,2,synthetic_demo
HIST-LUMA-00432,2025-02-09T06:00:00+00:00,2025-02-12T10:42:30.746265+00:00,parcel_lost,93.05,in_transit,0,2,1,synthetic_demo
HIST-LUMA-00906,2025-02-20T11:00:00+00:00,2025-02-21T12:30:21.525098+00:00,delivery_disputed,65.98,delivered,0,1,2,synthetic_demo
HIST-LUMA-00789,2025-05-25T20:00:00+00:00,2025-05-27T16:28:18.952406+00:00,refund_requested,186.92,delivered,1,0,1,synthetic_demo
HIST-LUMA-00674,2025-05-04T10:00:00+00:00,2025-05-06T21:59:55.566519+00:00,delivery_disputed,15.75,lost,0,1,2,synthetic_demo
HIST-LUMA-00722,2025-08-07T16:00:00+00:00,2025-08-13T02:21:00.767780+00:00,delivery_disputed,29.62,lost,0,3,2,synthetic_demo
HIST-LUMA-00982,2025-05-22T03:00:00+00:00,2025-05-28T12:32:37.636517+00:00,delivery_disputed,397.41,delivered,0,1,1,synthetic_demo
HIST-LUMA-00187,2025-05-27T03:00:00+00:00,2025-05-29T19:58:33.427236+00:00,parcel_lost,301.39,lost,0,2,1,synthetic_demo
HIST-LUMA-00550,2025-06-13T02:00:00+00:00,2025-06-15T02:58:41.695913+00:00,refund_requested,33.66,in_transit,1,3,1,synthetic_demo
HIST-LUMA-01127,2025-02-05T12:00:00+00:00,2025-02-09T03:53:07.216345+00:00,delivery_disputed,26.66,in_transit,0,2,2,synthetic_demo
HIST-LUMA-00913,2025-02-22T02:00:00+00:00,2025-02-26T03:24:29.382950+00:00, DELIVERY_DISPUTED ,290.96,in_transit,0,1,1,synthetic_demo
HIST-LUMA-00243,2025-06-12T07:00:00+00:00,2025-06-15T15:17:22.462703+00:00,delivery_disputed,107.65,delivered,0,0,1,synthetic_demo
HIST-LUMA-00490,2025-02-02T05:00:00+00:00,2025-02-07T19:36:24.873579+00:00,delivery_disputed,38.26,delivered,0,2,2,synthetic_demo
HIST-LUMA-00814,2025-05-04T22:00:00+00:00,2025-05-07T00:22:08.676177+00:00,parcel_lost,81.19,in_transit,0,3,1,synthetic_demo
HIST-LUMA-00257,2025-05-13T15:00:00+00:00,2025-05-17T16:36:06.991480+00:00,delivery_disputed,74.34,delivered,0,3,1,synthetic_demo
HIST-LUMA-01195,2025-07-30T13:00:00+00:00,2025-08-03T00:09:52.621353+00:00,refund_requested,158.17,delivered,0,2,1,synthetic_demo
HIST-LUMA-00367,2025-01-03T15:00:00+00:00,2025-01-08T19:33:02.104371+00:00,parcel_lost,453.37,lost,0,0,1,synthetic_demo
HIST-LUMA-01054,2025-05-04T10:00:00+00:00,2025-05-10T20:46:45.369153+00:00,refund_requested,310.52,in_transit,0,3,1,synthetic_demo
HIST-LUMA-01051,2025-07-23T01:00:00+00:00,2025-07-24T15:23:34.626764+00:00,delivery_disputed,165.47,delivered,0,2,1,synthetic_demo
HIST-LUMA-01177,2025-05-21T22:00:00+00:00,2025-05-23T09:41:10.864183+00:00,refund_requested,135.61,delivered,1,2,2,synthetic_demo
HIST-LUMA-00479,2025-04-14T04:00:00+00:00,2025-04-17T13:25:55.951055+00:00,delivery_disputed,19.5,delivered,0,1,1,synthetic_demo
HIST-LUMA-00119,2025-04-12T23:00:00+00:00,2025-04-16T18:18:19.214486+00:00,delivery_disputed,431.02,delivered,0,1,1,synthetic_demo
HIST-LUMA-00452,2025-04-08T18:00:00+00:00,2025-04-10T21:59:22.407444+00:00,parcel_lost,401.25,lost,0,2,1,synthetic_demo
HIST-LUMA-00448,2025-07-02T14:00:00+00:00,2025-07-07T13:54:25.937584+00:00,delivery_disputed,394.6,lost,0,1,1,synthetic_demo
HIST-LUMA-00774,2025-04-22T20:00:00+00:00,2025-04-27T05:50:36.555996+00:00,delivery_disputed,381.82,delivered,0,1,1,synthetic_demo
HIST-LUMA-00894,2025-07-07T18:00:00+00:00,2025-07-08T01:05:00.768027+00:00, DELIVERY_DISPUTED ,20.86,delivered,0,4,1,synthetic_demo
HIST-LUMA-00780,2025-04-19T19:00:00+00:00,2025-04-22T04:26:03.411250+00:00, DELIVERY_DISPUTED ,337.26,delivered,0,4,2,synthetic_demo
HIST-LUMA-00790,2025-01-24T08:00:00+00:00,2025-01-28T08:33:53.899823+00:00,delivery_disputed,347.86,delivered,0,1,2,synthetic_demo
HIST-LUMA-00753,2025-04-29T06:00:00+00:00,2025-05-03T14:49:51.402496+00:00,delivery_disputed,461.34,delivered,0,2,1,synthetic_demo
HIST-LUMA-01172,2025-05-20T11:00:00+00:00,2025-05-26T12:31:15.094203+00:00,parcel_lost,492.66,in_transit,0,2,3,synthetic_demo
HIST-LUMA-01097,2025-08-01T04:00:00+00:00,2025-08-06T19:05:23.845343+00:00,parcel_lost,277.48,in_transit,0,2,1,synthetic_demo
HIST-LUMA-00710,2025-02-14T14:00:00+00:00,2025-02-19T15:15:08.051700+00:00,delivery_disputed,75.38,delivered,0,4,3,synthetic_demo
HIST-LUMA-00576,2025-01-02T13:00:00+00:00,2025-01-08T21:21:29.974132+00:00,parcel_lost,66.51,lost,0,1,1,synthetic_demo
HIST-LUMA-00435,2025-01-30T00:00:00+00:00,2025-01-30T16:45:00.985163+00:00,refund_requested,258.66,in_transit,1,0,3,synthetic_demo
HIST-LUMA-00819,2025-05-31T21:00:00+00:00,2025-06-01T04:06:07.823532+00:00,refund_requested,20.36,in_transit,1,0,1,synthetic_demo
HIST-LUMA-01010,2025-04-19T18:00:00+00:00,2025-04-21T12:24:36.536347+00:00,refund_requested,51.49,in_transit,1,2,1,synthetic_demo
HIST-LUMA-00125,2025-02-21T18:00:00+00:00,2025-02-24T05:14:00.225717+00:00,refund_requested,94.34,in_transit,1,3,1,synthetic_demo
HIST-LUMA-00023,2025-01-29T09:00:00+00:00,2025-01-31T08:51:42.550282+00:00,delivery_disputed,56.77,delivered,0,0,1,synthetic_demo
HIST-LUMA-00930,2025-05-26T18:00:00+00:00,2025-05-27T04:26:51.989885+00:00,parcel_lost,80.94,lost,0,4,1,synthetic_demo
HIST-LUMA-01068,2025-04-27T08:00:00+00:00,2025-05-03T21:42:08.939547+00:00,delivery_disputed,420.0,delivered,0,4,2,synthetic_demo
HIST-LUMA-00974,2025-07-11T20:00:00+00:00,2025-07-12T14:15:15.363648+00:00,parcel_lost,25.67,lost,0,1,2,synthetic_demo
HIST-LUMA-00797,2025-08-20T08:00:00+00:00,2025-08-20T22:12:38.989117+00:00,parcel_lost,29.34,in_transit,0,3,1,synthetic_demo
HIST-LUMA-00865,2025-07-02T03:00:00+00:00,2025-07-08T01:35:14.697192+00:00,delivery_disputed,112.57,delivered,0,0,1,synthetic_demo
HIST-LUMA-01106,2025-01-23T00:00:00+00:00,2025-01-25T02:05:37.274903+00:00,parcel_lost,72.53,lost,0,2,4,synthetic_demo
HIST-LUMA-00659,2025-02-09T05:00:00+00:00,2025-02-10T05:37:41.968697+00:00,parcel_lost,33.39,lost,0,0,1,synthetic_demo
HIST-LUMA-00236,2025-05-13T07:00:00+00:00,2025-05-19T18:15:53.695151+00:00,delivery_disputed,178.71,delivered,0,1,1,synthetic_demo
HIST-LUMA-00022,2025-07-17T20:00:00+00:00,2025-07-24T11:08:49.637451+00:00,refund_requested,437.67,in_transit,0,2,3,synthetic_demo
HIST-LUMA-01084,2025-05-10T08:00:00+00:00,2025-05-11T22:57:57.668836+00:00, REFUND_REQUESTED ,290.66,delivered,1,0,1,synthetic_demo
HIST-LUMA-00444,2025-01-12T06:00:00+00:00,2025-01-14T03:19:13.608176+00:00,parcel_lost,96.23,in_transit,0,2,2,synthetic_demo
HIST-LUMA-01200,2025-06-04T02:00:00+00:00,2025-06-10T21:03:40.349714+00:00,delivery_disputed,50.16,delivered,0,1,1,synthetic_demo
HIST-LUMA-00526,2025-07-29T10:00:00+00:00,2025-08-05T08:55:06.084852+00:00,delivery_disputed,109.53,in_transit,0,1,1,synthetic_demo
HIST-LUMA-00529,2025-05-30T05:00:00+00:00,2025-06-05T15:28:20.084598+00:00,parcel_lost,441.5,lost,0,2,1,synthetic_demo
HIST-LUMA-00230,2025-04-16T17:00:00+00:00,2025-04-18T03:01:44.486734+00:00,delivery_disputed,89.02,delivered,0,3,1,synthetic_demo
HIST-LUMA-00392,2025-01-04T23:00:00+00:00,2025-01-05T22:59:52.509093+00:00,refund_requested,16.01,delivered,1,4,1,synthetic_demo
HIST-LUMA-00554,2025-08-18T06:00:00+00:00,2025-08-24T13:08:46.724285+00:00,delivery_disputed,44.85,in_transit,0,0,1,synthetic_demo
HIST-LUMA-00675,2025-04-02T13:00:00+00:00,2025-04-04T04:08:32.786142+00:00,delivery_disputed,20.62,in_transit,0,4,1,synthetic_demo
HIST-LUMA-00204,2025-01-30T02:00:00+00:00,2025-02-05T22:57:26.849798+00:00,delivery_disputed,16.34,delivered,0,2,1,synthetic_demo
HIST-LUMA-00111,2025-02-28T20:00:00+00:00,2025-03-01T10:41:22.450679+00:00,parcel_lost,15.39,lost,0,4,1,synthetic_demo
HIST-LUMA-00213,2025-04-12T05:00:00+00:00,2025-04-14T09:33:39.566775+00:00,parcel_lost,43.19,lost,0,2,2,synthetic_demo
HIST-LUMA-00461,2025-05-06T00:00:00+00:00,2025-05-07T05:48:32.978236+00:00,parcel_lost,16.17,lost,0,3,1,synthetic_demo
HIST-LUMA-00986,2025-08-24T23:00:00+00:00,2025-08-27T14:22:42.211037+00:00,refund_requested,178.08,delivered,1,0,1,synthetic_demo
HIST-LUMA-00411,2025-01-12T23:00:00+00:00,2025-01-16T16:19:09.089363+00:00,delivery_disputed,19.98,in_transit,0,3,1,synthetic_demo
HIST-LUMA-00560,2025-01-09T01:00:00+00:00,2025-01-16T00:57:38.396217+00:00,parcel_lost,72.88,lost,0,1,1,synthetic_demo
HIST-LUMA-00347,2025-06-20T11:00:00+00:00,2025-06-21T22:56:47.898172+00:00,delivery_disputed,29.59,delivered,0,4,1,synthetic_demo
HIST-LUMA-00084,2025-05-16T02:00:00+00:00,2025-05-16T22:13:24.225911+00:00,parcel_lost,16.93,lost,0,3,2,synthetic_demo
HIST-LUMA-00958,2025-03-10T18:00:00+00:00,2025-03-12T14:10:14.875978+00:00,parcel_lost,474.35,lost,0,0,1,synthetic_demo
HIST-LUMA-00692,2025-07-30T01:00:00+00:00,2025-07-31T18:02:24.455682+00:00,parcel_lost,19.86,lost,0,0,2,synthetic_demo
HIST-LUMA-00188,2025-06-28T17:00:00+00:00,2025-06-30T23:48:54.339248+00:00,parcel_lost,48.91,lost,0,2,1,synthetic_demo
HIST-LUMA-00446,2025-04-02T05:00:00+00:00,2025-04-04T17:14:38.095741+00:00,delivery_disputed,38.23,delivered,0,4,2,synthetic_demo
HIST-LUMA-01145,2025-01-30T11:00:00+00:00,2025-02-02T21:52:34.688994+00:00,delivery_disputed,139.01,lost,0,1,1,synthetic_demo
HIST-LUMA-00052,2025-08-10T22:00:00+00:00,2025-08-16T08:53:04.151360+00:00,delivery_disputed,192.89,delivered,0,1,1,synthetic_demo
HIST-LUMA-00156,2025-02-22T18:00:00+00:00,2025-03-01T03:49:41.540086+00:00,delivery_disputed,301.77,delivered,0,1,2,synthetic_demo
HIST-LUMA-00485,2025-02-09T10:00:00+00:00,2025-02-11T10:02:36.142949+00:00,delivery_disputed,24.09,delivered,0,0,1,synthetic_demo
HIST-LUMA-00274,2025-01-17T03:00:00+00:00,2025-01-22T01:55:14.651648+00:00,delivery_disputed,301.75,delivered,0,3,1,synthetic_demo
HIST-LUMA-00108,2025-04-12T12:00:00+00:00,2025-04-13T08:48:12.134795+00:00,refund_requested,29.89,lost,0,4,1,synthetic_demo
HIST-LUMA-00920,2025-07-17T21:00:00+00:00,2025-07-20T10:43:36.710596+00:00,parcel_lost,50.91,in_transit,0,1,1,synthetic_demo
HIST-LUMA-00311,2025-03-05T19:00:00+00:00,2025-03-08T08:49:29.355040+00:00,parcel_lost,300.15,lost,0,3,3,synthetic_demo
HIST-LUMA-00623,2025-06-05T19:00:00+00:00,2025-06-07T05:21:55.537081+00:00,delivery_disputed,61.6,delivered,0,1,2,synthetic_demo
HIST-LUMA-00174,2025-08-11T08:00:00+00:00,2025-08-13T21:23:25.257259+00:00,parcel_lost,18.13,lost,0,3,1,synthetic_demo
HIST-LUMA-01028,2025-07-20T10:00:00+00:00,2025-07-25T23:51:07.988998+00:00,delivery_disputed,151.38,in_transit,0,1,1,synthetic_demo
HIST-LUMA-00366,2025-08-03T03:00:00+00:00,2025-08-07T04:54:38.957304+00:00,parcel_lost,376.37,lost,0,4,3,synthetic_demo
HIST-LUMA-01192,2025-03-25T08:00:00+00:00,2025-03-27T19:52:11.978947+00:00,parcel_lost,203.9,lost,0,4,1,synthetic_demo
HIST-LUMA-00419,2025-05-03T02:00:00+00:00,2025-05-08T21:11:02.061773+00:00, PARCEL_LOST ,359.27,in_transit,0,3,1,synthetic_demo
HIST-LUMA-00694,2025-04-06T10:00:00+00:00,2025-04-11T06:47:07.679251+00:00,parcel_lost,23.32,in_transit,0,0,3,synthetic_demo
HIST-LUMA-00651,2025-05-08T08:00:00+00:00,2025-05-14T07:22:01.205867+00:00,delivery_disputed,27.69,delivered,0,4,3,synthetic_demo
HIST-LUMA-00363,2025-04-01T14:00:00+00:00,2025-04-03T05:37:47.443908+00:00,delivery_disputed,91.39,delivered,0,0,1,synthetic_demo
HIST-LUMA-INVALID-09,2025-07-24T12:00:00+00:00,2025-07-24T12:00:00+00:00,refund_requested,69.89,lost,1,0,3,synthetic_demo
HIST-LUMA-00020,2025-04-17T01:00:00+00:00,2025-04-19T11:33:27.722978+00:00, PARCEL_LOST ,78.65,lost,0,0,1,synthetic_demo
HIST-LUMA-00302,2025-05-11T15:00:00+00:00,2025-05-15T16:43:18.349385+00:00,parcel_lost,18.74,lost,0,4,1,synthetic_demo
HIST-LUMA-01081,2025-05-11T02:00:00+00:00,2025-05-17T18:07:16.296234+00:00,delivery_disputed,37.53,in_transit,0,2,1,synthetic_demo
HIST-LUMA-00784,2025-08-07T08:00:00+00:00,2025-08-10T11:11:11.625632+00:00,delivery_disputed,248.33,in_transit,0,4,1,synthetic_demo
HIST-LUMA-00249,2025-05-31T12:00:00+00:00,2025-06-04T00:47:41.012902+00:00,delivery_disputed,464.19,delivered,0,2,1,synthetic_demo
HIST-LUMA-00225,2025-07-21T17:00:00+00:00,2025-07-25T13:00:34.177010+00:00,parcel_lost,362.98,lost,0,3,1,synthetic_demo
HIST-LUMA-01109,2025-03-29T21:00:00+00:00,2025-04-02T22:45:08.724401+00:00,delivery_disputed,23.73,in_transit,0,3,1,synthetic_demo
HIST-LUMA-00443,2025-04-01T05:00:00+00:00,2025-04-04T22:03:50.964853+00:00,parcel_lost,20.85,lost,0,1,1,synthetic_demo
HIST-LUMA-00495,2025-02-02T20:00:00+00:00,2025-02-04T01:00:29.746924+00:00, DELIVERY_DISPUTED ,62.95,delivered,0,2,1,synthetic_demo
HIST-LUMA-00718,2025-04-21T20:00:00+00:00,2025-04-22T09:47:08.061348+00:00,refund_requested,251.5,lost,1,1,2,synthetic_demo
HIST-LUMA-00399,2025-02-05T00:00:00+00:00,2025-02-08T21:58:07.355373+00:00,parcel_lost,19.51,lost,0,2,1,synthetic_demo
HIST-LUMA-01107,2025-06-21T15:00:00+00:00,2025-06-22T10:49:12.498622+00:00,delivery_disputed,44.12,lost,0,2,1,synthetic_demo
HIST-LUMA-00326,2025-03-13T23:00:00+00:00,2025-03-15T23:44:47.000692+00:00,delivery_disputed,54.13,delivered,0,1,1,synthetic_demo
HIST-LUMA-00209,2025-04-01T11:00:00+00:00,2025-04-04T00:31:58.180841+00:00,parcel_lost,50.0,in_transit,0,4,1,synthetic_demo
HIST-LUMA-00015,2025-02-23T21:00:00+00:00,2025-02-24T08:46:50.937291+00:00,parcel_lost,364.73,lost,0,3,1,synthetic_demo
HIST-LUMA-00731,2025-07-31T08:00:00+00:00,2025-08-01T01:12:10.502212+00:00,refund_requested,32.74,in_transit,1,0,3,synthetic_demo
HIST-LUMA-00094,2025-07-31T07:00:00+00:00,2025-08-06T12:57:36.871655+00:00,delivery_disputed,387.5,in_transit,0,3,1,synthetic_demo
HIST-LUMA-00818,2025-04-09T12:00:00+00:00,2025-04-11T06:26:39.929612+00:00, DELIVERY_DISPUTED ,272.01,delivered,0,3,2,synthetic_demo
HIST-LUMA-01022,2025-06-10T12:00:00+00:00,2025-06-11T03:22:20.205301+00:00,delivery_disputed,198.77,delivered,0,2,4,synthetic_demo
HIST-LUMA-00878,2025-08-12T13:00:00+00:00,2025-08-19T04:03:00.526874+00:00,refund_requested,241.12,delivered,0,2,1,synthetic_demo
HIST-LUMA-00564,2025-01-12T21:00:00+00:00,2025-01-14T19:30:48.266743+00:00,parcel_lost,44.17,lost,0,1,2,synthetic_demo
HIST-LUMA-00510,2025-03-24T20:00:00+00:00,2025-03-25T14:27:01.731130+00:00,delivery_disputed,25.21,delivered,0,4,1,synthetic_demo
HIST-LUMA-00744,2025-01-04T13:00:00+00:00,2025-01-06T08:30:31.420660+00:00,refund_requested,112.55,delivered,0,2,1,synthetic_demo
HIST-LUMA-01188,2025-02-18T03:00:00+00:00,2025-02-19T16:50:16.167721+00:00,refund_requested,117.33,delivered,1,2,1,synthetic_demo
HIST-LUMA-00822,2025-05-13T13:00:00+00:00,2025-05-14T15:17:41.237957+00:00,delivery_disputed,19.88,in_transit,0,3,1,synthetic_demo
HIST-LUMA-00653,2025-01-11T16:00:00+00:00,2025-01-15T20:23:31.363565+00:00,delivery_disputed,300.47,delivered,0,2,1,synthetic_demo
HIST-LUMA-01021,2025-05-26T00:00:00+00:00,2025-05-27T11:31:48.950046+00:00,parcel_lost,39.09,lost,0,2,1,synthetic_demo
HIST-LUMA-00035,2025-04-21T03:00:00+00:00,2025-04-22T21:00:50.942488+00:00,parcel_lost,49.68,lost,0,4,1,synthetic_demo
HIST-LUMA-00900,2025-07-15T18:00:00+00:00,2025-07-20T15:17:17.823269+00:00,delivery_disputed,63.47,delivered,0,3,1,synthetic_demo
HIST-LUMA-00042,2025-07-15T10:00:00+00:00,2025-07-15T16:27:14.735734+00:00,delivery_disputed,278.65,delivered,0,4,1,synthetic_demo
HIST-LUMA-00205,2025-03-27T08:00:00+00:00,2025-04-02T13:04:50.301181+00:00,delivery_disputed,175.43,in_transit,0,3,1,synthetic_demo
HIST-LUMA-01129,2025-01-28T11:00:00+00:00,2025-01-30T05:04:19.209036+00:00,refund_requested,210.01,delivered,1,4,2,synthetic_demo
HIST-LUMA-00036,2025-01-27T07:00:00+00:00,2025-01-28T07:59:11.681110+00:00,refund_requested,29.02,delivered,1,1,1,synthetic_demo
HIST-LUMA-01132,2025-02-26T12:00:00+00:00,2025-02-27T05:25:14.893016+00:00,parcel_lost,366.65,lost,0,3,1,synthetic_demo
HIST-LUMA-01057,2025-01-27T20:00:00+00:00,2025-01-31T14:13:52.821113+00:00,delivery_disputed,311.49,in_transit,0,2,1,synthetic_demo
HIST-LUMA-00767,2025-01-04T00:00:00+00:00,2025-01-05T15:56:00.986692+00:00,parcel_lost,488.37,lost,0,1,4,synthetic_demo
HIST-LUMA-00270,2025-04-24T03:00:00+00:00,2025-04-26T16:44:00.013026+00:00,parcel_lost,243.62,lost,0,3,3,synthetic_demo
HIST-LUMA-00641,2025-04-17T02:00:00+00:00,2025-04-23T14:37:01.092318+00:00,delivery_disputed,418.27,in_transit,0,1,1,synthetic_demo
HIST-LUMA-00178,2025-01-03T01:00:00+00:00,2025-01-08T07:34:34.935498+00:00,delivery_disputed,364.43,delivered,0,2,2,synthetic_demo
HIST-LUMA-00164,2025-04-28T03:00:00+00:00,2025-05-04T17:40:20.704727+00:00,delivery_disputed,243.84,in_transit,0,1,1,synthetic_demo
HIST-LUMA-00798,2025-08-03T23:00:00+00:00,2025-08-09T12:33:52.569856+00:00,delivery_disputed,255.75,delivered,0,3,3,synthetic_demo
HIST-LUMA-00746,2025-01-02T08:00:00+00:00,2025-01-07T13:57:00.501206+00:00,parcel_lost,224.3,lost,0,3,1,synthetic_demo
HIST-LUMA-00591,2025-07-04T18:00:00+00:00,2025-07-11T10:21:48.221028+00:00,delivery_disputed,338.87,lost,0,4,1,synthetic_demo
HIST-LUMA-00378,2025-08-13T20:00:00+00:00,2025-08-17T08:03:54.306382+00:00,delivery_disputed,54.41,lost,0,0,1,synthetic_demo
HIST-LUMA-00018,2025-08-10T09:00:00+00:00,2025-08-11T15:14:59.797252+00:00,refund_requested,28.16,in_transit,1,0,1,synthetic_demo
HIST-LUMA-00629,2025-05-06T11:00:00+00:00,2025-05-07T18:52:46.481429+00:00,refund_requested,84.68,delivered,1,4,4,synthetic_demo
HIST-LUMA-00589,2025-06-11T09:00:00+00:00,2025-06-15T15:15:49.592898+00:00,delivery_disputed,19.56,delivered,0,0,1,synthetic_demo
HIST-LUMA-00055,2025-02-28T20:00:00+00:00,2025-03-02T07:47:53.191489+00:00,delivery_disputed,373.27,delivered,0,3,2,synthetic_demo
HIST-LUMA-00916,2025-05-17T20:00:00+00:00,2025-05-19T11:28:42.471247+00:00,delivery_disputed,41.61,delivered,0,3,4,synthetic_demo
HIST-LUMA-00939,2025-08-12T00:00:00+00:00,2025-08-12T06:28:31.222993+00:00,delivery_disputed,46.96,lost,0,2,1,synthetic_demo
HIST-LUMA-00677,2025-07-04T21:00:00+00:00,2025-07-07T09:47:59.955185+00:00,parcel_lost,242.72,lost,0,4,1,synthetic_demo
HIST-LUMA-00072,2025-01-18T18:00:00+00:00,2025-01-24T10:51:20.826324+00:00,parcel_lost,454.97,lost,0,1,1,synthetic_demo
HIST-LUMA-00163,2025-04-23T20:00:00+00:00,2025-04-27T02:17:49.109910+00:00,delivery_disputed,155.71,delivered,0,3,2,synthetic_demo
HIST-LUMA-00299,2025-06-04T11:00:00+00:00,2025-06-05T16:06:02.671112+00:00,delivery_disputed,16.75,delivered,0,3,2,synthetic_demo
HIST-LUMA-00708,2025-07-30T01:00:00+00:00,2025-08-03T23:58:14.090639+00:00,parcel_lost,93.71,in_transit,0,4,1,synthetic_demo
HIST-LUMA-00765,2025-06-05T22:00:00+00:00,2025-06-08T07:03:23.400994+00:00,delivery_disputed,239.43,delivered,0,3,1,synthetic_demo
HIST-LUMA-00566,2025-03-30T01:00:00+00:00,2025-03-31T21:38:56.348279+00:00,refund_requested,301.71,delivered,1,0,1,synthetic_demo
HIST-LUMA-00248,2025-06-02T20:00:00+00:00,2025-06-05T05:04:52.666579+00:00, DELIVERY_DISPUTED ,166.77,delivered,0,3,1,synthetic_demo
HIST-LUMA-01056,2025-02-10T09:00:00+00:00,2025-02-15T03:23:08.551537+00:00,delivery_disputed,165.97,delivered,0,2,2,synthetic_demo
HIST-LUMA-01176,2025-02-20T06:00:00+00:00,2025-02-20T23:35:37.177702+00:00,parcel_lost,25.55,lost,0,2,2,synthetic_demo
HIST-LUMA-01152,2025-02-09T06:00:00+00:00,2025-02-13T13:53:56.699588+00:00,delivery_disputed,471.28,delivered,0,1,1,synthetic_demo
HIST-LUMA-00581,2025-07-25T06:00:00+00:00,2025-07-26T20:38:30.709692+00:00,delivery_disputed,38.24,delivered,0,3,1,synthetic_demo
HIST-LUMA-00654,2025-07-21T14:00:00+00:00,2025-07-28T09:48:23.163904+00:00,delivery_disputed,17.6,lost,0,1,4,synthetic_demo
HIST-LUMA-00456,2025-07-13T23:00:00+00:00,2025-07-17T22:38:37.349758+00:00,refund_requested,21.46,delivered,0,1,1,synthetic_demo
HIST-LUMA-00848,2025-06-19T07:00:00+00:00,2025-06-22T17:30:13.128078+00:00,delivery_disputed,163.04,lost,0,2,1,synthetic_demo
HIST-LUMA-00733,2025-05-31T17:00:00+00:00,2025-06-02T09:35:40.629886+00:00,delivery_disputed,40.48,delivered,0,4,1,synthetic_demo
HIST-LUMA-00912,2025-02-26T10:00:00+00:00,2025-03-03T17:11:23.077848+00:00,delivery_disputed,40.07,delivered,0,3,1,synthetic_demo
HIST-LUMA-00595,2025-08-17T18:00:00+00:00,2025-08-19T23:33:25.344256+00:00,refund_requested,122.92,delivered,1,4,1,synthetic_demo
HIST-LUMA-00492,2025-02-04T22:00:00+00:00,2025-02-06T16:36:07.747268+00:00,parcel_lost,45.9,in_transit,0,0,1,synthetic_demo
HIST-LUMA-00998,2025-06-23T19:00:00+00:00,2025-06-24T20:40:38.947927+00:00,parcel_lost,448.64,lost,0,2,1,synthetic_demo
HIST-LUMA-00610,2025-01-29T04:00:00+00:00,2025-01-29T14:35:01.181103+00:00,parcel_lost,35.69,lost,0,3,4,synthetic_demo
HIST-LUMA-00110,2025-05-21T01:00:00+00:00,2025-05-25T17:36:32.594271+00:00,refund_requested,472.57,delivered,0,0,3,synthetic_demo
HIST-LUMA-00966,2025-06-29T19:00:00+00:00,2025-07-05T20:28:08.114422+00:00,delivery_disputed,387.46,delivered,0,4,1,synthetic_demo
HIST-LUMA-00101,2025-06-20T20:00:00+00:00,2025-06-21T21:09:54.226449+00:00,delivery_disputed,58.81,delivered,0,1,1,synthetic_demo
HIST-LUMA-00728,2025-03-20T13:00:00+00:00,2025-03-22T06:11:49.850405+00:00,refund_requested,25.27,delivered,1,1,1,synthetic_demo
HIST-LUMA-00107,2025-08-13T00:00:00+00:00,2025-08-15T13:43:33.472824+00:00,parcel_lost,111.77,in_transit,0,2,1,synthetic_demo
HIST-LUMA-00580,2025-02-14T10:00:00+00:00,2025-02-15T21:53:19.761619+00:00,parcel_lost,454.75,lost,0,0,1,synthetic_demo
HIST-LUMA-00586,2025-07-26T00:00:00+00:00,2025-07-28T10:20:07.230129+00:00,parcel_lost,44.35,in_transit,0,1,1,synthetic_demo
HIST-LUMA-00555,2025-04-27T20:00:00+00:00,2025-04-28T18:36:04.040390+00:00,delivery_disputed,39.34,delivered,0,0,2,synthetic_demo
HIST-LUMA-00471,2025-07-19T16:00:00+00:00,2025-07-24T02:00:18.462269+00:00,delivery_disputed,199.25,in_transit,0,1,2,synthetic_demo
HIST-LUMA-01069,2025-06-16T17:00:00+00:00,2025-06-23T12:47:18.209396+00:00,delivery_disputed,101.38,delivered,0,3,1,synthetic_demo
HIST-LUMA-01168,2025-07-14T12:00:00+00:00,2025-07-20T23:29:34.096033+00:00,delivery_disputed,141.32,delivered,0,1,1,synthetic_demo
HIST-LUMA-00764,2025-03-16T06:00:00+00:00,2025-03-22T02:32:14.434926+00:00,delivery_disputed,228.12,delivered,0,0,1,synthetic_demo
HIST-LUMA-00006,2025-08-20T15:00:00+00:00,2025-08-22T19:24:42.622112+00:00,refund_requested,85.43,in_transit,0,0,1,synthetic_demo
HIST-LUMA-00836,2025-07-04T23:00:00+00:00,2025-07-06T09:12:19.228811+00:00,refund_requested,84.28,delivered,1,4,1,synthetic_demo
HIST-LUMA-00507,2025-04-13T03:00:00+00:00,2025-04-17T15:04:52.165886+00:00,parcel_lost,231.49,lost,0,0,1,synthetic_demo
HIST-LUMA-00995,2025-07-11T19:00:00+00:00,2025-07-13T17:28:24.889271+00:00,parcel_lost,108.03,lost,0,0,1,synthetic_demo
HIST-LUMA-00058,2025-02-07T15:00:00+00:00,2025-02-12T14:02:32.105709+00:00, REFUND_REQUESTED ,137.88,in_transit,0,1,1,synthetic_demo
HIST-LUMA-00314,2025-04-25T19:00:00+00:00,2025-04-28T03:15:35.377296+00:00,refund_requested,22.68,delivered,0,3,2,synthetic_demo
HIST-LUMA-01070,2025-04-14T08:00:00+00:00,2025-04-19T02:45:06.196408+00:00,parcel_lost,480.18,lost,0,3,1,synthetic_demo
HIST-LUMA-00695,2025-03-23T21:00:00+00:00,2025-03-29T11:20:44.900644+00:00,delivery_disputed,19.76,delivered,0,3,3,synthetic_demo
HIST-LUMA-00425,2025-04-30T15:00:00+00:00,2025-05-02T13:45:23.833582+00:00,parcel_lost,107.86,lost,0,4,1,synthetic_demo
HIST-LUMA-00805,2025-04-16T02:00:00+00:00,2025-04-17T20:49:12.018796+00:00,parcel_lost,28.17,lost,0,3,1,synthetic_demo
HIST-LUMA-00827,2025-08-25T09:00:00+00:00,2025-08-26T14:52:42.310194+00:00,parcel_lost,19.45,lost,0,1,1,synthetic_demo
HIST-LUMA-00438,2025-05-30T19:00:00+00:00,2025-06-03T08:25:18.371872+00:00, DELIVERY_DISPUTED ,72.62,delivered,0,0,1,synthetic_demo
HIST-LUMA-00716,2025-08-23T12:00:00+00:00,2025-08-29T04:16:40.729575+00:00,parcel_lost,28.75,in_transit,0,0,3,synthetic_demo
HIST-LUMA-00192,2025-05-04T14:00:00+00:00,2025-05-09T16:52:52.035345+00:00,delivery_disputed,204.49,delivered,0,0,4,synthetic_demo
HIST-LUMA-00262,2025-01-28T12:00:00+00:00,2025-01-30T06:21:53.930861+00:00,refund_requested,367.58,delivered,1,4,1,synthetic_demo
HIST-LUMA-00345,2025-01-11T01:00:00+00:00,2025-01-14T05:40:42.569903+00:00,delivery_disputed,65.63,in_transit,0,3,1,synthetic_demo
HIST-LUMA-01117,2025-01-06T18:00:00+00:00,2025-01-08T11:53:29.695364+00:00,refund_requested,22.07,delivered,1,3,1,synthetic_demo
HIST-LUMA-00488,2025-01-02T18:00:00+00:00,2025-01-04T23:46:01.810127+00:00,refund_requested,48.95,in_transit,1,0,3,synthetic_demo
HIST-LUMA-00883,2025-02-01T03:00:00+00:00,2025-02-04T16:14:30.791397+00:00,delivery_disputed,117.38,delivered,0,3,2,synthetic_demo
HIST-LUMA-00524,2025-05-11T20:00:00+00:00,2025-05-12T08:09:43.230826+00:00,parcel_lost,29.94,lost,0,4,1,synthetic_demo
HIST-LUMA-01128,2025-06-08T19:00:00+00:00,2025-06-13T14:04:43.215337+00:00,parcel_lost,151.33,in_transit,0,4,1,synthetic_demo
HIST-LUMA-01151,2025-02-07T15:00:00+00:00,2025-02-13T15:21:26.479469+00:00,delivery_disputed,187.94,lost,0,4,1,synthetic_demo
HIST-LUMA-00919,2025-08-04T07:00:00+00:00,2025-08-05T08:45:15.186152+00:00,parcel_lost,45.24,lost,0,0,1,synthetic_demo
HIST-LUMA-00016,2025-06-06T15:00:00+00:00,2025-06-12T14:23:13.441196+00:00,delivery_disputed,64.64,delivered,0,3,1,synthetic_demo
HIST-LUMA-00516,2025-02-06T22:00:00+00:00,2025-02-07T16:07:18.514870+00:00,parcel_lost,29.83,lost,0,2,4,synthetic_demo
HIST-LUMA-00046,2025-08-20T16:00:00+00:00,2025-08-23T05:51:03.740103+00:00,delivery_disputed,37.74,delivered,0,2,1,synthetic_demo
HIST-LUMA-00932,2025-08-22T08:00:00+00:00,2025-08-26T10:08:48.306452+00:00, DELIVERY_DISPUTED ,469.94,in_transit,0,4,3,synthetic_demo
HIST-LUMA-00255,2025-07-04T09:00:00+00:00,2025-07-05T12:55:30.626098+00:00,delivery_disputed,283.86,delivered,0,1,4,synthetic_demo
HIST-LUMA-00330,2025-02-25T03:00:00+00:00,2025-02-26T09:03:47.294528+00:00,delivery_disputed,175.35,delivered,0,3,1,synthetic_demo
HIST-LUMA-00239,2025-05-06T18:00:00+00:00,2025-05-10T01:23:07.504732+00:00,delivery_disputed,346.85,delivered,0,4,4,synthetic_demo
HIST-LUMA-00276,2025-02-23T04:00:00+00:00,2025-02-26T21:42:48.503101+00:00,delivery_disputed,411.43,lost,0,1,1,synthetic_demo
HIST-LUMA-00264,2025-03-27T15:00:00+00:00,2025-03-31T10:49:18.923905+00:00,delivery_disputed,421.27,in_transit,0,3,1,synthetic_demo
HIST-LUMA-01030,2025-05-15T06:00:00+00:00,2025-05-20T01:45:48.970018+00:00,delivery_disputed,266.81,delivered,0,4,1,synthetic_demo
HIST-LUMA-00832,2025-02-25T10:00:00+00:00,2025-02-26T03:36:48.900060+00:00,parcel_lost,319.78,lost,0,4,1,synthetic_demo
HIST-LUMA-00499,2025-03-23T20:00:00+00:00,2025-03-28T18:56:17.680282+00:00,delivery_disputed,44.27,lost,0,2,1,synthetic_demo
HIST-LUMA-00346,2025-08-03T03:00:00+00:00,2025-08-03T11:04:27.431769+00:00,parcel_lost,34.46,lost,0,3,1,synthetic_demo
HIST-LUMA-00534,2025-03-08T05:00:00+00:00,2025-03-10T07:09:43.354870+00:00,parcel_lost,62.81,lost,0,1,1,synthetic_demo
HIST-LUMA-00588,2025-03-18T10:00:00+00:00,2025-03-20T14:12:52.168251+00:00,parcel_lost,449.74,lost,0,2,1,synthetic_demo
HIST-LUMA-INVALID-07,2025-04-07T00:00:00+00:00,2025-04-07T00:00:00+00:00,refund_requested,70.1,delivered,1,1,1,synthetic_demo
HIST-LUMA-00048,2025-02-23T20:00:00+00:00,2025-03-01T11:17:25.564309+00:00,delivery_disputed,82.09,delivered,0,4,1,synthetic_demo
HIST-LUMA-00077,2025-08-01T22:00:00+00:00,2025-08-04T01:26:19.630234+00:00, DELIVERY_DISPUTED ,16.74,delivered,0,0,3,synthetic_demo
HIST-LUMA-00165,2025-07-22T00:00:00+00:00,2025-07-28T01:51:36.736879+00:00,parcel_lost,52.19,lost,0,1,2,synthetic_demo
HIST-LUMA-00247,2025-07-03T09:00:00+00:00,2025-07-04T08:33:59.479567+00:00,parcel_lost,35.57,lost,0,4,3,synthetic_demo
HIST-LUMA-00021,2025-02-18T09:00:00+00:00,2025-02-19T20:50:03.150211+00:00,refund_requested,64.87,delivered,1,1,1,synthetic_demo
HIST-LUMA-01080,2025-07-28T07:00:00+00:00,2025-07-29T16:14:45.835265+00:00,parcel_lost,160.66,lost,0,2,2,synthetic_demo
HIST-LUMA-01150,2025-04-23T08:00:00+00:00,2025-04-29T16:02:16.867997+00:00,parcel_lost,477.04,lost,0,0,1,synthetic_demo
HIST-LUMA-00624,2025-06-04T17:00:00+00:00,2025-06-05T11:24:08.737758+00:00,parcel_lost,136.84,in_transit,0,4,1,synthetic_demo
HIST-LUMA-00778,2025-05-18T16:00:00+00:00,2025-05-23T05:27:33.829596+00:00,delivery_disputed,67.72,delivered,0,1,1,synthetic_demo
HIST-LUMA-00436,2025-05-06T05:00:00+00:00,2025-05-06T13:05:47.446331+00:00,refund_requested,25.15,lost,0,3,1,synthetic_demo
HIST-LUMA-00896,2025-08-14T05:00:00+00:00,2025-08-15T20:43:05.089607+00:00,refund_requested,253.86,delivered,1,0,2,synthetic_demo
HIST-LUMA-00138,2025-05-12T18:00:00+00:00,2025-05-14T02:48:14.082376+00:00,parcel_lost,59.89,lost,0,2,2,synthetic_demo
HIST-LUMA-00915,2025-07-16T12:00:00+00:00,2025-07-21T18:11:09.088870+00:00,delivery_disputed,485.08,delivered,0,1,4,synthetic_demo
HIST-LUMA-00061,2025-03-13T20:00:00+00:00,2025-03-14T13:55:40.486827+00:00,parcel_lost,273.67,in_transit,0,4,1,synthetic_demo
HIST-LUMA-00403,2025-01-06T06:00:00+00:00,2025-01-06T12:56:52.641396+00:00,refund_requested,202.5,in_transit,1,1,1,synthetic_demo
HIST-LUMA-00816,2025-05-26T10:00:00+00:00,2025-05-28T18:13:03.937334+00:00,parcel_lost,115.36,lost,0,1,1,synthetic_demo
HIST-LUMA-00085,2025-01-03T20:00:00+00:00,2025-01-06T05:32:46.880498+00:00,parcel_lost,70.16,lost,0,4,3,synthetic_demo
HIST-LUMA-00532,2025-06-06T14:00:00+00:00,2025-06-10T03:31:12.829886+00:00,delivery_disputed,27.39,in_transit,0,4,1,synthetic_demo
HIST-LUMA-00914,2025-03-17T20:00:00+00:00,2025-03-21T08:13:53.211565+00:00,parcel_lost,20.07,lost,0,4,1,synthetic_demo
HIST-LUMA-00332,2025-03-15T17:00:00+00:00,2025-03-16T07:51:28.744227+00:00,parcel_lost,439.23,lost,0,0,1,synthetic_demo
HIST-LUMA-00715,2025-06-27T18:00:00+00:00,2025-06-30T10:07:48.256471+00:00,refund_requested,18.14,delivered,1,3,2,synthetic_demo
HIST-LUMA-00291,2025-03-18T11:00:00+00:00,2025-03-20T09:37:34.750042+00:00,refund_requested,47.53,delivered,1,4,4,synthetic_demo
HIST-LUMA-00841,2025-04-20T23:00:00+00:00,2025-04-27T11:24:14.400696+00:00,delivery_disputed,27.23,in_transit,0,1,2,synthetic_demo
HIST-LUMA-00670,2025-02-20T09:00:00+00:00,2025-02-21T09:06:56.514545+00:00,parcel_lost,36.15,in_transit,0,0,2,synthetic_demo
HIST-LUMA-00573,2025-04-29T14:00:00+00:00,2025-05-03T07:38:23.037230+00:00,parcel_lost,121.59,in_transit,0,2,3,synthetic_demo
HIST-LUMA-00515,2025-02-11T13:00:00+00:00,2025-02-13T10:43:41.561655+00:00,parcel_lost,23.68,lost,0,3,1,synthetic_demo
HIST-LUMA-00407,2025-01-04T20:00:00+00:00,2025-01-05T07:32:40.304011+00:00,parcel_lost,441.99,lost,0,2,1,synthetic_demo
HIST-LUMA-00224,2025-04-17T01:00:00+00:00,2025-04-20T10:11:52.231552+00:00,delivery_disputed,37.05,in_transit,0,1,1,synthetic_demo
HIST-LUMA-00281,2025-04-11T17:00:00+00:00,2025-04-12T04:41:07.010577+00:00,parcel_lost,198.07,lost,0,3,1,synthetic_demo
HIST-LUMA-00626,2025-08-17T15:00:00+00:00,2025-08-24T11:28:52.786054+00:00,delivery_disputed,94.37,delivered,0,0,1,synthetic_demo
HIST-LUMA-01123,2025-05-22T21:00:00+00:00,2025-05-24T07:51:27.370787+00:00,parcel_lost,53.64,lost,0,2,1,synthetic_demo
HIST-LUMA-00003,2025-08-16T15:00:00+00:00,2025-08-19T21:41:40.984430+00:00,delivery_disputed,86.19,delivered,0,1,3,synthetic_demo
HIST-LUMA-00681,2025-07-24T01:00:00+00:00,2025-07-27T08:38:24.402089+00:00,delivery_disputed,240.65,delivered,0,2,1,synthetic_demo
HIST-LUMA-00755,2025-04-04T07:00:00+00:00,2025-04-07T21:26:02.953247+00:00,delivery_disputed,261.13,in_transit,0,0,3,synthetic_demo
HIST-LUMA-00531,2025-06-28T06:00:00+00:00,2025-07-03T11:13:03.923190+00:00,delivery_disputed,253.04,delivered,0,4,1,synthetic_demo
HIST-LUMA-00541,2025-06-01T12:00:00+00:00,2025-06-03T00:26:27.266731+00:00,parcel_lost,423.61,in_transit,0,2,1,synthetic_demo
HIST-LUMA-00472,2025-02-28T20:00:00+00:00,2025-03-07T05:52:02.201639+00:00,delivery_disputed,183.09,delivered,0,4,4,synthetic_demo
HIST-LUMA-00793,2025-07-17T22:00:00+00:00,2025-07-22T03:01:46.999097+00:00,delivery_disputed,18.1,delivered,0,0,1,synthetic_demo
HIST-LUMA-00234,2025-04-29T21:00:00+00:00,2025-05-02T09:40:05.995993+00:00,refund_requested,191.8,delivered,1,4,1,synthetic_demo
HIST-LUMA-01113,2025-06-26T06:00:00+00:00,2025-06-27T10:59:55.123288+00:00,refund_requested,15.15,in_transit,0,1,4,synthetic_demo
HIST-LUMA-00999,2025-07-28T01:00:00+00:00,2025-07-28T14:14:50.439826+00:00,refund_requested,40.67,delivered,1,1,2,synthetic_demo
HIST-LUMA-00917,2025-07-06T11:00:00+00:00,2025-07-12T17:41:23.817839+00:00,delivery_disputed,49.59,in_transit,0,1,1,synthetic_demo
HIST-LUMA-00570,2025-04-18T12:00:00+00:00,2025-04-20T16:34:39.757939+00:00,parcel_lost,134.77,lost,0,3,1,synthetic_demo
HIST-LUMA-00350,2025-08-26T09:00:00+00:00,2025-08-30T19:16:54.878906+00:00,delivery_disputed,32.06,lost,0,3,1,synthetic_demo
HIST-LUMA-00265,2025-02-03T15:00:00+00:00,2025-02-10T07:58:46.541185+00:00,delivery_disputed,92.62,in_transit,0,3,1,synthetic_demo
HIST-LUMA-00483,2025-08-04T21:00:00+00:00,2025-08-09T18:25:26.367585+00:00,delivery_disputed,34.42,delivered,0,2,2,synthetic_demo
HIST-LUMA-00126,2025-08-03T19:00:00+00:00,2025-08-07T19:21:55.716715+00:00,delivery_disputed,159.4,in_transit,0,4,1,synthetic_demo
HIST-LUMA-01118,2025-01-16T14:00:00+00:00,2025-01-18T18:35:04.785279+00:00,delivery_disputed,141.59,delivered,0,4,1,synthetic_demo
HIST-LUMA-01092,2025-06-11T23:00:00+00:00,2025-06-14T01:22:04.533447+00:00,parcel_lost,17.42,lost,0,2,1,synthetic_demo
HIST-LUMA-00001,2025-01-11T23:00:00+00:00,2025-01-13T22:49:06.652780+00:00, PARCEL_LOST ,159.42,lost,0,4,1,synthetic_demo
HIST-LUMA-00454,2025-01-19T00:00:00+00:00,2025-01-19T08:41:55.747464+00:00,delivery_disputed,114.21,delivered,0,0,1,synthetic_demo
HIST-LUMA-00655,2025-01-06T15:00:00+00:00,2025-01-07T05:54:47.021420+00:00,parcel_lost,60.54,lost,0,4,2,synthetic_demo
HIST-LUMA-00354,2025-01-29T04:00:00+00:00,2025-01-31T08:43:05.331269+00:00,delivery_disputed,17.97,delivered,0,4,1,synthetic_demo
HIST-LUMA-01014,2025-07-27T07:00:00+00:00,2025-07-30T19:29:24.071535+00:00,delivery_disputed,90.63,in_transit,0,3,4,synthetic_demo
HIST-LUMA-01071,2025-05-26T06:00:00+00:00,2025-05-26T21:03:53.619640+00:00,delivery_disputed,321.77,delivered,0,3,4,synthetic_demo
HIST-LUMA-00503,2025-01-09T02:00:00+00:00,2025-01-10T23:41:49.653962+00:00,delivery_disputed,32.68,lost,0,1,1,synthetic_demo
HIST-LUMA-00973,2025-08-17T05:00:00+00:00,2025-08-21T07:54:14.790825+00:00,refund_requested,148.74,delivered,0,0,1,synthetic_demo
HIST-LUMA-01087,2025-06-18T06:00:00+00:00,2025-06-23T01:59:54.436714+00:00,parcel_lost,324.86,lost,0,4,2,synthetic_demo
HIST-LUMA-00228,2025-04-02T09:00:00+00:00,2025-04-02T19:26:35.340064+00:00,refund_requested,91.95,in_transit,0,2,1,synthetic_demo
HIST-LUMA-01156,2025-05-12T06:00:00+00:00,2025-05-14T07:17:25.433930+00:00,refund_requested,191.23,in_transit,1,1,2,synthetic_demo
HIST-LUMA-00948,2025-04-22T17:00:00+00:00,2025-04-24T05:50:54.935960+00:00,parcel_lost,20.88,lost,0,2,1,synthetic_demo
HIST-LUMA-00863,2025-01-11T11:00:00+00:00,2025-01-15T06:58:35.842645+00:00,parcel_lost,38.23,in_transit,0,0,1,synthetic_demo
HIST-LUMA-01053,2025-02-07T07:00:00+00:00,2025-02-10T12:26:35.643003+00:00,parcel_lost,131.83,in_transit,0,2,1,synthetic_demo
HIST-LUMA-00496,2025-05-02T20:00:00+00:00,2025-05-04T13:02:43.906439+00:00,delivery_disputed,25.09,in_transit,0,0,2,synthetic_demo
HIST-LUMA-00013,2025-06-23T03:00:00+00:00,2025-06-24T19:40:03.658272+00:00,parcel_lost,142.97,lost,0,3,1,synthetic_demo
HIST-LUMA-00497,2025-08-21T10:00:00+00:00,2025-08-27T07:24:48.503710+00:00,delivery_disputed,51.81,delivered,0,3,3,synthetic_demo
HIST-LUMA-01063,2025-07-13T01:00:00+00:00,2025-07-17T06:08:43.632978+00:00,delivery_disputed,381.41,in_transit,0,4,1,synthetic_demo
HIST-LUMA-00404,2025-01-10T10:00:00+00:00,2025-01-17T09:54:14.514850+00:00,parcel_lost,33.84,in_transit,0,3,3,synthetic_demo
HIST-LUMA-00871,2025-03-15T16:00:00+00:00,2025-03-20T22:49:04.496935+00:00,delivery_disputed,74.09,in_transit,0,1,2,synthetic_demo
HIST-LUMA-00038,2025-03-05T18:00:00+00:00,2025-03-11T11:52:19.321794+00:00,delivery_disputed,243.3,in_transit,0,0,1,synthetic_demo
HIST-LUMA-00691,2025-07-03T18:00:00+00:00,2025-07-04T12:41:26.289569+00:00,delivery_disputed,32.7,delivered,0,3,1,synthetic_demo
HIST-LUMA-00957,2025-06-02T05:00:00+00:00,2025-06-03T11:04:05.726934+00:00,refund_requested,439.17,delivered,0,2,1,synthetic_demo
HIST-LUMA-00862,2025-06-02T13:00:00+00:00,2025-06-03T16:00:50.954589+00:00,delivery_disputed,37.81,delivered,0,4,1,synthetic_demo
HIST-LUMA-00987,2025-07-03T13:00:00+00:00,2025-07-07T13:30:32.026365+00:00,parcel_lost,32.35,lost,0,2,3,synthetic_demo
HIST-LUMA-00375,2025-01-29T19:00:00+00:00,2025-02-01T08:16:12.999520+00:00,refund_requested,53.14,delivered,1,4,2,synthetic_demo
HIST-LUMA-01108,2025-06-11T04:00:00+00:00,2025-06-14T08:39:12.512612+00:00,delivery_disputed,193.06,delivered,0,2,1,synthetic_demo
HIST-LUMA-00993,2025-05-11T14:00:00+00:00,2025-05-16T12:13:35.674263+00:00,delivery_disputed,50.14,delivered,0,2,1,synthetic_demo
HIST-LUMA-01089,2025-07-11T23:00:00+00:00,2025-07-13T06:35:44.632448+00:00,refund_requested,235.27,in_transit,1,2,1,synthetic_demo
HIST-LUMA-00501,2025-01-14T16:00:00+00:00,2025-01-16T18:36:47.307965+00:00,parcel_lost,18.53,lost,0,3,1,synthetic_demo
HIST-LUMA-00690,2025-01-30T00:00:00+00:00,2025-01-31T01:25:56.544027+00:00,parcel_lost,15.68,lost,0,1,2,synthetic_demo
HIST-LUMA-00770,2025-02-25T16:00:00+00:00,2025-02-27T11:08:00.289328+00:00,refund_requested,46.83,lost,1,2,1,synthetic_demo
HIST-LUMA-00615,2025-03-17T14:00:00+00:00,2025-03-24T10:34:07.277603+00:00,delivery_disputed,24.45,in_transit,0,3,4,synthetic_demo
HIST-LUMA-00683,2025-03-10T15:00:00+00:00,2025-03-11T13:18:28.519916+00:00,parcel_lost,201.4,in_transit,0,4,1,synthetic_demo
HIST-LUMA-00335,2025-06-30T12:00:00+00:00,2025-07-05T05:50:01.146801+00:00,parcel_lost,34.1,in_transit,0,4,2,synthetic_demo
HIST-LUMA-00688,2025-06-14T12:00:00+00:00,2025-06-15T15:35:28.884289+00:00,delivery_disputed,320.31,lost,0,2,1,synthetic_demo
HIST-LUMA-00799,2025-02-06T02:00:00+00:00,2025-02-06T16:05:43.260950+00:00, PARCEL_LOST ,173.75,lost,0,3,2,synthetic_demo
HIST-LUMA-01110,2025-02-03T08:00:00+00:00,2025-02-04T03:30:44.934030+00:00,parcel_lost,111.74,lost,0,4,1,synthetic_demo
HIST-LUMA-00185,2025-08-23T00:00:00+00:00,2025-08-26T22:14:20.555425+00:00,delivery_disputed,123.96,delivered,0,1,1,synthetic_demo
HIST-LUMA-00280,2025-01-30T18:00:00+00:00,2025-02-01T07:18:10.266807+00:00,parcel_lost,28.48,lost,0,1,2,synthetic_demo
HIST-LUMA-00173,2025-04-19T00:00:00+00:00,2025-04-21T03:29:32.232384+00:00,delivery_disputed,42.41,delivered,0,0,1,synthetic_demo
HIST-LUMA-00417,2025-02-15T04:00:00+00:00,2025-02-15T23:12:21.569548+00:00,parcel_lost,20.8,lost,0,2,2,synthetic_demo
HIST-LUMA-01181,2025-01-15T19:00:00+00:00,2025-01-16T19:01:22.261686+00:00,refund_requested,32.02,delivered,1,3,2,synthetic_demo
HIST-LUMA-00203,2025-04-21T08:00:00+00:00,2025-04-23T08:56:51.636467+00:00,refund_requested,134.39,delivered,1,1,1,synthetic_demo
HIST-LUMA-00766,2025-01-19T07:00:00+00:00,2025-01-20T05:05:09.445100+00:00,refund_requested,156.45,delivered,1,4,1,synthetic_demo
HIST-LUMA-00881,2025-08-08T02:00:00+00:00,2025-08-13T19:54:31.399257+00:00,delivery_disputed,54.45,in_transit,0,2,1,synthetic_demo
HIST-LUMA-00739,2025-02-07T06:00:00+00:00,2025-02-08T01:42:34.561517+00:00,parcel_lost,29.56,in_transit,0,1,1,synthetic_demo
HIST-LUMA-00136,2025-06-14T00:00:00+00:00,2025-06-16T08:38:14.427117+00:00,delivery_disputed,281.04,delivered,0,4,1,synthetic_demo
HIST-LUMA-00632,2025-03-01T00:00:00+00:00,2025-03-01T20:28:15.264690+00:00,parcel_lost,22.15,lost,0,3,1,synthetic_demo
HIST-LUMA-00098,2025-04-26T14:00:00+00:00,2025-04-27T09:46:18.860163+00:00,refund_requested,20.48,delivered,0,1,1,synthetic_demo
HIST-LUMA-00370,2025-06-04T11:00:00+00:00,2025-06-06T07:52:59.849712+00:00,refund_requested,68.48,delivered,1,2,1,synthetic_demo
HIST-LUMA-00376,2025-04-21T08:00:00+00:00,2025-04-22T04:17:00.932505+00:00,parcel_lost,56.75,lost,0,4,1,synthetic_demo
HIST-LUMA-00697,2025-01-06T06:00:00+00:00,2025-01-10T09:44:10.527496+00:00,delivery_disputed,68.41,lost,0,3,1,synthetic_demo
HIST-LUMA-00373,2025-02-28T20:00:00+00:00,2025-03-04T16:05:44.969364+00:00,delivery_disputed,61.43,delivered,0,1,1,synthetic_demo
HIST-LUMA-00938,2025-01-07T17:00:00+00:00,2025-01-12T10:02:51.549676+00:00,delivery_disputed,44.28,in_transit,0,1,1,synthetic_demo
HIST-LUMA-00298,2025-01-02T22:00:00+00:00,2025-01-04T03:39:08.826464+00:00,refund_requested,333.18,in_transit,1,0,1,synthetic_demo
HIST-LUMA-00864,2025-04-03T15:00:00+00:00,2025-04-09T20:00:47.138198+00:00,delivery_disputed,23.68,delivered,0,1,1,synthetic_demo
HIST-LUMA-00931,2025-05-02T18:00:00+00:00,2025-05-06T07:55:25.322905+00:00,delivery_disputed,42.9,delivered,0,4,3,synthetic_demo
HIST-LUMA-00909,2025-03-05T07:00:00+00:00,2025-03-06T13:58:44.296791+00:00,parcel_lost,23.9,lost,0,4,1,synthetic_demo
HIST-LUMA-00616,2025-01-21T08:00:00+00:00,2025-01-21T15:46:55.871669+00:00,refund_requested,397.16,in_transit,1,0,3,synthetic_demo
HIST-LUMA-00598,2025-01-05T04:00:00+00:00,2025-01-09T14:16:46.554540+00:00,delivery_disputed,24.31,delivered,0,1,2,synthetic_demo
HIST-LUMA-00791,2025-08-12T11:00:00+00:00,2025-08-18T06:43:23.321878+00:00,delivery_disputed,416.75,delivered,0,2,4,synthetic_demo
HIST-LUMA-00296,2025-07-05T18:00:00+00:00,2025-07-07T02:08:14.876762+00:00,parcel_lost,52.96,lost,0,0,1,synthetic_demo
HIST-LUMA-00891,2025-06-11T07:00:00+00:00,2025-06-12T06:40:48.768661+00:00,delivery_disputed,62.52,lost,0,0,1,synthetic_demo
HIST-LUMA-00590,2025-01-08T05:00:00+00:00,2025-01-09T11:04:25.127517+00:00, PARCEL_LOST ,20.32,lost,0,1,2,synthetic_demo
HIST-LUMA-01198,2025-04-10T23:00:00+00:00,2025-04-16T04:10:46.065959+00:00, DELIVERY_DISPUTED ,28.66,in_transit,0,0,1,synthetic_demo
HIST-LUMA-01160,2025-06-24T19:00:00+00:00,2025-06-25T21:39:56.271433+00:00, PARCEL_LOST ,49.43,lost,0,0,4,synthetic_demo
HIST-LUMA-01035,2025-08-12T10:00:00+00:00,2025-08-16T00:47:11.678214+00:00,delivery_disputed,23.79,delivered,0,0,1,synthetic_demo
HIST-LUMA-00627,2025-01-24T03:00:00+00:00,2025-01-28T08:16:24.841765+00:00,delivery_disputed,189.74,delivered,0,4,1,synthetic_demo
HIST-LUMA-00319,2025-08-15T22:00:00+00:00,2025-08-20T12:14:09.813671+00:00,delivery_disputed,37.04,in_transit,0,0,1,synthetic_demo
HIST-LUMA-00371,2025-07-28T10:00:00+00:00,2025-07-30T09:15:51.145608+00:00,parcel_lost,240.61,lost,0,4,1,synthetic_demo
HIST-LUMA-00606,2025-07-23T01:00:00+00:00,2025-07-24T07:43:03.375456+00:00,parcel_lost,448.14,lost,0,4,1,synthetic_demo
HIST-LUMA-00082,2025-05-27T17:00:00+00:00,2025-05-29T21:08:57.073963+00:00,refund_requested,33.49,in_transit,1,2,1,synthetic_demo
HIST-LUMA-00522,2025-05-14T01:00:00+00:00,2025-05-16T10:29:02.361455+00:00,parcel_lost,35.93,lost,0,3,1,synthetic_demo
HIST-LUMA-01020,2025-04-02T04:00:00+00:00,2025-04-03T00:05:38.182531+00:00,refund_requested,49.37,delivered,1,2,1,synthetic_demo
HIST-LUMA-00815,2025-01-29T01:00:00+00:00,2025-02-03T10:29:49.544221+00:00,delivery_disputed,44.76,delivered,0,2,1,synthetic_demo
HIST-LUMA-00116,2025-03-06T01:00:00+00:00,2025-03-10T15:53:58.623182+00:00,parcel_lost,40.56,lost,0,0,3,synthetic_demo
HIST-LUMA-00222,2025-03-08T23:00:00+00:00,2025-03-10T02:01:21.432548+00:00,refund_requested,36.88,in_transit,1,4,1,synthetic_demo
HIST-LUMA-00169,2025-03-10T04:00:00+00:00,2025-03-12T05:57:58.104610+00:00,refund_requested,496.49,delivered,1,3,1,synthetic_demo
HIST-LUMA-00558,2025-05-21T08:00:00+00:00,2025-05-26T14:12:57.155709+00:00,delivery_disputed,29.85,delivered,0,2,1,synthetic_demo
HIST-LUMA-00699,2025-01-24T01:00:00+00:00,2025-01-25T11:37:05.826093+00:00,refund_requested,420.4,delivered,1,1,4,synthetic_demo
HIST-LUMA-00726,2025-04-19T07:00:00+00:00,2025-04-21T09:27:43.430625+00:00,parcel_lost,70.04,in_transit,0,4,1,synthetic_demo
HIST-LUMA-00245,2025-07-18T08:00:00+00:00,2025-07-19T14:05:07.024316+00:00,parcel_lost,21.14,lost,0,2,2,synthetic_demo
HIST-LUMA-00517,2025-08-24T09:00:00+00:00,2025-08-24T15:51:48.721752+00:00,refund_requested,302.27,delivered,1,2,1,synthetic_demo
HIST-LUMA-00782,2025-03-29T02:00:00+00:00,2025-04-02T14:21:01.288885+00:00,delivery_disputed,48.39,delivered,0,3,1,synthetic_demo
HIST-LUMA-00847,2025-07-06T22:00:00+00:00,2025-07-12T00:37:28.268223+00:00,delivery_disputed,188.24,in_transit,0,1,1,synthetic_demo
HIST-LUMA-00557,2025-02-07T13:00:00+00:00,2025-02-14T08:03:20.121043+00:00,delivery_disputed,16.51,in_transit,0,0,1,synthetic_demo
HIST-LUMA-00083,2025-06-16T11:00:00+00:00,2025-06-18T17:31:18.363194+00:00,parcel_lost,17.12,lost,0,4,1,synthetic_demo
HIST-LUMA-00193,2025-02-25T21:00:00+00:00,2025-02-26T08:27:42.445666+00:00,refund_requested,19.83,lost,0,1,1,synthetic_demo
HIST-LUMA-00680,2025-01-01T20:00:00+00:00,2025-01-07T00:51:15.800771+00:00,parcel_lost,44.77,lost,0,1,2,synthetic_demo
HIST-LUMA-00762,2025-02-28T12:00:00+00:00,2025-03-05T07:14:54.092680+00:00,delivery_disputed,15.5,in_transit,0,2,2,synthetic_demo
HIST-LUMA-00260,2025-01-17T14:00:00+00:00,2025-01-18T20:05:47.012391+00:00,parcel_lost,467.9,lost,0,3,1,synthetic_demo
HIST-LUMA-01173,2025-05-08T16:00:00+00:00,2025-05-13T15:10:56.901539+00:00,delivery_disputed,194.98,delivered,0,2,3,synthetic_demo
HIST-LUMA-00852,2025-03-22T12:00:00+00:00,2025-03-24T16:40:59.565210+00:00,refund_requested,66.86,delivered,0,3,3,synthetic_demo
HIST-LUMA-01033,2025-07-22T18:00:00+00:00,2025-07-23T23:13:56.205524+00:00,parcel_lost,22.15,lost,0,1,1,synthetic_demo
HIST-LUMA-00747,2025-08-01T16:00:00+00:00,2025-08-07T02:01:32.557500+00:00,delivery_disputed,200.05,delivered,0,0,2,synthetic_demo
HIST-LUMA-00781,2025-06-20T00:00:00+00:00,2025-06-20T13:25:53.660889+00:00,parcel_lost,26.6,lost,0,3,1,synthetic_demo
HIST-LUMA-00282,2025-05-04T01:00:00+00:00,2025-05-08T00:46:18.549779+00:00,delivery_disputed,481.48,delivered,0,0,1,synthetic_demo
HIST-LUMA-01058,2025-05-06T20:00:00+00:00,2025-05-09T01:04:01.429336+00:00,refund_requested,204.25,in_transit,1,2,1,synthetic_demo
HIST-LUMA-01048,2025-05-26T16:00:00+00:00,2025-05-27T05:24:33.633591+00:00,parcel_lost,45.06,lost,0,0,1,synthetic_demo
HIST-LUMA-00949,2025-03-03T19:00:00+00:00,2025-03-04T07:53:33.706652+00:00,refund_requested,288.67,delivered,1,3,1,synthetic_demo
HIST-LUMA-00578,2025-02-16T17:00:00+00:00,2025-02-21T01:43:49.192587+00:00,parcel_lost,40.98,lost,0,0,2,synthetic_demo
HIST-LUMA-00717,2025-08-15T00:00:00+00:00,2025-08-20T16:24:00.481265+00:00,delivery_disputed,73.71,in_transit,0,1,3,synthetic_demo
HIST-LUMA-00420,2025-07-09T19:00:00+00:00,2025-07-10T20:47:40.224144+00:00,parcel_lost,45.23,lost,0,1,1,synthetic_demo
HIST-LUMA-INVALID-08,2025-02-23T20:00:00+00:00,,delivery_disputed,82.09,delivered,0,4,1,synthetic_demo
HIST-LUMA-00546,2025-06-02T15:00:00+00:00,2025-06-08T20:57:29.299697+00:00,delivery_disputed,17.53,delivered,0,3,1,synthetic_demo
HIST-LUMA-00096,2025-04-15T15:00:00+00:00,2025-04-17T14:48:20.838373+00:00, DELIVERY_DISPUTED ,31.32,delivered,0,4,1,synthetic_demo
HIST-LUMA-01194,2025-03-20T06:00:00+00:00,2025-03-20T21:25:05.175710+00:00,parcel_lost,66.68,lost,0,1,2,synthetic_demo
HIST-LUMA-00527,2025-01-29T00:00:00+00:00,2025-01-29T22:00:56.462680+00:00,refund_requested,170.37,delivered,1,0,1,synthetic_demo
HIST-LUMA-00579,2025-04-02T20:00:00+00:00,2025-04-04T01:48:21.692688+00:00,refund_requested,419.0,delivered,0,4,1,synthetic_demo
HIST-LUMA-00859,2025-03-04T03:00:00+00:00,2025-03-05T09:50:08.057381+00:00,parcel_lost,103.15,lost,0,3,3,synthetic_demo
HIST-LUMA-01082,2025-06-01T12:00:00+00:00,2025-06-03T05:23:59.950859+00:00,refund_requested,92.69,delivered,1,2,1,synthetic_demo
HIST-LUMA-00607,2025-04-28T12:00:00+00:00,2025-04-30T06:59:28.731157+00:00,refund_requested,154.38,in_transit,1,3,1,synthetic_demo
HIST-LUMA-00221,2025-03-30T22:00:00+00:00,2025-04-05T22:13:53.988124+00:00,delivery_disputed,485.96,delivered,0,1,3,synthetic_demo
HIST-LUMA-00396,2025-03-19T18:00:00+00:00,2025-03-24T08:47:53.202610+00:00,refund_requested,342.49,in_transit,0,4,1,synthetic_demo
HIST-LUMA-00358,2025-07-08T18:00:00+00:00,2025-07-10T16:05:02.901837+00:00,parcel_lost,392.55,lost,0,4,3,synthetic_demo
HIST-LUMA-00866,2025-03-17T14:00:00+00:00,2025-03-17T23:37:32.838527+00:00,parcel_lost,272.35,lost,0,4,1,synthetic_demo
HIST-LUMA-00254,2025-03-01T17:00:00+00:00,2025-03-01T23:53:09.140873+00:00,refund_requested,249.08,in_transit,0,3,2,synthetic_demo
HIST-LUMA-00572,2025-02-28T19:00:00+00:00,2025-03-03T03:26:49.606909+00:00,refund_requested,29.03,delivered,1,0,3,synthetic_demo
HIST-LUMA-00073,2025-07-23T07:00:00+00:00,2025-07-28T15:25:21.982953+00:00,delivery_disputed,143.83,in_transit,0,4,2,synthetic_demo
HIST-LUMA-00331,2025-06-01T15:00:00+00:00,2025-06-02T18:18:55.082695+00:00,parcel_lost,123.22,lost,0,2,1,synthetic_demo
HIST-LUMA-00469,2025-07-28T10:00:00+00:00,2025-07-31T17:41:00.940243+00:00,delivery_disputed,40.42,lost,0,4,1,synthetic_demo
HIST-LUMA-00574,2025-05-10T07:00:00+00:00,2025-05-12T01:16:35.570884+00:00,parcel_lost,15.62,lost,0,4,1,synthetic_demo
HIST-LUMA-00533,2025-01-09T10:00:00+00:00,2025-01-12T02:19:55.463779+00:00, PARCEL_LOST ,203.19,lost,0,2,2,synthetic_demo
HIST-LUMA-00908,2025-01-07T01:00:00+00:00,2025-01-09T16:13:36.852770+00:00,delivery_disputed,40.94,delivered,0,3,1,synthetic_demo
HIST-LUMA-00074,2025-03-15T07:00:00+00:00,2025-03-20T23:02:01.111382+00:00,delivery_disputed,48.74,in_transit,0,1,1,synthetic_demo
HIST-LUMA-00923,2025-05-23T01:00:00+00:00,2025-05-27T09:41:02.575455+00:00,parcel_lost,74.38,lost,0,4,3,synthetic_demo
HIST-LUMA-00890,2025-08-01T06:00:00+00:00,2025-08-01T12:25:23.951140+00:00,parcel_lost,40.11,lost,0,3,4,synthetic_demo
HIST-LUMA-00783,2025-02-14T03:00:00+00:00,2025-02-15T21:24:05.897071+00:00,refund_requested,31.61,delivered,1,3,1,synthetic_demo
HIST-LUMA-00551,2025-08-14T08:00:00+00:00,2025-08-16T07:00:07.427293+00:00,parcel_lost,87.82,lost,0,0,2,synthetic_demo
HIST-LUMA-00466,2025-04-28T10:00:00+00:00,2025-05-04T19:45:55.668581+00:00,delivery_disputed,65.89,delivered,0,4,1,synthetic_demo
HIST-LUMA-00539,2025-05-23T09:00:00+00:00,2025-05-26T13:09:13.126564+00:00,delivery_disputed,38.45,delivered,0,3,1,synthetic_demo
HIST-LUMA-01023,2025-08-05T06:00:00+00:00,2025-08-05T22:42:15.965043+00:00,delivery_disputed,170.92,delivered,0,3,1,synthetic_demo
HIST-LUMA-00170,2025-08-21T09:00:00+00:00,2025-08-21T20:48:04.072093+00:00,parcel_lost,338.41,lost,0,0,4,synthetic_demo
HIST-LUMA-00325,2025-03-30T19:00:00+00:00,2025-03-31T17:22:16.007606+00:00,parcel_lost,106.95,lost,0,3,1,synthetic_demo
HIST-LUMA-00535,2025-07-06T15:00:00+00:00,2025-07-07T09:21:40.874761+00:00,parcel_lost,163.57,lost,0,2,2,synthetic_demo
HIST-LUMA-00604,2025-03-14T10:00:00+00:00,2025-03-15T12:06:49.242767+00:00,parcel_lost,109.53,lost,0,1,1,synthetic_demo
HIST-LUMA-01049,2025-04-22T11:00:00+00:00,2025-04-22T21:33:36.892171+00:00,parcel_lost,69.7,lost,0,2,1,synthetic_demo
HIST-LUMA-00727,2025-05-28T15:00:00+00:00,2025-06-03T23:11:32.132609+00:00,parcel_lost,283.1,in_transit,0,1,1,synthetic_demo
HIST-LUMA-01174,2025-02-10T23:00:00+00:00,2025-02-11T18:26:24.308048+00:00,refund_requested,29.41,delivered,1,4,1,synthetic_demo
HIST-LUMA-00171,2025-08-04T20:00:00+00:00,2025-08-08T19:32:57.422968+00:00,delivery_disputed,56.09,delivered,0,1,2,synthetic_demo
HIST-LUMA-00628,2025-01-18T23:00:00+00:00,2025-01-20T15:00:39.231163+00:00, PARCEL_LOST ,81.29,lost,0,2,1,synthetic_demo
HIST-LUMA-00562,2025-02-22T12:00:00+00:00,2025-02-24T18:56:53.012309+00:00,parcel_lost,183.12,lost,0,3,2,synthetic_demo
HIST-LUMA-00857,2025-03-27T23:00:00+00:00,2025-03-30T12:42:14.756585+00:00,parcel_lost,190.94,lost,0,3,1,synthetic_demo
HIST-LUMA-00668,2025-04-29T14:00:00+00:00,2025-05-04T18:45:16.137073+00:00,parcel_lost,175.09,in_transit,0,0,2,synthetic_demo
HIST-LUMA-01038,2025-04-14T22:00:00+00:00,2025-04-21T01:48:17.245927+00:00,delivery_disputed,87.82,delivered,0,1,1,synthetic_demo
HIST-LUMA-00390,2025-02-14T11:00:00+00:00,2025-02-15T17:39:53.092052+00:00,refund_requested,17.75,in_transit,1,3,1,synthetic_demo
HIST-LUMA-00482,2025-03-02T03:00:00+00:00,2025-03-03T17:10:11.359291+00:00,delivery_disputed,436.33,delivered,0,2,1,synthetic_demo
HIST-LUMA-00935,2025-06-14T23:00:00+00:00,2025-06-17T01:27:34.430670+00:00,refund_requested,31.7,in_transit,1,4,1,synthetic_demo
HIST-LUMA-00267,2025-01-01T06:00:00+00:00,2025-01-04T21:13:19.718605+00:00, PARCEL_LOST ,75.82,lost,0,2,3,synthetic_demo
HIST-LUMA-00785,2025-02-15T10:00:00+00:00,2025-02-20T05:55:11.278511+00:00,delivery_disputed,115.15,delivered,0,0,2,synthetic_demo
HIST-LUMA-00132,2025-05-01T03:00:00+00:00,2025-05-02T10:01:26.880422+00:00,parcel_lost,146.09,lost,0,0,1,synthetic_demo
HIST-LUMA-00177,2025-07-22T11:00:00+00:00,2025-07-26T17:00:37.505021+00:00,parcel_lost,70.56,lost,0,1,1,synthetic_demo
HIST-LUMA-00014,2025-02-16T00:00:00+00:00,2025-02-16T12:43:25.316309+00:00,refund_requested,20.12,lost,0,2,1,synthetic_demo
HIST-LUMA-00956,2025-07-05T19:00:00+00:00,2025-07-09T23:07:06.148550+00:00,refund_requested,327.82,delivered,0,0,2,synthetic_demo
HIST-LUMA-00968,2025-03-24T18:00:00+00:00,2025-03-31T00:28:06.472796+00:00,delivery_disputed,20.43,delivered,0,1,1,synthetic_demo
HIST-LUMA-00530,2025-08-09T20:00:00+00:00,2025-08-14T13:16:16.114086+00:00,delivery_disputed,331.34,delivered,0,1,1,synthetic_demo
HIST-LUMA-00154,2025-04-12T19:00:00+00:00,2025-04-14T01:48:47.373988+00:00,parcel_lost,413.93,lost,0,1,1,synthetic_demo
HIST-LUMA-00181,2025-06-12T02:00:00+00:00,2025-06-17T09:34:16.411791+00:00,delivery_disputed,151.42,delivered,0,0,4,synthetic_demo
HIST-LUMA-00512,2025-03-07T03:00:00+00:00,2025-03-09T09:56:38.165860+00:00,refund_requested,23.04,delivered,0,2,1,synthetic_demo
HIST-LUMA-00272,2025-04-29T09:00:00+00:00,2025-04-30T12:22:05.417871+00:00,parcel_lost,119.49,lost,0,1,1,synthetic_demo
HIST-LUMA-00979,2025-07-20T05:00:00+00:00,2025-07-21T21:47:32.354882+00:00,parcel_lost,22.77,lost,0,2,2,synthetic_demo
HIST-LUMA-00028,2025-03-13T07:00:00+00:00,2025-03-17T12:58:25.831274+00:00,parcel_lost,35.81,lost,0,1,2,synthetic_demo
HIST-LUMA-00300,2025-05-22T12:00:00+00:00,2025-05-24T16:13:22.441768+00:00,delivery_disputed,71.91,delivered,0,1,1,synthetic_demo
HIST-LUMA-00026,2025-06-23T09:00:00+00:00,2025-06-23T22:42:55.437228+00:00,delivery_disputed,18.47,delivered,0,1,1,synthetic_demo
HIST-LUMA-01062,2025-05-24T09:00:00+00:00,2025-05-30T11:06:29.715276+00:00,delivery_disputed,87.23,delivered,0,3,1,synthetic_demo
HIST-LUMA-00983,2025-06-17T07:00:00+00:00,2025-06-20T11:03:04.897130+00:00,parcel_lost,75.65,lost,0,2,1,synthetic_demo
HIST-LUMA-00877,2025-01-27T06:00:00+00:00,2025-02-02T21:25:09.114302+00:00,delivery_disputed,33.66,in_transit,0,0,2,synthetic_demo
HIST-LUMA-00910,2025-04-10T13:00:00+00:00,2025-04-15T03:48:27.795375+00:00,delivery_disputed,218.72,in_transit,0,4,2,synthetic_demo
HIST-LUMA-00159,2025-02-11T09:00:00+00:00,2025-02-17T11:21:28.485403+00:00,delivery_disputed,407.14,delivered,0,4,1,synthetic_demo
HIST-LUMA-01197,2025-06-25T02:00:00+00:00,2025-06-25T08:20:43.774258+00:00,refund_requested,53.89,delivered,1,4,1,synthetic_demo
HIST-LUMA-01076,2025-04-23T00:00:00+00:00,2025-04-24T04:07:31.922225+00:00,refund_requested,190.46,delivered,1,0,1,synthetic_demo
HIST-LUMA-01119,2025-05-09T09:00:00+00:00,2025-05-10T02:16:24.366443+00:00,parcel_lost,45.97,in_transit,0,0,1,synthetic_demo
HIST-LUMA-00457,2025-03-08T10:00:00+00:00,2025-03-09T06:02:50.846142+00:00, REFUND_REQUESTED ,215.17,delivered,1,0,1,synthetic_demo
HIST-LUMA-00903,2025-07-12T15:00:00+00:00,2025-07-16T11:13:04.049928+00:00,delivery_disputed,18.79,delivered,0,1,2,synthetic_demo
HIST-LUMA-00149,2025-05-26T03:00:00+00:00,2025-05-26T10:28:26.248692+00:00,parcel_lost,379.4,lost,0,0,1,synthetic_demo
HIST-LUMA-00732,2025-01-01T12:00:00+00:00,2025-01-03T07:59:09.579061+00:00,parcel_lost,126.91,lost,0,0,1,synthetic_demo
HIST-LUMA-01073,2025-07-24T08:00:00+00:00,2025-07-28T21:35:12.088564+00:00,delivery_disputed,159.86,lost,0,3,1,synthetic_demo
HIST-LUMA-01131,2025-08-06T16:00:00+00:00,2025-08-12T05:01:12.191036+00:00,delivery_disputed,45.06,delivered,0,4,1,synthetic_demo
HIST-LUMA-00005,2025-01-14T18:00:00+00:00,2025-01-15T07:15:49.219858+00:00,delivery_disputed,89.75,delivered,0,1,2,synthetic_demo
HIST-LUMA-00992,2025-08-05T20:00:00+00:00,2025-08-06T12:10:55.419641+00:00,parcel_lost,323.77,lost,0,0,2,synthetic_demo
HIST-LUMA-00640,2025-07-15T18:00:00+00:00,2025-07-19T08:22:16.322064+00:00,delivery_disputed,31.28,delivered,0,0,1,synthetic_demo
HIST-LUMA-01059,2025-06-04T03:00:00+00:00,2025-06-10T14:16:31.089241+00:00,delivery_disputed,486.55,in_transit,0,2,4,synthetic_demo
HIST-LUMA-00934,2025-05-20T00:00:00+00:00,2025-05-21T09:19:29.343077+00:00,refund_requested,86.02,in_transit,1,4,1,synthetic_demo
HIST-LUMA-00008,2025-02-18T04:00:00+00:00,2025-02-19T14:30:43.145445+00:00,parcel_lost,17.61,lost,0,4,1,synthetic_demo
HIST-LUMA-00850,2025-03-04T14:00:00+00:00,2025-03-06T05:15:12.270683+00:00,refund_requested,23.79,in_transit,0,1,1,synthetic_demo
HIST-LUMA-00769,2025-05-06T11:00:00+00:00,2025-05-12T15:30:44.452812+00:00,delivery_disputed,15.61,delivered,0,2,1,synthetic_demo
HIST-LUMA-00384,2025-01-13T09:00:00+00:00,2025-01-14T17:15:43.290383+00:00,parcel_lost,116.49,lost,0,0,1,synthetic_demo
HIST-LUMA-00328,2025-08-19T15:00:00+00:00,2025-08-20T04:38:37.578058+00:00,refund_requested,106.01,delivered,0,1,2,synthetic_demo
HIST-LUMA-00019,2025-05-26T17:00:00+00:00,2025-05-28T11:59:11.667088+00:00,parcel_lost,368.55,lost,0,2,1,synthetic_demo
HIST-LUMA-00537,2025-05-28T05:00:00+00:00,2025-05-28T22:40:24.757474+00:00,parcel_lost,88.11,lost,0,0,2,synthetic_demo
HIST-LUMA-00621,2025-02-22T03:00:00+00:00,2025-02-27T01:25:42.599167+00:00,delivery_disputed,92.26,delivered,0,0,1,synthetic_demo
HIST-LUMA-00720,2025-08-04T21:00:00+00:00,2025-08-06T19:41:27.882219+00:00,refund_requested,293.27,lost,1,1,2,synthetic_demo
HIST-LUMA-00872,2025-03-30T18:00:00+00:00,2025-04-01T00:26:28.700533+00:00,refund_requested,172.38,delivered,1,3,1,synthetic_demo
HIST-LUMA-00118,2025-01-19T00:00:00+00:00,2025-01-19T15:31:19.898397+00:00,refund_requested,231.8,delivered,0,0,1,synthetic_demo
HIST-LUMA-00664,2025-08-23T03:00:00+00:00,2025-08-25T02:41:22.502505+00:00,parcel_lost,144.98,lost,0,3,1,synthetic_demo
HIST-LUMA-00067,2025-06-10T02:00:00+00:00,2025-06-12T12:39:54.441351+00:00,parcel_lost,157.75,lost,0,2,4,synthetic_demo
HIST-LUMA-01187,2025-06-06T04:00:00+00:00,2025-06-08T18:29:17.280482+00:00,delivery_disputed,15.25,delivered,0,3,1,synthetic_demo
HIST-LUMA-01044,2025-04-29T13:00:00+00:00,2025-05-01T09:41:38.852940+00:00,parcel_lost,81.48,lost,0,0,1,synthetic_demo
HIST-LUMA-00244,2025-02-19T10:00:00+00:00,2025-02-23T18:08:04.092099+00:00,parcel_lost,176.6,lost,0,1,3,synthetic_demo
HIST-LUMA-01184,2025-04-17T20:00:00+00:00,2025-04-23T01:59:38.352986+00:00,delivery_disputed,15.4,delivered,0,0,1,synthetic_demo
HIST-LUMA-00410,2025-07-10T04:00:00+00:00,2025-07-12T11:10:10.941247+00:00,parcel_lost,372.71,lost,0,4,2,synthetic_demo
HIST-LUMA-00846,2025-05-18T14:00:00+00:00,2025-05-23T04:56:55.866880+00:00,parcel_lost,397.7,in_transit,0,0,1,synthetic_demo
HIST-LUMA-00155,2025-07-27T04:00:00+00:00,2025-07-31T12:51:12.022930+00:00,delivery_disputed,47.88,delivered,0,1,1,synthetic_demo
HIST-LUMA-00183,2025-05-07T09:00:00+00:00,2025-05-13T09:16:01.299242+00:00,delivery_disputed,21.18,delivered,0,0,2,synthetic_demo
HIST-LUMA-00729,2025-02-11T23:00:00+00:00,2025-02-15T13:10:10.723218+00:00,delivery_disputed,41.25,delivered,0,3,1,synthetic_demo
HIST-LUMA-00970,2025-04-21T00:00:00+00:00,2025-04-24T08:28:35.071903+00:00, DELIVERY_DISPUTED ,18.76,lost,0,0,3,synthetic_demo
HIST-LUMA-00723,2025-08-08T05:00:00+00:00,2025-08-10T18:04:09.099884+00:00, DELIVERY_DISPUTED ,121.26,delivered,0,1,3,synthetic_demo
HIST-LUMA-00127,2025-01-12T12:00:00+00:00,2025-01-16T05:39:43.545567+00:00,delivery_disputed,27.01,delivered,0,2,2,synthetic_demo
HIST-LUMA-00409,2025-07-18T14:00:00+00:00,2025-07-19T01:43:37.494692+00:00,delivery_disputed,50.8,delivered,0,4,1,synthetic_demo
HIST-LUMA-00813,2025-06-21T17:00:00+00:00,2025-06-23T15:05:17.038627+00:00,parcel_lost,73.17,lost,0,1,1,synthetic_demo
HIST-LUMA-00858,2025-08-23T22:00:00+00:00,2025-08-25T19:09:15.717189+00:00,refund_requested,267.78,delivered,0,4,1,synthetic_demo
HIST-LUMA-00963,2025-02-03T19:00:00+00:00,2025-02-08T07:54:35.795934+00:00,delivery_disputed,21.78,delivered,0,4,1,synthetic_demo
HIST-LUMA-00275,2025-01-31T01:00:00+00:00,2025-02-06T23:29:57.956257+00:00,delivery_disputed,208.98,delivered,0,1,3,synthetic_demo
HIST-LUMA-00749,2025-08-25T08:00:00+00:00,2025-08-27T20:03:01.537148+00:00,parcel_lost,74.17,in_transit,0,3,1,synthetic_demo
HIST-LUMA-00660,2025-02-03T06:00:00+00:00,2025-02-07T15:04:42.289360+00:00,delivery_disputed,170.92,delivered,0,4,3,synthetic_demo
HIST-LUMA-INVALID-04,2025-07-23T15:00:00+00:00,,delivery_disputed,31.98,delivered,0,3,3,synthetic_demo
HIST-LUMA-00775,2025-08-20T14:00:00+00:00,2025-08-26T01:21:09.526590+00:00,delivery_disputed,38.04,delivered,0,1,1,synthetic_demo
HIST-LUMA-01133,2025-07-06T07:00:00+00:00,2025-07-08T06:10:13.249644+00:00,refund_requested,79.48,delivered,0,2,1,synthetic_demo
HIST-LUMA-01185,2025-07-17T16:00:00+00:00,2025-07-21T09:46:52.962562+00:00,parcel_lost,365.34,in_transit,0,0,2,synthetic_demo
HIST-LUMA-00925,2025-06-03T10:00:00+00:00,2025-06-05T18:07:58.795280+00:00,refund_requested,63.82,delivered,1,4,2,synthetic_demo
HIST-LUMA-00950,2025-05-26T17:00:00+00:00,2025-05-30T14:32:15.551306+00:00,delivery_disputed,331.87,delivered,0,1,2,synthetic_demo
HIST-LUMA-00007,2025-02-22T14:00:00+00:00,2025-02-27T20:52:51.186266+00:00,delivery_disputed,173.89,delivered,0,0,1,synthetic_demo
HIST-LUMA-01067,2025-07-06T15:00:00+00:00,2025-07-07T03:42:33.732333+00:00,refund_requested,24.95,in_transit,1,4,3,synthetic_demo
HIST-LUMA-00927,2025-07-03T03:00:00+00:00,2025-07-06T09:22:10.501531+00:00,delivery_disputed,160.58,delivered,0,4,3,synthetic_demo
HIST-LUMA-00575,2025-08-07T17:00:00+00:00,2025-08-09T00:15:00.520728+00:00,parcel_lost,52.62,in_transit,0,1,4,synthetic_demo
HIST-LUMA-01015,2025-04-15T10:00:00+00:00,2025-04-15T19:14:28.360448+00:00,parcel_lost,26.73,in_transit,0,3,1,synthetic_demo
HIST-LUMA-00039,2025-06-11T03:00:00+00:00,2025-06-13T10:18:52.342916+00:00, PARCEL_LOST ,488.99,lost,0,3,1,synthetic_demo
HIST-LUMA-INVALID-12,2025-08-10T22:00:00+00:00,,delivery_disputed,192.89,delivered,0,1,1,synthetic_demo
HIST-LUMA-00145,2025-03-21T06:00:00+00:00,2025-03-28T00:17:59.782139+00:00,refund_requested,23.2,in_transit,1,0,1,synthetic_demo
HIST-LUMA-00743,2025-07-27T22:00:00+00:00,2025-07-28T23:51:54.193755+00:00,refund_requested,97.74,in_transit,1,4,2,synthetic_demo
HIST-LUMA-00712,2025-04-16T08:00:00+00:00,2025-04-21T17:26:02.327361+00:00,delivery_disputed,25.08,delivered,0,1,3,synthetic_demo
HIST-LUMA-00212,2025-07-14T04:00:00+00:00,2025-07-14T21:06:56.598139+00:00,delivery_disputed,30.3,delivered,0,1,1,synthetic_demo
HIST-LUMA-00645,2025-07-03T06:00:00+00:00,2025-07-08T10:59:13.222759+00:00,delivery_disputed,146.41,delivered,0,1,1,synthetic_demo
HIST-LUMA-00106,2025-04-14T10:00:00+00:00,2025-04-16T11:38:56.181357+00:00,parcel_lost,69.74,lost,0,3,1,synthetic_demo
HIST-LUMA-00408,2025-07-12T14:00:00+00:00,2025-07-18T12:58:41.927078+00:00,delivery_disputed,93.69,lost,0,2,1,synthetic_demo
HIST-LUMA-00009,2025-06-09T04:00:00+00:00,2025-06-11T16:12:40.182122+00:00,refund_requested,341.45,delivered,1,3,3,synthetic_demo
HIST-LUMA-00015,2025-02-23T21:00:00+00:00,2025-02-24T08:46:50.937291+00:00,parcel_lost,364.73,lost,0,3,1,synthetic_demo
HIST-LUMA-00124,2025-07-05T19:00:00+00:00,2025-07-10T01:47:33.024100+00:00,delivery_disputed,18.55,delivered,0,0,2,synthetic_demo
HIST-LUMA-00261,2025-01-01T14:00:00+00:00,2025-01-05T04:09:17.182186+00:00,delivery_disputed,209.78,delivered,0,2,1,synthetic_demo
HIST-LUMA-00464,2025-05-02T05:00:00+00:00,2025-05-03T20:55:24.235134+00:00,refund_requested,228.86,in_transit,0,2,1,synthetic_demo
HIST-LUMA-00405,2025-01-18T12:00:00+00:00,2025-01-19T21:05:02.522823+00:00,parcel_lost,63.18,lost,0,1,1,synthetic_demo
HIST-LUMA-00394,2025-03-04T01:00:00+00:00,2025-03-05T11:32:32.667583+00:00,parcel_lost,21.53,lost,0,1,1,synthetic_demo
HIST-LUMA-00060,2025-08-03T06:00:00+00:00,2025-08-05T15:15:17.197699+00:00,parcel_lost,63.68,lost,0,3,1,synthetic_demo
HIST-LUMA-00608,2025-06-09T22:00:00+00:00,2025-06-12T05:17:26.189141+00:00,parcel_lost,37.6,lost,0,1,1,synthetic_demo
HIST-LUMA-00445,2025-05-17T09:00:00+00:00,2025-05-22T22:51:54.443723+00:00,delivery_disputed,64.37,delivered,0,3,2,synthetic_demo
HIST-LUMA-00609,2025-05-03T02:00:00+00:00,2025-05-06T15:13:00.867379+00:00, DELIVERY_DISPUTED ,225.03,in_transit,0,4,1,synthetic_demo
HIST-LUMA-00972,2025-07-22T08:00:00+00:00,2025-07-27T09:01:16.127186+00:00,parcel_lost,53.9,lost,0,4,3,synthetic_demo
HIST-LUMA-01138,2025-04-22T14:00:00+00:00,2025-04-25T01:14:57.100486+00:00,refund_requested,21.67,delivered,1,1,3,synthetic_demo
HIST-LUMA-01154,2025-01-25T10:00:00+00:00,2025-01-31T01:16:04.404593+00:00,parcel_lost,448.58,lost,0,0,1,synthetic_demo
HIST-LUMA-00584,2025-01-10T18:00:00+00:00,2025-01-15T18:40:01.907917+00:00,parcel_lost,19.38,in_transit,0,4,1,synthetic_demo
HIST-LUMA-01155,2025-08-24T20:00:00+00:00,2025-08-29T03:59:32.257437+00:00,delivery_disputed,106.47,in_transit,0,3,2,synthetic_demo
HIST-LUMA-00214,2025-02-04T10:00:00+00:00,2025-02-08T23:55:14.929204+00:00,delivery_disputed,469.13,delivered,0,1,2,synthetic_demo
HIST-LUMA-00201,2025-01-17T11:00:00+00:00,2025-01-24T08:42:32.706082+00:00,delivery_disputed,75.75,delivered,0,0,1,synthetic_demo
HIST-LUMA-00006,2025-08-20T15:00:00+00:00,2025-08-22T19:24:42.622112+00:00,refund_requested,85.43,in_transit,0,0,1,synthetic_demo
HIST-LUMA-00750,2025-08-23T02:00:00+00:00,2025-08-25T12:58:06.236918+00:00,refund_requested,437.97,delivered,1,3,3,synthetic_demo
HIST-LUMA-00112,2025-05-25T23:00:00+00:00,2025-05-28T04:46:21.778295+00:00,delivery_disputed,413.48,delivered,0,2,1,synthetic_demo
HIST-LUMA-00056,2025-08-08T07:00:00+00:00,2025-08-09T18:40:24.330597+00:00,delivery_disputed,61.09,delivered,0,4,1,synthetic_demo
HIST-LUMA-00175,2025-08-02T02:00:00+00:00,2025-08-07T01:25:39.403873+00:00,parcel_lost,402.46,lost,0,0,1,synthetic_demo
HIST-LUMA-00012,2025-07-03T11:00:00+00:00,2025-07-05T03:57:42.170924+00:00,refund_requested,68.31,delivered,1,4,2,synthetic_demo
HIST-LUMA-00470,2025-03-29T14:00:00+00:00,2025-03-30T05:10:40.978476+00:00,refund_requested,48.39,delivered,1,1,1,synthetic_demo
HIST-LUMA-01149,2025-03-11T17:00:00+00:00,2025-03-12T13:48:49.027436+00:00,refund_requested,59.74,delivered,0,1,2,synthetic_demo
HIST-LUMA-00090,2025-04-05T18:00:00+00:00,2025-04-11T10:44:23.362725+00:00,parcel_lost,21.48,lost,0,0,1,synthetic_demo
HIST-LUMA-00147,2025-08-14T07:00:00+00:00,2025-08-18T09:43:01.375327+00:00,parcel_lost,428.87,lost,0,0,2,synthetic_demo
HIST-LUMA-00568,2025-03-06T15:00:00+00:00,2025-03-08T04:22:45.114357+00:00,parcel_lost,59.24,lost,0,2,3,synthetic_demo
HIST-LUMA-00315,2025-05-08T13:00:00+00:00,2025-05-09T11:57:23.202101+00:00,delivery_disputed,27.83,delivered,0,4,1,synthetic_demo
HIST-LUMA-01199,2025-03-14T07:00:00+00:00,2025-03-16T02:32:22.707842+00:00,refund_requested,180.24,in_transit,1,3,1,synthetic_demo
HIST-LUMA-00523,2025-04-12T21:00:00+00:00,2025-04-19T03:33:56.062590+00:00,delivery_disputed,380.03,in_transit,0,2,1,synthetic_demo
HIST-LUMA-00612,2025-01-13T18:00:00+00:00,2025-01-18T04:58:28.407685+00:00,parcel_lost,70.33,in_transit,0,1,2,synthetic_demo
HIST-LUMA-00735,2025-05-15T22:00:00+00:00,2025-05-16T18:33:38.730811+00:00,parcel_lost,32.43,lost,0,2,1,synthetic_demo
HIST-LUMA-00669,2025-04-29T16:00:00+00:00,2025-04-30T00:08:54.616830+00:00,refund_requested,15.03,delivered,1,2,1,synthetic_demo
HIST-LUMA-00468,2025-04-17T11:00:00+00:00,2025-04-19T00:13:36.939297+00:00,refund_requested,273.85,in_transit,1,4,4,synthetic_demo
HIST-LUMA-00617,2025-07-31T23:00:00+00:00,2025-08-03T07:56:33.534907+00:00,parcel_lost,18.63,lost,0,0,3,synthetic_demo
HIST-LUMA-00736,2025-04-28T18:00:00+00:00,2025-05-04T14:11:07.207007+00:00,delivery_disputed,320.85,delivered,0,3,3,synthetic_demo
HIST-LUMA-00308,2025-01-17T22:00:00+00:00,2025-01-21T23:51:22.981314+00:00,delivery_disputed,205.48,lost,0,3,1,synthetic_demo
HIST-LUMA-00123,2025-01-04T02:00:00+00:00,2025-01-05T21:44:43.749760+00:00,parcel_lost,307.31,lost,0,3,3,synthetic_demo
HIST-LUMA-00480,2025-03-10T00:00:00+00:00,2025-03-12T15:37:31.094000+00:00,parcel_lost,15.93,lost,0,4,3,synthetic_demo
HIST-LUMA-01153,2025-02-14T18:00:00+00:00,2025-02-18T03:48:42.738587+00:00,parcel_lost,183.06,lost,0,0,1,synthetic_demo
HIST-LUMA-00219,2025-06-08T22:00:00+00:00,2025-06-09T10:11:26.995934+00:00,refund_requested,169.34,lost,1,3,3,synthetic_demo
HIST-LUMA-01091,2025-04-25T07:00:00+00:00,2025-04-29T11:38:26.922713+00:00,delivery_disputed,23.13,delivered,0,4,3,synthetic_demo
HIST-LUMA-00549,2025-01-26T10:00:00+00:00,2025-01-27T21:59:19.618981+00:00,delivery_disputed,19.12,delivered,0,0,1,synthetic_demo
HIST-LUMA-00133,2025-08-11T13:00:00+00:00,2025-08-12T22:10:47.816072+00:00,delivery_disputed,307.82,in_transit,0,3,1,synthetic_demo
HIST-LUMA-00840,2025-05-07T22:00:00+00:00,2025-05-08T14:45:49.629301+00:00,parcel_lost,485.29,in_transit,0,4,2,synthetic_demo
HIST-LUMA-00388,2025-08-11T11:00:00+00:00,2025-08-14T00:55:02.555133+00:00,parcel_lost,61.1,lost,0,2,1,synthetic_demo
HIST-LUMA-00377,2025-03-12T06:00:00+00:00,2025-03-17T22:15:24.980177+00:00,delivery_disputed,382.33,delivered,0,1,1,synthetic_demo
HIST-LUMA-00310,2025-03-14T15:00:00+00:00,2025-03-17T18:18:23.752701+00:00,delivery_disputed,136.94,delivered,0,3,1,synthetic_demo
HIST-LUMA-00622,2025-06-17T18:00:00+00:00,2025-06-19T17:13:33.739341+00:00,parcel_lost,193.99,in_transit,0,0,1,synthetic_demo
HIST-LUMA-00161,2025-02-12T12:00:00+00:00,2025-02-16T21:47:51.464414+00:00,parcel_lost,425.67,lost,0,3,1,synthetic_demo
HIST-LUMA-00940,2025-01-27T07:00:00+00:00,2025-01-28T12:32:02.136391+00:00,refund_requested,19.52,delivered,1,1,1,synthetic_demo
HIST-LUMA-01137,2025-01-14T16:00:00+00:00,2025-01-21T14:21:46.824283+00:00,delivery_disputed,415.38,in_transit,0,1,2,synthetic_demo
HIST-LUMA-01112,2025-05-30T16:00:00+00:00,2025-05-31T13:22:22.819503+00:00,delivery_disputed,337.38,delivered,0,0,1,synthetic_demo
HIST-LUMA-01136,2025-01-06T04:00:00+00:00,2025-01-10T00:39:21.607081+00:00,delivery_disputed,65.41,delivered,0,2,1,synthetic_demo
HIST-LUMA-00143,2025-04-11T10:00:00+00:00,2025-04-16T18:29:54.919933+00:00,parcel_lost,32.87,lost,0,1,1,synthetic_demo
HIST-LUMA-00340,2025-02-16T18:00:00+00:00,2025-02-18T05:12:26.855915+00:00,delivery_disputed,79.8,delivered,0,0,1,synthetic_demo
HIST-LUMA-00773,2025-06-08T18:00:00+00:00,2025-06-15T05:00:39.177306+00:00,delivery_disputed,371.24,delivered,0,1,1,synthetic_demo
HIST-LUMA-01078,2025-04-12T09:00:00+00:00,2025-04-16T04:16:34.141936+00:00,refund_requested,16.33,delivered,1,1,1,synthetic_demo
HIST-LUMA-01007,2025-08-14T12:00:00+00:00,2025-08-15T04:24:55.132966+00:00,parcel_lost,157.83,lost,0,2,2,synthetic_demo
HIST-LUMA-00761,2025-01-24T17:00:00+00:00,2025-01-26T09:37:59.476711+00:00, PARCEL_LOST ,37.83,lost,0,4,2,synthetic_demo
HIST-LUMA-01169,2025-02-22T23:00:00+00:00,2025-02-24T14:59:23.504202+00:00,parcel_lost,42.37,in_transit,0,2,2,synthetic_demo
HIST-LUMA-01186,2025-05-15T10:00:00+00:00,2025-05-21T19:01:05.512052+00:00,delivery_disputed,64.85,lost,0,0,2,synthetic_demo
HIST-LUMA-00648,2025-06-15T05:00:00+00:00,2025-06-17T10:07:12.651497+00:00,delivery_disputed,16.75,in_transit,0,3,1,synthetic_demo
HIST-LUMA-01050,2025-02-28T15:00:00+00:00,2025-02-28T23:02:00.226101+00:00,parcel_lost,17.7,lost,0,3,1,synthetic_demo
HIST-LUMA-00157,2025-04-02T09:00:00+00:00,2025-04-03T07:17:26.551662+00:00,delivery_disputed,21.44,delivered,0,3,1,synthetic_demo
HIST-LUMA-00990,2025-06-19T17:00:00+00:00,2025-06-22T19:37:29.413630+00:00,delivery_disputed,60.27,delivered,0,1,1,synthetic_demo
HIST-LUMA-01041,2025-08-06T11:00:00+00:00,2025-08-12T17:59:53.360459+00:00,parcel_lost,67.34,lost,0,1,1,synthetic_demo
HIST-LUMA-00216,2025-05-31T12:00:00+00:00,2025-06-02T03:22:02.617789+00:00,parcel_lost,31.07,lost,0,1,1,synthetic_demo
HIST-LUMA-00068,2025-08-17T13:00:00+00:00,2025-08-18T14:13:00.366467+00:00,parcel_lost,254.55,lost,0,0,1,synthetic_demo
HIST-LUMA-00671,2025-03-23T06:00:00+00:00,2025-03-27T17:03:32.540230+00:00,delivery_disputed,32.33,delivered,0,4,1,synthetic_demo
HIST-LUMA-00521,2025-03-09T05:00:00+00:00,2025-03-14T02:53:24.644793+00:00,delivery_disputed,288.22,delivered,0,0,2,synthetic_demo
HIST-LUMA-00500,2025-08-21T21:00:00+00:00,2025-08-23T17:34:22.253456+00:00,refund_requested,153.35,delivered,1,4,1,synthetic_demo
HIST-LUMA-INVALID-03,2025-02-25T00:00:00+00:00,2025-02-25T00:00:00+00:00,parcel_lost,36.37,lost,0,1,1,synthetic_demo
HIST-LUMA-01008,2025-05-26T22:00:00+00:00,2025-05-27T11:12:14.308513+00:00, REFUND_REQUESTED ,41.62,delivered,1,4,1,synthetic_demo
HIST-LUMA-01111,2025-01-05T22:00:00+00:00,2025-01-10T17:39:26.184731+00:00,parcel_lost,20.16,in_transit,0,3,1,synthetic_demo
HIST-LUMA-00901,2025-07-09T05:00:00+00:00,2025-07-15T03:48:58.842266+00:00,delivery_disputed,370.62,in_transit,0,2,2,synthetic_demo
HIST-LUMA-01157,2025-03-10T04:00:00+00:00,2025-03-12T20:52:39.530322+00:00,parcel_lost,342.92,lost,0,4,1,synthetic_demo
HIST-LUMA-00719,2025-03-28T01:00:00+00:00,2025-03-28T13:43:14.199598+00:00,parcel_lost,17.38,lost,0,0,1,synthetic_demo
HIST-LUMA-00430,2025-04-10T14:00:00+00:00,2025-04-12T22:06:02.889548+00:00,delivery_disputed,25.97,delivered,0,2,2,synthetic_demo
HIST-LUMA-00821,2025-04-19T20:00:00+00:00,2025-04-22T09:23:03.807906+00:00,parcel_lost,28.35,lost,0,1,2,synthetic_demo
HIST-LUMA-00494,2025-05-16T09:00:00+00:00,2025-05-17T15:10:16.661539+00:00,parcel_lost,86.17,lost,0,3,1,synthetic_demo
HIST-LUMA-01079,2025-03-14T00:00:00+00:00,2025-03-15T04:02:12.775776+00:00,parcel_lost,91.94,in_transit,0,4,1,synthetic_demo
HIST-LUMA-00259,2025-06-21T21:00:00+00:00,2025-06-23T00:28:49.405962+00:00,delivery_disputed,35.75,delivered,0,3,1,synthetic_demo
HIST-LUMA-00002,2025-01-02T21:00:00+00:00,2025-01-09T09:08:43.778201+00:00,delivery_disputed,34.23,delivered,0,2,1,synthetic_demo
HIST-LUMA-00309,2025-05-25T19:00:00+00:00,2025-05-29T04:39:18.558924+00:00,delivery_disputed,189.33,delivered,0,3,3,synthetic_demo
HIST-LUMA-00937,2025-07-28T15:00:00+00:00,2025-07-29T02:53:16.065405+00:00,refund_requested,317.53,delivered,1,0,1,synthetic_demo
HIST-LUMA-00618,2025-02-20T16:00:00+00:00,2025-02-23T02:43:59.742023+00:00,delivery_disputed,34.82,in_transit,0,4,1,synthetic_demo
HIST-LUMA-01045,2025-08-11T12:00:00+00:00,2025-08-15T04:29:21.010039+00:00,delivery_disputed,191.07,lost,0,1,1,synthetic_demo
HIST-LUMA-00313,2025-07-21T09:00:00+00:00,2025-07-26T00:08:48.080729+00:00,delivery_disputed,269.53,delivered,0,1,1,synthetic_demo
HIST-LUMA-01024,2025-08-23T17:00:00+00:00,2025-08-25T10:07:19.080997+00:00,refund_requested,19.93,delivered,1,1,1,synthetic_demo
HIST-LUMA-01190,2025-06-26T15:00:00+00:00,2025-07-02T11:24:47.098478+00:00,delivery_disputed,15.33,delivered,0,2,1,synthetic_demo
HIST-LUMA-00197,2025-07-08T17:00:00+00:00,2025-07-10T03:03:47.641193+00:00,delivery_disputed,54.96,in_transit,0,0,2,synthetic_demo
HIST-LUMA-00393,2025-07-01T18:00:00+00:00,2025-07-02T17:46:04.790134+00:00,parcel_lost,110.77,lost,0,2,4,synthetic_demo
HIST-LUMA-00763,2025-08-22T14:00:00+00:00,2025-08-26T11:51:49.105084+00:00,delivery_disputed,341.42,delivered,0,1,2,synthetic_demo
HIST-LUMA-00796,2025-04-25T12:00:00+00:00,2025-04-27T00:28:11.622937+00:00,parcel_lost,27.38,lost,0,1,2,synthetic_demo
HIST-LUMA-00556,2025-01-07T06:00:00+00:00,2025-01-10T14:03:43.275206+00:00,delivery_disputed,371.42,delivered,0,1,1,synthetic_demo
HIST-LUMA-01125,2025-03-02T19:00:00+00:00,2025-03-09T03:56:15.642249+00:00,delivery_disputed,187.9,delivered,0,1,1,synthetic_demo
HIST-LUMA-00594,2025-07-03T00:00:00+00:00,2025-07-09T08:52:36.583371+00:00,delivery_disputed,317.68,delivered,0,2,1,synthetic_demo
HIST-LUMA-00018,2025-08-10T09:00:00+00:00,2025-08-11T15:14:59.797252+00:00,refund_requested,28.16,in_transit,1,0,1,synthetic_demo
HIST-LUMA-00190,2025-06-17T01:00:00+00:00,2025-06-18T13:46:19.727033+00:00,delivery_disputed,26.58,delivered,0,3,1,synthetic_demo
HIST-LUMA-00382,2025-04-06T15:00:00+00:00,2025-04-07T08:56:12.385484+00:00,parcel_lost,46.24,lost,0,2,1,synthetic_demo
HIST-LUMA-00134,2025-05-04T23:00:00+00:00,2025-05-07T11:07:21.679312+00:00, REFUND_REQUESTED ,308.52,in_transit,1,4,1,synthetic_demo
HIST-LUMA-00301,2025-03-04T05:00:00+00:00,2025-03-07T23:32:31.709889+00:00,delivery_disputed,29.71,in_transit,0,1,1,synthetic_demo
HIST-LUMA-00086,2025-07-06T14:00:00+00:00,2025-07-08T00:06:06.373014+00:00,parcel_lost,161.38,lost,0,4,4,synthetic_demo
HIST-LUMA-01158,2025-05-07T21:00:00+00:00,2025-05-11T11:14:17.906974+00:00,delivery_disputed,224.18,in_transit,0,4,1,synthetic_demo
HIST-LUMA-00421,2025-04-24T18:00:00+00:00,2025-04-26T23:14:38.197487+00:00,parcel_lost,259.54,lost,0,3,1,synthetic_demo
HIST-LUMA-00437,2025-08-09T04:00:00+00:00,2025-08-09T19:40:40.845479+00:00,refund_requested,272.56,delivered,1,4,1,synthetic_demo
HIST-LUMA-00860,2025-07-16T23:00:00+00:00,2025-07-19T14:05:54.363871+00:00,refund_requested,339.42,in_transit,1,0,1,synthetic_demo
HIST-LUMA-00415,2025-02-07T16:00:00+00:00,2025-02-09T07:52:38.629148+00:00,parcel_lost,282.19,lost,0,2,2,synthetic_demo
HIST-LUMA-00256,2025-01-16T19:00:00+00:00,2025-01-18T04:38:04.464793+00:00,refund_requested,313.08,lost,1,4,1,synthetic_demo
HIST-LUMA-01164,2025-02-08T20:00:00+00:00,2025-02-09T12:29:08.013485+00:00,refund_requested,483.42,lost,1,1,1,synthetic_demo
HIST-LUMA-00305,2025-05-15T08:00:00+00:00,2025-05-16T10:28:45.549566+00:00, REFUND_REQUESTED ,30.8,delivered,1,1,3,synthetic_demo
HIST-LUMA-01017,2025-07-31T05:00:00+00:00,2025-08-02T01:45:23.154766+00:00,parcel_lost,51.48,lost,0,1,2,synthetic_demo
HIST-LUMA-00182,2025-02-24T08:00:00+00:00,2025-02-26T04:54:16.978966+00:00,parcel_lost,332.02,lost,0,3,1,synthetic_demo
HIST-LUMA-00886,2025-06-28T15:00:00+00:00,2025-07-01T22:38:30.781478+00:00,delivery_disputed,101.84,delivered,0,1,3,synthetic_demo
HIST-LUMA-00867,2025-07-07T09:00:00+00:00,2025-07-07T22:14:19.594076+00:00,parcel_lost,235.69,lost,0,4,1,synthetic_demo
HIST-LUMA-00721,2025-06-30T01:00:00+00:00,2025-07-05T07:21:34.198268+00:00,delivery_disputed,366.19,lost,0,1,1,synthetic_demo
HIST-LUMA-00525,2025-01-24T13:00:00+00:00,2025-01-26T07:06:36.736426+00:00,parcel_lost,44.38,lost,0,3,1,synthetic_demo
HIST-LUMA-00397,2025-08-06T17:00:00+00:00,2025-08-10T20:57:29.010396+00:00,refund_requested,480.77,delivered,0,1,1,synthetic_demo
HIST-LUMA-00033,2025-03-30T22:00:00+00:00,2025-04-02T12:47:29.903826+00:00,parcel_lost,327.38,lost,0,0,1,synthetic_demo
HIST-LUMA-00754,2025-08-23T08:00:00+00:00,2025-08-24T13:25:30.184079+00:00,parcel_lost,99.88,lost,0,3,1,synthetic_demo
HIST-LUMA-01061,2025-03-15T02:00:00+00:00,2025-03-21T01:52:52.023502+00:00,delivery_disputed,487.14,delivered,0,2,1,synthetic_demo
HIST-LUMA-00427,2025-02-01T05:00:00+00:00,2025-02-08T00:53:46.114567+00:00,delivery_disputed,72.61,delivered,0,4,1,synthetic_demo
HIST-LUMA-00064,2025-08-07T05:00:00+00:00,2025-08-08T18:37:47.682941+00:00,refund_requested,35.22,delivered,1,4,4,synthetic_demo
HIST-LUMA-00587,2025-05-31T10:00:00+00:00,2025-06-02T16:19:40.063052+00:00,parcel_lost,140.72,lost,0,0,1,synthetic_demo
HIST-LUMA-01052,2025-01-17T06:00:00+00:00,2025-01-24T00:31:36.291819+00:00,delivery_disputed,217.05,in_transit,0,3,1,synthetic_demo
HIST-LUMA-00383,2025-01-07T16:00:00+00:00,2025-01-08T06:26:06.570688+00:00,refund_requested,21.69,delivered,1,4,2,synthetic_demo
HIST-LUMA-01005,2025-04-11T23:00:00+00:00,2025-04-15T04:13:26.037134+00:00,parcel_lost,233.43,in_transit,0,3,1,synthetic_demo
HIST-LUMA-00166,2025-06-15T21:00:00+00:00,2025-06-16T11:41:36.616171+00:00,refund_requested,42.41,in_transit,1,4,3,synthetic_demo
HIST-LUMA-00637,2025-08-09T08:00:00+00:00,2025-08-15T09:24:17.142160+00:00,delivery_disputed,115.71,in_transit,0,3,1,synthetic_demo
HIST-LUMA-00129,2025-04-14T05:00:00+00:00,2025-04-20T04:09:45.507841+00:00,delivery_disputed,105.89,delivered,0,0,1,synthetic_demo
HIST-LUMA-INVALID-05,2025-06-24T02:00:00+00:00,2025-06-24T02:00:00+00:00,delivery_disputed,217.06,delivered,0,0,4,synthetic_demo
HIST-LUMA-00104,2025-06-20T12:00:00+00:00,2025-06-23T01:03:42.172131+00:00,parcel_lost,60.71,lost,0,3,1,synthetic_demo
HIST-LUMA-00662,2025-07-02T06:00:00+00:00,2025-07-08T10:51:39.083327+00:00,delivery_disputed,188.18,in_transit,0,4,1,synthetic_demo
HIST-LUMA-00017,2025-01-24T02:00:00+00:00,2025-01-26T00:30:45.863382+00:00,parcel_lost,35.08,lost,0,4,3,synthetic_demo
HIST-LUMA-00160,2025-03-10T19:00:00+00:00,2025-03-12T08:19:31.454510+00:00,parcel_lost,46.42,in_transit,0,2,2,synthetic_demo
HIST-LUMA-00180,2025-04-26T00:00:00+00:00,2025-04-27T02:25:06.177538+00:00,parcel_lost,62.39,lost,0,4,1,synthetic_demo
HIST-LUMA-00758,2025-04-03T21:00:00+00:00,2025-04-09T18:52:10.021567+00:00,delivery_disputed,128.24,delivered,0,1,1,synthetic_demo
HIST-LUMA-01003,2025-08-18T13:00:00+00:00,2025-08-20T17:01:13.190301+00:00,delivery_disputed,105.5,in_transit,0,4,1,synthetic_demo
HIST-LUMA-00888,2025-06-26T02:00:00+00:00,2025-06-27T09:25:39.347636+00:00,refund_requested,354.62,delivered,1,2,1,synthetic_demo
HIST-LUMA-00279,2025-05-22T17:00:00+00:00,2025-05-23T03:07:01.234889+00:00,delivery_disputed,64.01,delivered,0,2,1,synthetic_demo
HIST-LUMA-00673,2025-04-28T09:00:00+00:00,2025-04-29T00:03:43.563862+00:00,parcel_lost,24.14,lost,0,4,1,synthetic_demo
HIST-LUMA-00329,2025-07-03T14:00:00+00:00,2025-07-04T16:35:02.165208+00:00,delivery_disputed,66.0,delivered,0,3,2,synthetic_demo
HIST-LUMA-00745,2025-08-04T18:00:00+00:00,2025-08-07T02:04:01.179782+00:00,refund_requested,51.26,delivered,0,4,1,synthetic_demo
HIST-LUMA-00024,2025-03-09T18:00:00+00:00,2025-03-15T02:10:50.694311+00:00,delivery_disputed,385.05,delivered,0,0,1,synthetic_demo
HIST-LUMA-00102,2025-03-19T17:00:00+00:00,2025-03-21T03:41:09.712180+00:00,delivery_disputed,54.58,delivered,0,2,1,synthetic_demo
HIST-LUMA-00665,2025-08-15T13:00:00+00:00,2025-08-16T14:45:29.009527+00:00,parcel_lost,45.15,lost,0,1,2,synthetic_demo
HIST-LUMA-00054,2025-05-25T23:00:00+00:00,2025-06-01T09:32:20.403450+00:00,delivery_disputed,348.41,delivered,0,2,2,synthetic_demo
HIST-LUMA-00601,2025-08-17T17:00:00+00:00,2025-08-20T04:14:56.889499+00:00,parcel_lost,83.76,lost,0,4,4,synthetic_demo
HIST-LUMA-01139,2025-05-28T19:00:00+00:00,2025-05-29T09:59:02.050927+00:00,delivery_disputed,425.68,in_transit,0,0,1,synthetic_demo
HIST-LUMA-00977,2025-05-14T22:00:00+00:00,2025-05-21T04:53:11.520627+00:00,delivery_disputed,434.5,delivered,0,3,1,synthetic_demo
HIST-LUMA-00600,2025-07-08T00:00:00+00:00,2025-07-14T06:09:33.667905+00:00,delivery_disputed,264.48,in_transit,0,2,1,synthetic_demo
HIST-LUMA-00105,2025-04-15T20:00:00+00:00,2025-04-19T00:25:29.851078+00:00,delivery_disputed,52.11,delivered,0,2,3,synthetic_demo
HIST-LUMA-00693,2025-08-20T07:00:00+00:00,2025-08-23T09:59:39.847023+00:00,delivery_disputed,460.13,in_transit,0,3,1,synthetic_demo
HIST-LUMA-00059,2025-06-05T19:00:00+00:00,2025-06-07T01:07:23.910014+00:00,parcel_lost,26.08,lost,0,3,1,synthetic_demo
HIST-LUMA-00663,2025-04-02T10:00:00+00:00,2025-04-04T12:18:33.743274+00:00,parcel_lost,123.06,lost,0,1,1,synthetic_demo
HIST-LUMA-00792,2025-04-25T06:00:00+00:00,2025-05-01T09:42:04.949664+00:00,delivery_disputed,311.23,delivered,0,0,1,synthetic_demo
HIST-LUMA-00511,2025-01-12T18:00:00+00:00,2025-01-15T10:50:01.811495+00:00,refund_requested,468.13,delivered,1,3,1,synthetic_demo
HIST-LUMA-01167,2025-08-24T07:00:00+00:00,2025-08-25T20:02:40.545878+00:00,parcel_lost,123.49,lost,0,0,1,synthetic_demo
HIST-LUMA-01019,2025-08-10T13:00:00+00:00,2025-08-16T04:14:02.046543+00:00,delivery_disputed,100.21,in_transit,0,1,1,synthetic_demo
HIST-LUMA-00237,2025-06-10T05:00:00+00:00,2025-06-16T10:58:41.333094+00:00,parcel_lost,369.45,lost,0,2,1,synthetic_demo
HIST-LUMA-00583,2025-03-28T01:00:00+00:00,2025-03-29T16:03:26.011696+00:00,parcel_lost,25.87,in_transit,0,0,1,synthetic_demo
HIST-LUMA-00210,2025-05-22T08:00:00+00:00,2025-05-25T14:21:40.515644+00:00, DELIVERY_DISPUTED ,485.02,in_transit,0,1,1,synthetic_demo
HIST-LUMA-00991,2025-03-02T21:00:00+00:00,2025-03-05T13:17:24.888294+00:00,refund_requested,17.06,delivered,0,2,1,synthetic_demo
HIST-LUMA-00611,2025-02-20T05:00:00+00:00,2025-02-24T15:47:42.663321+00:00,parcel_lost,252.45,lost,0,4,2,synthetic_demo
HIST-LUMA-00741,2025-07-08T20:00:00+00:00,2025-07-12T21:31:51.250237+00:00,delivery_disputed,79.08,delivered,0,0,1,synthetic_demo
HIST-LUMA-00087,2025-07-26T14:00:00+00:00,2025-07-30T18:31:23.439957+00:00,delivery_disputed,53.59,in_transit,0,0,1,synthetic_demo
HIST-LUMA-00706,2025-03-11T12:00:00+00:00,2025-03-14T15:39:25.235937+00:00,parcel_lost,112.42,lost,0,2,2,synthetic_demo
HIST-LUMA-00025,2025-01-13T15:00:00+00:00,2025-01-17T11:13:59.964492+00:00,parcel_lost,156.08,in_transit,0,1,1,synthetic_demo
HIST-LUMA-01088,2025-04-28T20:00:00+00:00,2025-05-04T07:38:12.882163+00:00,delivery_disputed,62.21,delivered,0,1,2,synthetic_demo
HIST-LUMA-00151,2025-04-22T15:00:00+00:00,2025-04-26T05:38:35.056442+00:00,delivery_disputed,420.87,delivered,0,2,1,synthetic_demo
HIST-LUMA-00297,2025-05-01T22:00:00+00:00,2025-05-03T00:47:15.731367+00:00,refund_requested,100.92,delivered,0,1,2,synthetic_demo
HIST-LUMA-00772,2025-05-21T01:00:00+00:00,2025-05-22T23:12:01.970032+00:00,refund_requested,489.75,in_transit,0,1,3,synthetic_demo
HIST-LUMA-00140,2025-07-17T13:00:00+00:00,2025-07-18T15:36:22.416362+00:00,delivery_disputed,53.43,delivered,0,0,2,synthetic_demo
HIST-LUMA-00943,2025-03-11T04:00:00+00:00,2025-03-13T05:24:58.510141+00:00,delivery_disputed,166.49,delivered,0,2,1,synthetic_demo
HIST-LUMA-00842,2025-07-06T14:00:00+00:00,2025-07-12T02:18:57.171143+00:00,delivery_disputed,346.73,delivered,0,0,1,synthetic_demo
HIST-LUMA-INVALID-02,2025-07-15T10:00:00+00:00,,delivery_disputed,278.65,delivered,0,4,1,synthetic_demo
HIST-LUMA-01025,2025-05-30T07:00:00+00:00,2025-06-04T06:43:24.829081+00:00,delivery_disputed,56.14,delivered,0,1,1,synthetic_demo
HIST-LUMA-00455,2025-05-20T11:00:00+00:00,2025-05-23T18:00:02.682894+00:00,delivery_disputed,45.21,in_transit,0,3,1,synthetic_demo
HIST-LUMA-00004,2025-05-02T19:00:00+00:00,2025-05-06T11:06:02.153807+00:00,delivery_disputed,69.22,delivered,0,2,1,synthetic_demo
HIST-LUMA-00989,2025-06-09T11:00:00+00:00,2025-06-13T07:41:05.690085+00:00, PARCEL_LOST ,104.82,in_transit,0,0,2,synthetic_demo
HIST-LUMA-01009,2025-08-23T01:00:00+00:00,2025-08-28T01:55:59.442380+00:00,delivery_disputed,236.46,delivered,0,4,1,synthetic_demo
HIST-LUMA-00569,2025-05-04T10:00:00+00:00,2025-05-08T15:43:41.729546+00:00,parcel_lost,68.03,in_transit,0,0,1,synthetic_demo
HIST-LUMA-01095,2025-01-24T01:00:00+00:00,2025-01-25T21:14:42.888591+00:00,parcel_lost,21.64,in_transit,0,0,1,synthetic_demo
HIST-LUMA-00907,2025-07-01T20:00:00+00:00,2025-07-02T09:12:10.419273+00:00,parcel_lost,68.11,lost,0,1,1,synthetic_demo
HIST-LUMA-00686,2025-03-21T16:00:00+00:00,2025-03-24T00:33:34.308307+00:00,delivery_disputed,118.74,delivered,0,4,1,synthetic_demo
HIST-LUMA-00788,2025-04-06T23:00:00+00:00,2025-04-08T02:58:34.350425+00:00,parcel_lost,187.21,lost,0,3,1,synthetic_demo
HIST-LUMA-00682,2025-08-10T22:00:00+00:00,2025-08-17T10:19:00.177547+00:00,delivery_disputed,38.67,delivered,0,4,2,synthetic_demo
HIST-LUMA-00493,2025-01-12T14:00:00+00:00,2025-01-14T15:27:13.734330+00:00,refund_requested,84.28,delivered,1,3,1,synthetic_demo
HIST-LUMA-00024,2025-03-09T18:00:00+00:00,2025-03-15T02:10:50.694311+00:00,delivery_disputed,385.05,delivered,0,0,1,synthetic_demo
HIST-LUMA-00951,2025-05-15T03:00:00+00:00,2025-05-16T19:25:06.468458+00:00, DELIVERY_DISPUTED ,250.43,delivered,0,4,1,synthetic_demo
HIST-LUMA-00602,2025-02-01T13:00:00+00:00,2025-02-03T00:10:44.929990+00:00,parcel_lost,31.62,lost,0,1,1,synthetic_demo
HIST-LUMA-00582,2025-07-23T03:00:00+00:00,2025-07-25T08:25:59.428809+00:00,refund_requested,30.27,delivered,1,0,1,synthetic_demo
HIST-LUMA-00875,2025-02-22T17:00:00+00:00,2025-02-27T02:09:12.873490+00:00, DELIVERY_DISPUTED ,232.5,in_transit,0,0,1,synthetic_demo
HIST-LUMA-01178,2025-03-21T20:00:00+00:00,2025-03-23T09:16:24.480156+00:00,delivery_disputed,18.74,delivered,0,2,1,synthetic_demo
HIST-LUMA-00597,2025-02-05T12:00:00+00:00,2025-02-07T14:27:57.011590+00:00,refund_requested,127.66,in_transit,0,4,1,synthetic_demo
HIST-LUMA-00918,2025-03-10T12:00:00+00:00,2025-03-16T09:22:11.464608+00:00,parcel_lost,23.5,lost,0,3,1,synthetic_demo
HIST-LUMA-00786,2025-06-27T04:00:00+00:00,2025-06-30T12:23:08.870980+00:00,delivery_disputed,38.37,in_transit,0,0,1,synthetic_demo
HIST-LUMA-00007,2025-02-22T14:00:00+00:00,2025-02-27T20:52:51.186266+00:00,delivery_disputed,173.89,delivered,0,0,1,synthetic_demo
HIST-LUMA-01039,2025-07-02T00:00:00+00:00,2025-07-08T15:59:06.177149+00:00,delivery_disputed,182.03,in_transit,0,3,1,synthetic_demo
HIST-LUMA-00543,2025-05-14T13:00:00+00:00,2025-05-17T03:11:52.657028+00:00,parcel_lost,79.77,lost,0,4,2,synthetic_demo
HIST-LUMA-00856,2025-01-08T15:00:00+00:00,2025-01-09T11:41:15.507285+00:00, REFUND_REQUESTED ,341.01,delivered,1,1,3,synthetic_demo
HIST-LUMA-00070,2025-04-03T18:00:00+00:00,2025-04-10T02:42:41.493737+00:00,parcel_lost,99.86,lost,0,3,1,synthetic_demo
HIST-LUMA-00880,2025-01-26T22:00:00+00:00,2025-01-29T00:34:22.237653+00:00,parcel_lost,76.39,lost,0,0,1,synthetic_demo
HIST-LUMA-00563,2025-05-02T20:00:00+00:00,2025-05-03T05:24:31.294235+00:00,parcel_lost,93.94,lost,0,4,3,synthetic_demo
HIST-LUMA-00737,2025-04-16T17:00:00+00:00,2025-04-21T12:12:13.329132+00:00,delivery_disputed,136.97,delivered,0,1,1,synthetic_demo
HIST-LUMA-00321,2025-01-18T14:00:00+00:00,2025-01-18T22:22:45.783214+00:00,delivery_disputed,32.08,delivered,0,4,1,synthetic_demo
HIST-LUMA-00828,2025-01-29T13:00:00+00:00,2025-02-02T21:11:04.693376+00:00,parcel_lost,22.68,lost,0,0,3,synthetic_demo
HIST-LUMA-00014,2025-02-16T00:00:00+00:00,2025-02-16T12:43:25.316309+00:00,refund_requested,20.12,lost,0,2,1,synthetic_demo
HIST-LUMA-00544,2025-08-17T18:00:00+00:00,2025-08-21T06:18:22.309966+00:00,delivery_disputed,82.67,delivered,0,0,1,synthetic_demo
HIST-LUMA-00023,2025-01-29T09:00:00+00:00,2025-01-31T08:51:42.550282+00:00,delivery_disputed,56.77,delivered,0,0,1,synthetic_demo
HIST-LUMA-00189,2025-06-11T03:00:00+00:00,2025-06-15T06:53:40.992272+00:00,delivery_disputed,221.89,delivered,0,3,1,synthetic_demo
HIST-LUMA-00368,2025-01-15T15:00:00+00:00,2025-01-17T12:09:33.767644+00:00,refund_requested,150.78,delivered,1,2,1,synthetic_demo
HIST-LUMA-00431,2025-02-19T01:00:00+00:00,2025-02-21T16:13:48.069997+00:00,refund_requested,275.96,delivered,1,4,2,synthetic_demo
HIST-LUMA-00353,2025-04-17T22:00:00+00:00,2025-04-19T11:25:29.969898+00:00,parcel_lost,397.16,lost,0,3,1,synthetic_demo
HIST-LUMA-00229,2025-02-27T05:00:00+00:00,2025-03-01T10:36:10.148178+00:00, DELIVERY_DISPUTED ,69.95,lost,0,2,1,synthetic_demo
HIST-LUMA-00233,2025-05-05T06:00:00+00:00,2025-05-11T15:52:41.248689+00:00,refund_requested,237.58,in_transit,0,1,2,synthetic_demo
HIST-LUMA-00536,2025-03-15T13:00:00+00:00,2025-03-18T02:57:54.828244+00:00,parcel_lost,42.06,lost,0,3,1,synthetic_demo
HIST-LUMA-00740,2025-06-15T15:00:00+00:00,2025-06-17T10:12:35.400800+00:00,refund_requested,49.89,in_transit,1,1,1,synthetic_demo
HIST-LUMA-00263,2025-01-28T15:00:00+00:00,2025-01-31T05:34:18.954584+00:00,parcel_lost,81.65,lost,0,0,1,synthetic_demo
HIST-LUMA-01074,2025-02-15T02:00:00+00:00,2025-02-17T15:41:36.198571+00:00,refund_requested,19.23,delivered,1,3,2,synthetic_demo
HIST-LUMA-00194,2025-08-07T04:00:00+00:00,2025-08-08T23:48:43.692962+00:00,parcel_lost,15.31,lost,0,4,1,synthetic_demo
HIST-LUMA-00206,2025-01-03T18:00:00+00:00,2025-01-04T09:28:49.968627+00:00,refund_requested,153.06,delivered,1,2,1,synthetic_demo
HIST-LUMA-00447,2025-05-20T22:00:00+00:00,2025-05-26T16:01:48.188969+00:00,refund_requested,20.11,delivered,0,0,4,synthetic_demo
HIST-LUMA-00294,2025-07-22T20:00:00+00:00,2025-07-25T11:15:14.896744+00:00,refund_requested,68.84,delivered,0,3,1,synthetic_demo
HIST-LUMA-00100,2025-06-05T07:00:00+00:00,2025-06-06T12:11:05.579220+00:00,refund_requested,34.97,delivered,1,1,1,synthetic_demo
HIST-LUMA-01100,2025-06-05T06:00:00+00:00,2025-06-06T22:07:38.293506+00:00,parcel_lost,149.0,lost,0,2,2,synthetic_demo
HIST-LUMA-00634,2025-07-12T15:00:00+00:00,2025-07-18T05:28:26.094648+00:00,parcel_lost,91.24,lost,0,1,1,synthetic_demo
HIST-LUMA-00093,2025-03-22T21:00:00+00:00,2025-03-23T12:12:24.840510+00:00,parcel_lost,95.49,lost,0,4,3,synthetic_demo
HIST-LUMA-00422,2025-04-23T09:00:00+00:00,2025-04-24T21:25:35.875170+00:00,refund_requested,331.56,delivered,1,2,1,synthetic_demo
HIST-LUMA-00481,2025-07-06T04:00:00+00:00,2025-07-08T19:31:27.961811+00:00,parcel_lost,65.51,lost,0,3,1,synthetic_demo
HIST-LUMA-00484,2025-02-14T14:00:00+00:00,2025-02-16T00:44:47.574730+00:00,refund_requested,30.88,delivered,0,4,4,synthetic_demo
HIST-LUMA-00339,2025-07-12T16:00:00+00:00,2025-07-14T08:36:24.567958+00:00,parcel_lost,37.71,lost,0,2,1,synthetic_demo
HIST-LUMA-00065,2025-05-19T23:00:00+00:00,2025-05-22T11:11:42.413471+00:00,parcel_lost,413.03,lost,0,4,1,synthetic_demo
HIST-LUMA-00401,2025-06-14T09:00:00+00:00,2025-06-15T07:42:02.871629+00:00,parcel_lost,15.47,lost,0,2,1,synthetic_demo
HIST-LUMA-00644,2025-05-16T20:00:00+00:00,2025-05-23T01:27:33.113876+00:00,refund_requested,133.83,delivered,0,4,4,synthetic_demo
HIST-LUMA-01086,2025-01-22T23:00:00+00:00,2025-01-23T16:43:56.402781+00:00,refund_requested,330.36,delivered,1,3,2,synthetic_demo
HIST-LUMA-00711,2025-01-14T16:00:00+00:00,2025-01-16T11:23:45.764709+00:00,parcel_lost,104.01,in_transit,0,2,1,synthetic_demo
HIST-LUMA-00882,2025-07-18T00:00:00+00:00,2025-07-22T14:57:29.824986+00:00,parcel_lost,458.8,lost,0,0,4,synthetic_demo
HIST-LUMA-01036,2025-05-14T18:00:00+00:00,2025-05-17T07:13:20.707681+00:00,parcel_lost,66.63,lost,0,1,1,synthetic_demo
HIST-LUMA-00823,2025-08-02T14:00:00+00:00,2025-08-04T00:45:16.595549+00:00,parcel_lost,345.97,in_transit,0,0,2,synthetic_demo
HIST-LUMA-00625,2025-06-04T06:00:00+00:00,2025-06-08T01:19:47.338247+00:00,delivery_disputed,139.58,delivered,0,0,1,synthetic_demo
HIST-LUMA-00593,2025-08-18T04:00:00+00:00,2025-08-18T19:55:19.653942+00:00,parcel_lost,198.84,lost,0,4,1,synthetic_demo
HIST-LUMA-00231,2025-04-21T04:00:00+00:00,2025-04-22T16:05:31.559048+00:00,parcel_lost,273.16,lost,0,2,1,synthetic_demo
HIST-LUMA-00540,2025-02-16T09:00:00+00:00,2025-02-18T22:07:59.104576+00:00,delivery_disputed,29.28,delivered,0,3,2,synthetic_demo
HIST-LUMA-00738,2025-01-15T03:00:00+00:00,2025-01-17T17:04:34.295372+00:00,parcel_lost,25.93,lost,0,1,1,synthetic_demo
HIST-LUMA-00307,2025-07-03T16:00:00+00:00,2025-07-05T18:02:45.648561+00:00,delivery_disputed,27.74,in_transit,0,1,3,synthetic_demo
HIST-LUMA-00869,2025-06-30T12:00:00+00:00,2025-07-02T16:33:17.105198+00:00,refund_requested,152.6,delivered,1,0,2,synthetic_demo
HIST-LUMA-00838,2025-04-13T16:00:00+00:00,2025-04-16T01:38:28.168831+00:00,refund_requested,329.33,delivered,1,0,1,synthetic_demo
HIST-LUMA-00787,2025-03-29T21:00:00+00:00,2025-04-04T01:41:01.258409+00:00,parcel_lost,402.48,lost,0,2,1,synthetic_demo
HIST-LUMA-00756,2025-04-23T23:00:00+00:00,2025-04-28T18:07:28.246680+00:00,delivery_disputed,121.36,delivered,0,2,4,synthetic_demo
HIST-LUMA-01175,2025-02-13T00:00:00+00:00,2025-02-19T06:08:16.899396+00:00,parcel_lost,347.26,lost,0,0,3,synthetic_demo
HIST-LUMA-00567,2025-01-05T05:00:00+00:00,2025-01-07T12:31:00.709954+00:00,refund_requested,112.91,delivered,0,0,1,synthetic_demo
HIST-LUMA-01093,2025-07-11T17:00:00+00:00,2025-07-17T05:11:01.780652+00:00,delivery_disputed,219.67,delivered,0,0,1,synthetic_demo
HIST-LUMA-00820,2025-03-29T13:00:00+00:00,2025-03-31T22:16:54.740955+00:00,parcel_lost,439.97,lost,0,2,1,synthetic_demo
HIST-LUMA-00829,2025-04-02T22:00:00+00:00,2025-04-07T07:22:09.310633+00:00,delivery_disputed,311.33,delivered,0,1,3,synthetic_demo
HIST-LUMA-01191,2025-04-22T22:00:00+00:00,2025-04-25T03:58:45.769249+00:00,parcel_lost,108.25,lost,0,4,2,synthetic_demo
HIST-LUMA-01102,2025-04-26T22:00:00+00:00,2025-05-01T00:57:31.234075+00:00,parcel_lost,22.26,lost,0,0,2,synthetic_demo
HIST-LUMA-00804,2025-07-26T05:00:00+00:00,2025-07-27T06:01:03.491563+00:00,parcel_lost,105.18,lost,0,0,1,synthetic_demo
HIST-LUMA-00172,2025-07-04T07:00:00+00:00,2025-07-07T23:10:19.684925+00:00, DELIVERY_DISPUTED ,20.69,delivered,0,0,4,synthetic_demo
HIST-LUMA-00293,2025-06-22T00:00:00+00:00,2025-06-22T22:31:10.320962+00:00,parcel_lost,42.15,lost,0,3,1,synthetic_demo
HIST-LUMA-00333,2025-05-20T19:00:00+00:00,2025-05-27T13:23:08.230980+00:00,delivery_disputed,45.52,delivered,0,0,2,synthetic_demo
HIST-LUMA-00179,2025-05-07T06:00:00+00:00,2025-05-09T06:54:57.798592+00:00,delivery_disputed,15.47,delivered,0,2,4,synthetic_demo
HIST-LUMA-00316,2025-02-25T17:00:00+00:00,2025-02-27T04:03:32.713615+00:00,delivery_disputed,29.46,delivered,0,2,1,synthetic_demo
HIST-LUMA-01143,2025-05-26T13:00:00+00:00,2025-06-01T12:38:40.819725+00:00,delivery_disputed,28.22,in_transit,0,0,1,synthetic_demo
HIST-LUMA-00040,2025-01-26T21:00:00+00:00,2025-02-01T19:06:03.501578+00:00,parcel_lost,22.96,in_transit,0,3,1,synthetic_demo
HIST-LUMA-00904,2025-06-07T06:00:00+00:00,2025-06-08T02:22:41.924134+00:00,delivery_disputed,24.8,delivered,0,4,1,synthetic_demo
HIST-LUMA-00460,2025-05-17T05:00:00+00:00,2025-05-17T19:11:38.891208+00:00,parcel_lost,34.48,lost,0,2,1,synthetic_demo
HIST-LUMA-00009,2025-06-09T04:00:00+00:00,2025-06-11T16:12:40.182122+00:00,refund_requested,341.45,delivered,1,3,3,synthetic_demo
HIST-LUMA-00810,2025-02-05T08:00:00+00:00,2025-02-07T10:14:28.297455+00:00,delivery_disputed,171.24,delivered,0,3,2,synthetic_demo
HIST-LUMA-00167,2025-04-12T10:00:00+00:00,2025-04-17T18:42:07.320209+00:00,delivery_disputed,187.18,in_transit,0,0,1,synthetic_demo
HIST-LUMA-00489,2025-06-02T18:00:00+00:00,2025-06-03T23:19:50.785999+00:00,refund_requested,336.21,in_transit,1,3,1,synthetic_demo
HIST-LUMA-00707,2025-03-27T04:00:00+00:00,2025-03-28T20:13:21.185306+00:00,parcel_lost,363.12,in_transit,0,0,1,synthetic_demo
HIST-LUMA-00926,2025-07-17T06:00:00+00:00,2025-07-23T22:14:36.336665+00:00,delivery_disputed,26.3,in_transit,0,4,2,synthetic_demo
HIST-LUMA-01146,2025-03-05T06:00:00+00:00,2025-03-06T19:19:03.580637+00:00,parcel_lost,25.15,lost,0,2,1,synthetic_demo
HIST-LUMA-01170,2025-03-23T01:00:00+00:00,2025-03-26T04:57:16.491561+00:00,delivery_disputed,47.82,in_transit,0,2,2,synthetic_demo
HIST-LUMA-00978,2025-05-28T22:00:00+00:00,2025-05-29T17:41:03.116142+00:00,delivery_disputed,33.4,delivered,0,2,1,synthetic_demo
HIST-LUMA-00929,2025-02-18T06:00:00+00:00,2025-02-21T08:29:43.261719+00:00,delivery_disputed,289.86,delivered,0,2,1,synthetic_demo
HIST-LUMA-00306,2025-01-27T13:00:00+00:00,2025-01-28T20:09:12.662228+00:00,delivery_disputed,17.18,lost,0,0,1,synthetic_demo
HIST-LUMA-00698,2025-07-23T09:00:00+00:00,2025-07-26T23:26:19.319056+00:00,parcel_lost,172.38,in_transit,0,4,1,synthetic_demo
HIST-LUMA-00725,2025-03-29T05:00:00+00:00,2025-03-29T18:28:55.214176+00:00,parcel_lost,22.85,lost,0,0,1,synthetic_demo
HIST-LUMA-00285,2025-04-18T20:00:00+00:00,2025-04-21T11:34:15.029723+00:00,refund_requested,17.61,delivered,1,1,1,synthetic_demo
HIST-LUMA-00011,2025-01-23T03:00:00+00:00,2025-01-28T00:50:42.932381+00:00,delivery_disputed,28.4,in_transit,0,0,1,synthetic_demo
HIST-LUMA-00954,2025-04-26T05:00:00+00:00,2025-04-29T21:44:02.193113+00:00,delivery_disputed,297.73,delivered,0,3,1,synthetic_demo
HIST-LUMA-00385,2025-05-10T15:00:00+00:00,2025-05-13T18:01:25.508636+00:00,delivery_disputed,134.53,delivered,0,1,1,synthetic_demo
HIST-LUMA-00817,2025-07-23T00:00:00+00:00,2025-07-25T09:19:09.480980+00:00,parcel_lost,179.76,in_transit,0,3,1,synthetic_demo
HIST-LUMA-00874,2025-02-13T12:00:00+00:00,2025-02-14T04:15:54.710215+00:00,parcel_lost,132.13,lost,0,2,2,synthetic_demo
HIST-LUMA-00603,2025-08-22T11:00:00+00:00,2025-08-29T03:36:53.702004+00:00,delivery_disputed,64.13,in_transit,0,1,3,synthetic_demo
HIST-LUMA-00113,2025-08-06T10:00:00+00:00,2025-08-08T19:39:34.632689+00:00,parcel_lost,93.96,lost,0,1,1,synthetic_demo
HIST-LUMA-00131,2025-06-05T17:00:00+00:00,2025-06-06T14:19:53.218100+00:00,refund_requested,92.4,in_transit,1,3,3,synthetic_demo
HIST-LUMA-00988,2025-05-17T08:00:00+00:00,2025-05-19T16:38:08.285131+00:00,refund_requested,67.22,in_transit,1,3,2,synthetic_demo
HIST-LUMA-01029,2025-06-22T21:00:00+00:00,2025-06-29T13:18:34.764884+00:00,delivery_disputed,400.57,in_transit,0,2,3,synthetic_demo
HIST-LUMA-00273,2025-01-09T07:00:00+00:00,2025-01-11T22:16:44.660749+00:00,refund_requested,136.69,delivered,1,4,2,synthetic_demo
HIST-LUMA-00287,2025-03-20T21:00:00+00:00,2025-03-21T08:25:56.225757+00:00,parcel_lost,83.77,lost,0,4,4,synthetic_demo
HIST-LUMA-00672,2025-01-13T19:00:00+00:00,2025-01-18T12:56:31.315971+00:00,delivery_disputed,170.88,in_transit,0,3,1,synthetic_demo
HIST-LUMA-00465,2025-07-13T17:00:00+00:00,2025-07-15T11:07:37.719891+00:00,refund_requested,63.69,delivered,0,0,2,synthetic_demo
HIST-LUMA-00801,2025-03-03T14:00:00+00:00,2025-03-05T00:04:08.571815+00:00,parcel_lost,407.78,lost,0,4,1,synthetic_demo
HIST-LUMA-00709,2025-03-23T15:00:00+00:00,2025-03-24T11:48:22.717818+00:00,refund_requested,49.41,delivered,0,1,1,synthetic_demo
HIST-LUMA-00413,2025-07-16T22:00:00+00:00,2025-07-18T12:56:42.569215+00:00,refund_requested,17.98,delivered,0,1,3,synthetic_demo
HIST-LUMA-00150,2025-06-21T07:00:00+00:00,2025-06-22T05:08:16.433124+00:00,parcel_lost,22.47,lost,0,0,1,synthetic_demo
HIST-LUMA-00088,2025-05-10T08:00:00+00:00,2025-05-11T05:25:36.986395+00:00,parcel_lost,105.53,lost,0,4,2,synthetic_demo
HIST-LUMA-00352,2025-01-14T11:00:00+00:00,2025-01-19T13:05:13.493200+00:00,delivery_disputed,69.94,delivered,0,0,2,synthetic_demo
HIST-LUMA-00962,2025-05-14T10:00:00+00:00,2025-05-20T01:54:05.898756+00:00,delivery_disputed,20.59,delivered,0,1,2,synthetic_demo
HIST-LUMA-00400,2025-08-21T13:00:00+00:00,2025-08-26T14:40:08.308323+00:00, DELIVERY_DISPUTED ,365.9,delivered,0,2,1,synthetic_demo
HIST-LUMA-00824,2025-05-22T21:00:00+00:00,2025-05-23T10:15:56.420817+00:00,parcel_lost,346.48,lost,0,0,1,synthetic_demo
HIST-LUMA-01196,2025-02-12T13:00:00+00:00,2025-02-18T19:50:11.981816+00:00,delivery_disputed,24.78,in_transit,0,1,3,synthetic_demo
HIST-LUMA-00724,2025-07-03T16:00:00+00:00,2025-07-03T22:48:04.801288+00:00,refund_requested,254.71,delivered,0,4,1,synthetic_demo
HIST-LUMA-00553,2025-04-14T15:00:00+00:00,2025-04-21T07:47:10.927857+00:00,delivery_disputed,19.02,in_transit,0,2,2,synthetic_demo
HIST-LUMA-00794,2025-05-19T03:00:00+00:00,2025-05-23T05:37:16.742541+00:00,delivery_disputed,240.53,delivered,0,1,1,synthetic_demo
HIST-LUMA-00020,2025-04-17T01:00:00+00:00,2025-04-19T11:33:27.722978+00:00, PARCEL_LOST ,78.65,lost,0,0,1,synthetic_demo
HIST-LUMA-00303,2025-04-07T00:00:00+00:00,2025-04-13T07:02:41.375273+00:00,delivery_disputed,218.03,delivered,0,1,1,synthetic_demo
HIST-LUMA-00428,2025-07-25T23:00:00+00:00,2025-07-27T22:17:33.924693+00:00,parcel_lost,163.48,lost,0,0,2,synthetic_demo
HIST-LUMA-01006,2025-01-08T12:00:00+00:00,2025-01-10T21:03:30.340088+00:00,delivery_disputed,32.11,delivered,0,2,1,synthetic_demo
HIST-LUMA-00416,2025-04-05T05:00:00+00:00,2025-04-10T11:18:35.307553+00:00,delivery_disputed,135.53,in_transit,0,2,1,synthetic_demo
HIST-LUMA-00599,2025-04-04T10:00:00+00:00,2025-04-10T01:34:38.632146+00:00,delivery_disputed,36.75,delivered,0,0,1,synthetic_demo
HIST-LUMA-00955,2025-07-08T01:00:00+00:00,2025-07-08T22:26:55.356900+00:00,parcel_lost,222.34,lost,0,4,1,synthetic_demo
HIST-LUMA-00985,2025-01-19T15:00:00+00:00,2025-01-20T00:51:14.101657+00:00,refund_requested,370.41,delivered,1,2,1,synthetic_demo
HIST-LUMA-00889,2025-06-11T07:00:00+00:00,2025-06-16T16:09:59.191535+00:00,parcel_lost,36.7,lost,0,2,2,synthetic_demo
HIST-LUMA-00095,2025-07-05T22:00:00+00:00,2025-07-09T23:21:42.800576+00:00,delivery_disputed,114.04,delivered,0,0,1,synthetic_demo
HIST-LUMA-00519,2025-07-22T17:00:00+00:00,2025-07-24T11:59:18.755870+00:00,parcel_lost,303.17,lost,0,3,2,synthetic_demo
HIST-LUMA-00045,2025-06-24T02:00:00+00:00,2025-07-01T01:41:43.284664+00:00,delivery_disputed,217.06,delivered,0,0,4,synthetic_demo
HIST-LUMA-00476,2025-05-07T09:00:00+00:00,2025-05-12T08:39:11.736059+00:00, DELIVERY_DISPUTED ,117.46,delivered,0,1,4,synthetic_demo
HIST-LUMA-00076,2025-02-18T04:00:00+00:00,2025-02-22T15:12:33.950333+00:00,delivery_disputed,81.79,delivered,0,2,2,synthetic_demo
HIST-LUMA-00423,2025-02-20T21:00:00+00:00,2025-02-26T14:14:27.238066+00:00,delivery_disputed,15.47,delivered,0,0,1,synthetic_demo
HIST-LUMA-00700,2025-05-05T17:00:00+00:00,2025-05-07T08:24:14.727177+00:00,delivery_disputed,50.81,delivered,0,4,1,synthetic_demo
HIST-LUMA-01042,2025-07-17T17:00:00+00:00,2025-07-18T09:30:10.902938+00:00,delivery_disputed,31.76,delivered,0,2,1,synthetic_demo
HIST-LUMA-00041,2025-04-21T00:00:00+00:00,2025-04-25T13:24:17.181659+00:00,delivery_disputed,432.57,delivered,0,4,1,synthetic_demo
HIST-LUMA-00730,2025-01-14T16:00:00+00:00,2025-01-17T18:50:01.178883+00:00,delivery_disputed,15.84,delivered,0,1,1,synthetic_demo
HIST-LUMA-00528,2025-06-23T01:00:00+00:00,2025-06-25T17:22:45.827229+00:00,refund_requested,94.38,in_transit,1,0,1,synthetic_demo
HIST-LUMA-00975,2025-03-24T05:00:00+00:00,2025-03-25T00:59:28.907533+00:00,refund_requested,34.23,delivered,1,1,2,synthetic_demo
HIST-LUMA-00012,2025-07-03T11:00:00+00:00,2025-07-05T03:57:42.170924+00:00,refund_requested,68.31,delivered,1,4,2,synthetic_demo
HIST-LUMA-00322,2025-06-22T18:00:00+00:00,2025-06-24T13:11:23.447641+00:00,delivery_disputed,43.67,in_transit,0,4,1,synthetic_demo
HIST-LUMA-00049,2025-07-24T12:00:00+00:00,2025-07-24T20:08:47.064852+00:00,refund_requested,69.89,lost,1,0,3,synthetic_demo
HIST-LUMA-00053,2025-01-29T20:00:00+00:00,2025-01-30T10:41:56.576173+00:00,parcel_lost,84.74,lost,0,1,1,synthetic_demo
HIST-LUMA-00211,2025-04-03T18:00:00+00:00,2025-04-09T01:38:13.365715+00:00,parcel_lost,31.0,lost,0,0,2,synthetic_demo
HIST-LUMA-01034,2025-06-21T01:00:00+00:00,2025-06-26T18:03:57.862475+00:00,parcel_lost,421.01,lost,0,0,3,synthetic_demo
HIST-LUMA-00811,2025-05-19T11:00:00+00:00,2025-05-19T21:53:20.599122+00:00,refund_requested,20.28,in_transit,1,3,1,synthetic_demo
HIST-LUMA-00283,2025-03-15T06:00:00+00:00,2025-03-20T03:27:24.705608+00:00,delivery_disputed,288.23,delivered,0,1,2,synthetic_demo
HIST-LUMA-01099,2025-07-21T22:00:00+00:00,2025-07-28T06:44:44.653979+00:00,delivery_disputed,18.53,delivered,0,3,4,synthetic_demo
HIST-LUMA-00779,2025-01-14T16:00:00+00:00,2025-01-16T00:10:36.339008+00:00,parcel_lost,164.26,lost,0,0,2,synthetic_demo
HIST-LUMA-00473,2025-01-15T23:00:00+00:00,2025-01-20T05:54:47.592355+00:00,delivery_disputed,420.57,in_transit,0,4,2,synthetic_demo
HIST-LUMA-00258,2025-06-07T10:00:00+00:00,2025-06-14T06:09:42.128481+00:00,parcel_lost,416.35,in_transit,0,3,1,synthetic_demo
HIST-LUMA-00635,2025-08-05T18:00:00+00:00,2025-08-11T03:26:47.082031+00:00,delivery_disputed,79.26,lost,0,0,1,synthetic_demo
HIST-LUMA-00002,2025-01-02T21:00:00+00:00,2025-01-09T09:08:43.778201+00:00,delivery_disputed,34.23,delivered,0,2,1,synthetic_demo
HIST-LUMA-00246,2025-03-06T23:00:00+00:00,2025-03-07T10:07:17.756079+00:00,refund_requested,23.89,lost,1,0,3,synthetic_demo
HIST-LUMA-00849,2025-02-22T11:00:00+00:00,2025-02-25T14:26:05.128512+00:00,delivery_disputed,95.33,delivered,0,1,1,synthetic_demo
HIST-LUMA-00318,2025-07-11T23:00:00+00:00,2025-07-17T05:13:31.746070+00:00,delivery_disputed,22.34,delivered,0,0,1,synthetic_demo
HIST-LUMA-00656,2025-06-26T08:00:00+00:00,2025-06-27T01:28:28.992150+00:00,delivery_disputed,23.53,delivered,0,4,1,synthetic_demo
HIST-LUMA-00271,2025-05-04T15:00:00+00:00,2025-05-07T06:53:11.774215+00:00,refund_requested,130.45,delivered,1,0,1,synthetic_demo
HIST-LUMA-01159,2025-08-23T00:00:00+00:00,2025-08-25T05:36:27.822099+00:00,parcel_lost,274.98,in_transit,0,4,1,synthetic_demo
HIST-LUMA-00253,2025-08-12T18:00:00+00:00,2025-08-14T01:28:03.133326+00:00,delivery_disputed,405.15,delivered,0,3,1,synthetic_demo
HIST-LUMA-00997,2025-03-07T08:00:00+00:00,2025-03-07T20:06:15.854626+00:00,refund_requested,72.84,in_transit,0,3,1,synthetic_demo
HIST-LUMA-00839,2025-01-23T04:00:00+00:00,2025-01-24T11:12:45.490894+00:00,delivery_disputed,348.66,lost,0,4,3,synthetic_demo
HIST-LUMA-00630,2025-07-18T04:00:00+00:00,2025-07-22T15:05:06.518013+00:00,refund_requested,24.04,in_transit,1,1,4,synthetic_demo
HIST-LUMA-01016,2025-08-08T00:00:00+00:00,2025-08-08T15:14:21.217453+00:00,delivery_disputed,100.4,lost,0,1,1,synthetic_demo
