
> agentium@0.1.0 test:unit
> node scripts/run-unit.mjs

✔ POST composes an explicit workspace with an idempotency header (6.330125ms)
✔ 401 refresh retry preserves the active X-Workspace-Slug (37.576125ms)
✔ an explicit workspace header wins over the current workspace and survives retry (77.600167ms)
✔ a wrapped 500 auth error preserves the historical refresh retry (1.440417ms)
✔ concurrent 401 retries preserve the workspace on every queued request (1.878833ms)
✔ HttpClient and direct fetch share one refresh while retaining distinct workspaces (4.611458ms)
✔ a late 401 reuses the token refreshed by an earlier request (89.671167ms)
✔ a failed shared refresh rejects every concurrent request and expires once (1.148958ms)
✔ cancelling the refresh leader does not strand a concurrent follower (0.817292ms)
✔ a started refresh survives cancellation and a later 401 joins it (0.742209ms)
✔ a 401 from the retried business request does not clear the refreshed session (1.294041ms)
✔ a 403 from the retried business request does not clear the refreshed session (0.477375ms)
✔ a 500 from the retried business request does not clear the refreshed session (0.307291ms)
✔ appearance accepts bounded options and never exposes arbitrary CSS or native profiles (4.9165ms)
✔ preview and runtime use the same palette, contrast choice and logo fallback (1.835459ms)
✔ custom mid-tone accents keep readable text at the contrast boundary (0.33275ms)
✔ listSkills keeps the backwards-compatible empty fallback by default (13.136167ms)
✔ listSkills can propagate transport errors to truth-sensitive catalogs (1.839375ms)
✔ listSystems preserves fallback compatibility but can fail closed for Studio (1.297417ms)
✔ the shared model catalogue propagates failures and resolves with the explicit System context (28.766125ms)
✔ version history keeps backwards-compatible empty/null fallbacks by default (19.618541ms)
✔ truth-sensitive version history can propagate list and preview failures (1.315333ms)
✔ round-trip: nodes.<id>.data.retrieval_defaults.top_k survives normalize (load) (4.923625ms)
✔ round-trip: annotateSidecars (save path) does not drop node data/config (0.744792ms)
✔ normalize is idempotent for the budget flow (load → snapshot → load fidelity) (1.760584ms)
✔ PART A.4: skill config.params.<key> is the shared home and round-trips (0.527875ms)
✔ validateFlow flags a task node with no skill bound (3.571583ms)
✔ validateFlow accepts a bound skill task with no warnings for it (0.356ms)
✔ validateFlow rejects duplicate node ids before ambiguous map construction (0.355625ms)
✔ edge identity is structured, collision-free and rejects true duplicates (0.98575ms)
✔ strict Flow requires exactly one explicit output sink (2.00875ms)
✔ Decision condition structural validation accepts the runtime DSL and rejects unsafe syntax (2.766791ms)
✔ validateFlow accepts a fully wired Decision contract (4.294208ms)
✔ validateFlow mirrors Decision contract diagnostics (5.933667ms)
✔ validateFlow reports unwired Decision routes and foreign branch edges (9.099ms)
✔ validateFlow pairs fork/join by real reconvergence, not global counts (0.689583ms)
✔ validateFlow accepts a labelled fork whose lanes post-dominate at a join (0.337958ms)
✔ normalize backfills schema_version 3 idempotently (v2 -> v3) (0.196625ms)
✔ normalize infers typed ports from data edges that name a port (idempotent) (0.413292ms)
✔ normalize leaves legacy inputs_map dot-path strings intact (0.134292ms)
✔ validateFlow: port_type_mismatch warns on incompatible primitives only (0.244833ms)
✔ validateFlow: port_type_mismatch silent on numeric widening + portless edges (0.167959ms)
✔ validateFlow: variable_unresolved warns on unknown/non-upstream refs, silent for reserved + legacy (0.358167ms)
✔ VariableRef JSON shape matches the backend strict contract (0.121334ms)
✔ validateFlow rejects the same malformed VariableRefs as the backend (0.420334ms)
✔ strict dot-path conversion refuses empty path segments (0.431416ms)
✔ topoSort returns an order for a DAG and null for a cycle (0.257ms)
✔ ingress kind typos and inbound source nodes are blocking (0.161625ms)
✔ agent loop requires a turn budget and a compact allowlist (0.116209ms)
✔ loop and retry budgets must be finite positive integers (0.2245ms)
✔ every lexicon entry is complete in both languages (12.300708ms)
✔ definitions stay one line of plain language (0.341541ms)
✔ concept ids are unique (0.518291ms)
✔ a forbidden word belongs to exactly one concept (0.445625ms)
✔ the canonical term of a concept is never itself forbidden (0.326416ms)
✔ lookups fall back instead of throwing on an unknown concept (0.22125ms)
✔ the dictionary keeps FR/EN parity across every domain (106.254125ms)
✔ each key lives in the domain module that owns its prefix (46.611792ms)
✔ no key is defined by two domains, so the merge order never decides (5.922125ms)
✔ the interpolation placeholders of a key match across locales (27.596125ms)
✔ the English PR to PO desk does not keep French dossier or terrain (8.248958ms)
✔ LiveKit workspace invalidation suppresses queued data synchronously (3.716792ms)
✔ session.start carries the mode the caller asked the room for (10.255541ms)
✔ a control frame with no dedicated helper travels with its payload intact (0.297ms)
✔ a framed answer reaches the surface as one whole event (2.083542ms)
✔ a one-frame payload takes the same path as a large one (0.392167ms)
✔ an interrupted push is dropped rather than half-delivered (0.327667ms)
✔ opening a room asks for its mode from the very first hop (4.504667ms)
✔ a rejected LiveKit await after A→B is surfaced as workspace cancellation (63.131709ms)
✔ navigation guard observes V2 after the legacy decision and executes only legacy output (9.4225ms)
✔ an unexpected shadow exception never interrupts legacy navigation (0.816959ms)
✔ a direct legacy decision remains direct even when shadow reports a divergence (1.602791ms)
✔ business profile resolves the Andritz applications in their stable order (20.290625ms)
✔ a partial legacy profile cannot hide an app before the entitlement flag (0.92225ms)
✔ admin keeps the full Agentium shell unless business preview is enabled (1.110541ms)
✔ business allowed paths remain stable inputs for the navigation resolver (1.000875ms)
✔ V2 produces the business shell policy when its workspace flag is enabled (3.815125ms)
✔ app entitlements filter both legacy and V2 profiles and missing grants fail closed (15.415292ms)
✔ NavigationProfile consumes installed app authority when the platform gate is active (8.674167ms)
✔ platform authority never exposes an installed business app without a member grant (44.305291ms)
✔ NavigationProfile never revives the legacy shell when enabled platform authority is invalid (2.283291ms)
✔ business policy matrix is owned once and every destination is terminal (19.314833ms)
✔ business policy keeps the admin shell until preview is explicitly enabled (1.521291ms)
✔ V2 business redirects are executed only by the navigation resolver (2.572375ms)
✔ enabled Workspace App authority redirects every invalid runtime surface to a terminal unavailable shell (2.576666ms)
✔ invalid runtime exposes the isolated repair route only to workspace admins (0.858ms)
✔ the unavailable page cannot masquerade as workspace state once platform authority is healthy or disabled (3.278875ms)
✔ app entitlements redirect denied business surfaces to an entitled terminal route (1.494541ms)
✔ an unsafe or self-referential business default falls back to chat (0.763875ms)
✔ demo hypervisor resolves once to the configured default route (0.8025ms)
✔ axes v4 owns legacy hypervisor object links and keeps Hypervisor at Portfolio (0.851625ms)
✔ builder + nav v5 sends Portfolio home to /create (D4) (0.487125ms)
✔ legacy focus and tab queries rewrite to the v5 grammar (0.604916ms)
✔ Mission Room fallback and deep links require the workspace extension (0.72675ms)
✔ a stale Mission Room default cannot loop while the extension is disabled (0.461334ms)
✔ business policy resolves a Mission Room deep link directly to its terminal surface (0.35425ms)
✔ demo entry aliases cannot create a self redirect or an Angular alias cycle (0.2875ms)
✔ workspace entrypoint resolves once with an encoded active slug (0.674875ms)
✔ workspace query on a product route activates that tenant (0.746ms)
✔ workspace deep links activate their tenant before component construction (0.439833ms)
✔ unknown workspace deep links resolve back to the active workspace (29.4735ms)
✔ workspace load failure fallback remains owned by the navigation resolver (2.1845ms)
✔ business policy has deterministic precedence over demo and workspace entrypoints (0.579583ms)
✔ adoption generic home follows the task and retains authorized deep links (4.745583ms)
✔ an unavailable application is never bypassed by the adoption home (38.57675ms)
✔ direct navigation emits one workspace-scoped event without query or fragment (15.431292ms)
✔ explicit redirect keeps the original request, owner and typed reason (20.568041ms)
✔ explicit redirect records the final destination after a chained Angular redirect (2.820166ms)
✔ workspace extension rejection emits the resolver-owned audit reason (29.900792ms)
✔ explicit redirect survives a superseded navigation when its replacement wins (2.820292ms)
✔ a superseded redirect cannot leak into a different replacement destination (3.837208ms)
✔ cancelled or failed redirects cannot leak into a later navigation (35.215334ms)
✔ static Angular redirect is inferred from urlAfterRedirects (7.758583ms)
✔ public/auth routes and navigations without a workspace are not emitted (1.488375ms)
✔ the first NavigationEnd is safely backfilled after workspace loading (1.149416ms)
✔ privacy and surface helpers redact identifiers and reuse the catalog ids (8.545458ms)
✔ navigation.transition is off unless the workspace opts in (1.274625ms)
✔ navigation.transition records zone, depth and inferred trigger behind the flag (34.762209ms)
✔ popstate navigations classify as history without leaking query text (6.126625ms)
✔ the Flow entry is named after the destination it resolves to (5.302541ms)
✔ destination naming exposes a dedicated key so a locale can override it (0.74025ms)
✔ sections without a dynamic destination keep their catalog naming (0.547041ms)
✔ Client360 stays classified under Operate in the standard admin cockpit (3.383875ms)
✔ Andritz business app catalog keeps its stable routes and API prefixes (1.320042ms)
✔ surface registry owns unique ids and every rail section references it (0.32075ms)
✔ lens changes preserve Capability, System, Run and SkillInvocation identity (206.249542ms)
✔ scope routes retain the real current ancestry (3.382625ms)
✔ object builders use canonical locators and business guards match registered surfaces (8.496916ms)
✔ axes v4 has four object lenses and a distinct Portfolio destination (1.264292ms)
✔ unknown navigation query values never influence the cockpit projection (0.634292ms)
✔ experience studio adds one Create entry and keeps the zone catalogues (1.230666ms)
✔ the data plane is one Build entry that owns both of its routes (1.070209ms)
✔ Lot 6 orphan leaves are catalogued (1.280084ms)
✔ legacy query aliases hydrate the canonical grammar (1.071375ms)
✔ nav v5 sommaire has no object-type index outside Create (I1) (0.218167ms)
✔ OBJECT_FACETS lists System descendants used by the sommaire branch (1.245167ms)
✔ a page link keeps lens and ancestry (I3) (3.864792ms)
✔ every catalogued surface route is reachable through a declared route (3.032584ms)
✔ every surface and leaf route is absolute (0.330334ms)
✔ planned orphan leaves have a catalog entry (0.40125ms)
✔ every Router path has a catalog entry or a named exemption (91.421667ms)
✔ ObjectPerspectiveStore validates, preloads and caches one invariant four-lens bundle (43.769916ms)
✔ a late server gate revocation purges the projection and refreshes workspace authority (1.710042ms)
✔ concurrent non-force loads share one authoritative four-lens request (0.972708ms)
✔ a newer force refresh wins even when it completes before the older request (1.132ms)
✔ one snapshot mismatch retries all four reads once in the same request generation (0.753667ms)
✔ a persistent snapshot mismatch fails after one complete retry (0.677458ms)
✔ cache TTL is finite and forceRefresh atomically invalidates a fresh bundle (0.925292ms)
✔ the cache key includes workspace epoch even before a reset notification (61.976042ms)
✔ the cache key includes workspace identity when a slug is recreated in the same epoch (11.570791ms)
✔ logout and a new principal cannot reuse the previous principal cache (18.222291ms)
✔ a late response from principal A is rejected after principal B logs in (1.405167ms)
✔ a late 410 from principal A cannot revoke the projection for principal B (0.86175ms)
✔ a workspace reset rejects late responses and cannot repopulate the cache (9.626875ms)
✔ a late 410 from workspace A cannot revoke the projection in workspace B (1.137209ms)
✔ schema and cross-lens invariant violations never populate the cache (6.348042ms)
✔ a SkillInvocation request without its parent Run fails before an API call (2.660708ms)
✔ a workspace without the setting keeps the Agentium chrome (3.193375ms)
✔ the immersive workspace-app brand never rebrands the platform chrome (0.209292ms)
✔ a label and an emblem together carry the tenant identity (1.880583ms)
✔ a tenant may declare a second artwork for light surfaces (0.204334ms)
✔ the light variant alone never makes a brand whole (0.30375ms)
✔ a malformed or blank light variant falls back to the single emblem (0.260125ms)
✔ half a declaration is refused rather than mixed with our own brand (0.187875ms)
✔ a malformed setting cannot break the chrome (0.215334ms)
✔ the return route is kept only when it is an in-app absolute path (0.6065ms)
✔ a fresh browser follows the operating system (2.658334ms)
✔ an explicit preference on the unified key is honoured (0.178041ms)
✔ the business-shell key is adopted when the unified key is unset (0.131208ms)
✔ the pin's constant dark loses to a real business-shell choice (0.121917ms)
✔ a non-dark unified value outranks the legacy key (0.237792ms)
✔ garbage in either key never escapes the tri-state (0.168ms)
✔ dispose discards recorder A without emitting a final chunk or endpoint (4.193291ms)
✔ hard stop invalidates a getUserMedia request still arming in workspace A (1.874ms)
✔ normal endpoint still flushes audio and calls onEndpoint once (8.655167ms)
✔ the direct WebSocket lane carries the assistant mode and its session context (136.684375ms)
✔ the direct lane rejoins a framed answer exactly as the LiveKit lane does (1.441375ms)
✔ voice WebSocket pins the captured workspace query and closes on switch (53.347542ms)
✔ a rejected play promise from workspace A cannot advance or finish the B queue (22.686833ms)
✔ business proof requires a declared and granted primary entitlement (175.336916ms)
✔ business proof never downgrades to a route-only check (0.292666ms)
✔ immersive proof requires an entitlement-free extension boundary (0.255334ms)
✔ immersive proof targets the manifest that owns the Mission Room projection (0.217084ms)
✔ standard proof also fails closed on an unenforced entitlement declaration (2.371875ms)
✔ shadow runtime records a match against the exact legacy redirect decision (117.0705ms)
✔ shadow runtime reports but never applies a divergent legacy decision (7.866959ms)
✔ workspace entrypoint blocks a cross-workspace target before slug redaction (2.697292ms)
✔ system capture keeps only equality/presence proofs and never retains its query value (1.617833ms)
✔ system capture blocks a different forwarded System id without retaining either id (1.649833ms)
✔ system capture without the semantic systemId key is an observed divergence (17.14625ms)
✔ unknown runtime configuration is fail-closed evidence instead of a thrown error (3.096416ms)
✔ workspace reset atomically clears reports and rejects late A observations (5.93025ms)
✔ current complete Sentinel payload marks both critical scenarios observed without mutation (4.842584ms)
✔ sealed Mission Room proofs aggregate across workspaces and invalidate on config drift (42.142125ms)
✔ sealed proof does not survive workspace recreation with the same slug and config (12.349375ms)
✔ raw Mission Room observation cannot be resealed after same-id config drift (226.2055ms)
✔ a synthetic projection cannot overwrite an observed runtime divergence (99.513083ms)
✔ Mission Room rejects an old workspace id after same-slug recreation without epoch change (5.336625ms)
✔ Sentinel observation with an absent brand remains invalid and fail-closed (23.510292ms)
✔ Sentinel observation with a primitive brand remains invalid and fail-closed (133.240375ms)
✔ Octocity non-empty brand without style is compared as the Sentinel UI fallback (18.5085ms)
✔ Octocity contradictory brand label is retained only as a private fingerprint input (3.782709ms)
✔ Mission Room brand label/style fields fail closed when present with invalid types (1.660083ms)
✔ Mission Room observation error is preserved as fail-closed evidence (1.518792ms)
✔ Mission Room payload with a slug inconsistent with its scope is ignored (0.305541ms)
✔ registry IDs are unique and deterministically ordered by priority (2.426625ms)
✔ Andritz member keeps the rendered business experience and hard-coded surface order (3.82775ms)
✔ app entitlements filter the V2 business policy in canonical order and fail closed (0.679ms)
✔ app entitlement payload is ignored until its feature flag is enabled (2.529708ms)
✔ workspace app runtime is a strict no-op while its feature flag is off (1.238125ms)
✔ authoritative business installations own surfaces and routes without legacy fallback (142.158417ms)
✔ authoritative business installations require grants even when the legacy entitlement flag is off (5.11025ms)
✔ three Andritz installations expose four entitled surfaces without a fourth app (4.956ms)
✔ authoritative Mission Room projection isolates Sentinel and Octocity from crossed legacy terms (2.150208ms)
✔ runtime bootstrap transports the generic provider contract and rejects malformed endpoints (1.605625ms)
✔ enabled platform fails closed to an isolated unavailable shell when runtime authority is absent or invalid (0.63175ms)
✔ invalid runtime keeps the unavailable page terminal and grants only admins the isolated repair route (0.260542ms)
✔ Andritz admin remains standard while admin preview restores business (1.244833ms)
✔ workspace_admin role template is classified as admin (0.45275ms)
✔ unsupported admin shorthand is not broader than WorkspaceService.isAdmin (0.355958ms)
✔ custom primary_surfaces and link/hidden access do not drive legacy shell or routes (0.62075ms)
✔ business compatibility aliases remain route-sensitive and canonical (0.55525ms)
✔ configured business defaults never retain query values in either projection (0.4785ms)
✔ system capture compares semantic query presence without retaining its value or System id (1.524916ms)
✔ observed system capture compares a decoded query to an encoded route segment (0.300792ms)
✔ workspace entrypoint comparison preserves tenant equality without retaining the target slug (0.66675ms)
✔ comparator consumes the decision actually observed from NavigationResolverService (0.45875ms)
✔ legacy Showcase portfolio projects standard chrome and all five cockpit verbs (2.257542ms)
✔ Sentinel API observation maps app label separately from assistant and ignores Systems ownership (3.34775ms)
✔ Octocity API observation is selected by settings, never by slug (0.449416ms)
✔ Octocity compatibility defaults are profile-driven after a workspace rename (0.337625ms)
✔ Mission Room compares the effective rendered brand label and style (4.334292ms)
✔ candidate and independent legacy oracle honor Mission Room label as assistant fallback (0.356667ms)
✔ immersive workspace app is scoped to final Mission Room route only (0.6625ms)
✔ overlap precedence composes profiles then workspace app then active business (0.28725ms)
✔ malformed settings and unknown adapters are reported fail-closed without throwing (0.536459ms)
✔ comparator emits sorted canonical paths and explanations require exact triple (1.704125ms)
✔ explanations require complete non-empty governance and exactly one exact match (12.429542ms)
✔ fingerprint is canonical, exact, and changes with any compared value (0.27625ms)
✔ public diffs redact values while the exact raw mismatch still changes the fingerprint (1.233208ms)
✔ MissionNavigation observation detects exact item order but never resolves backend Systems (0.732ms)
✔ MissionNavigation proof fails closed when items or required app fields are absent or malformed (2.386875ms)
✔ MissionNavigation observation preserves extra keys and duplicates so drift remains visible (1.2755ms)
✔ exported critical matrices are complete and produce parity (2.264625ms)
✔ rollout gate opens only with one current valid observed proof per critical scenario (4.666416ms)
✔ rollout gate blocks wrong versions, stale epoch, unknown adapter and missing MR observation (4.390042ms)
✔ rollout gate blocks an expired explanation and an unexplained divergence (7.418125ms)
✔ rollout gate rejects tampered comparison identities and internally inconsistent statuses (2.930125ms)
✔ scenario key drops query/fragment and canonicalizes dynamic workspace and System segments (0.1645ms)
✔ legacy projection is independent from the exported adapter registry (0.51175ms)
✔ legacy oracle has no structural dependency on candidate registry or policy functions (1.794959ms)
✔ legacy oracle is anchored directly to NavigationProfile, Shell, SideRail and Mission Room UI (0.338166ms)
✔ independent legacy parsing can expose candidate drift instead of producing a synthetic match (0.535334ms)
✔ candidate constant drift cannot move the independent legacy UI oracle (0.28975ms)
✔ the current workspace is captured before dispatch and pinned across a 401 retry (139.672791ms)
✔ an explicit X-Workspace-Slug header wins over requested and current workspaces (1.103625ms)
✔ a repeated 401 is returned after one retry and is never replayed again (0.917583ms)
✔ concurrent direct requests share one refresh exchange (1.077625ms)
✔ an abort during refresh prevents the retry dispatch (1.456875ms)
✔ evaluation context written in workspace A is never read or posted in B (4.737042ms)
✔ ambiguous legacy evaluation context is consumed without adoption (0.283583ms)
✔ a tagged legacy evaluation context migrates only to its origin workspace (0.235583ms)
✔ untagged Settings preferences may migrate for a sole known workspace (1.200042ms)
✔ untagged System drafts are not attributed to the last selected workspace (0.247375ms)
✔ a workspace declares the language its pages open in (3.600125ms)
✔ a workspace that declares nothing gets no opinion (0.858458ms)
✔ a locale the product does not have is not a locale (6.713708ms)
✔ a presentation block that is not a block is ignored, not trusted (0.57075ms)
✔ workspace Chat is not reused when the deep-link slug changes (1.623292ms)
✔ workspace Chat remains reusable inside the same workspace (0.331333ms)
✔ workspace shell is recreated from workspace A settings to workspace B settings (0.192667ms)
✔ hierarchy detail components are recreated when their route-owned id changes (0.212833ms)
✔ Experience Studio editor is recreated when its application id changes (0.226584ms)
✔ unrelated parameterized routes keep Angular default reuse semantics (0.150042ms)
✔ a stale preset list rejects instead of triggering a B fallback for an A id (17.37025ms)
✔ a late maritime snapshot completes without reaching public subscribers (27.3325ms)
✔ HelpService pins A and completes a stale public load without replaying it in B (10.220625ms)
✔ RuntimeHealthService pins A and hides a late A response from signals and subscribers (2.730625ms)
✔ PermissionsService pins A and suppresses a late IAM matrix after A→B (2.393833ms)
✔ SystemsStore pins load/getById to A and exposes no late A system in B (2.870833ms)
✔ POST and Run SSE streams use the workspace captured at subscription time (295.036041ms)
✔ a workspace switch aborts an open POST stream without leaking an error frame (1.142417ms)
✔ a workspace switch aborts an open Run stream without a late event (30.85ms)
✔ WorkspaceViewContext clears A synchronously and reloads only after B is published (6.585625ms)
✔ WorkspaceViewContext rejects a late route id and skips superseded reload epochs (0.568167ms)
✔ runtime entitlement catalog accepts a future key and keeps the four Andritz labels compatible (6.374958ms)
✔ toggling a known entitlement preserves valid active keys absent from the runtime catalog (0.38025ms)
✔ workspace switch clears registered context before publishing one new slug/epoch (13.612875ms)
✔ workspace app platform authority enables member entitlement administration without the legacy flag (1.240167ms)
✔ same-slug workspace recreation invalidates the old identity atomically (0.945917ms)
✔ a late workspace response cannot repopulate context after a switch (95.446208ms)
✔ workspace settings writes can pin an explicit workspace header (1.200625ms)
✔ member administration sends an explicit canonical app entitlement decision (49.685041ms)
✔ a storage write failure cannot split the workspace transaction (64.1155ms)
✔ effective feature revocation is synchronous, same-epoch and idempotent (21.373542ms)
✔ Run deep link resolves the real Capability → System → Run graph and keeps the lens (54.757125ms)
✔ SkillInvocation deep link resolves a runtime leaf without becoming a catalog Skill (131.6845ms)
✔ a catalog Skill is not attached to a Run that never invoked it (55.954125ms)
✔ a Skill configured on the System is still rejected when the selected Run never invoked it (4.849875ms)
✔ a scoped Skill list cannot forge a Skill edge under a Run that never invoked it (30.515917ms)
✔ scoped-list rail clicks are inert while canonical ancestry is still loading (17.709709ms)
✔ global object jumps clear the previous ancestry and UrlTree parsing keeps query separators (12.457333ms)
✔ axes v4 sends Hypervisor to Portfolio while object lenses keep the selected System (4.026625ms)
✔ the selected System path rejects a Run query from another branch (25.694917ms)
✔ an unflagged workspace ignores routed axes and emits legacy object links (53.083584ms)
✔ nav v5 zone sommaire omits ?scope= (I5) (60.056125ms)
✔ Flow builder follows the proven System, else the scratchpad — never session memory (262.323125ms)
✔ parentUrl is the breadcrumb parent (D6) (36.096125ms)
✔ parentUrl of a non-hierarchy object is its catalog list (46.677417ms)
✔ workspace reset clears synchronously and ignores the late graph from the old epoch (30.417667ms)
✔ signin presentation is selected by the explicit experience contract (2.462375ms)
✔ legacy Sentinel workspace links keep the same presentation without component slug logic (1.571708ms)
✔ unknown profile fails closed to standard and cannot reactivate a legacy alias (0.664292ms)
✔ historical demo-only link preserves its prefilled account (0.265208ms)
✔ Capabilities purges A, reloads B and follows focus across browser history (86.456917ms)
✔ Capability facets follow validated query state and tab changes merge the URL (69.388708ms)
✔ Capability facet routing leaves the historical gate-off behavior unchanged (1.107875ms)
✔ Capability falls back without an error panel when the server revokes its projection (2.760083ms)
✔ Capability loads its projection when the effective gate activates in the same workspace epoch (4.55ms)
✔ a coverage gap is applied as the tier decision it is, not as 36 toggles (73.644458ms)
✔ the unclaimed group is the only gap that enables skills one by one (0.599292ms)
✔ enabling a hidden capability also lifts the hide that outranks it (0.527542ms)
✔ an app-written override is attributed to its app and cannot be removed here (0.694792ms)
✔ hiding a visible skill and enabling a filtered one write opposite levers (0.598334ms)
✔ the escape-hatch list stays closed until searched (11.05325ms)
✔ a failed write leaves the displayed policy untouched and says so (4.434042ms)
✔ switching workspace purges the coverage and reloads for the new one (2.301667ms)
✔ a read-only member sees the report without write affordances (2.293292ms)
✔ workspace switch closes the drawer, revokes its blob and ignores later preview data (18.526416ms)
✔ network recovery retains the exact idempotency request and session (32.893541ms)
✔ workspace changes discard late responses and scope changes do not share memory (1.932333ms)
✔ voice oracle timeline only uses registered Lucide icons (119.957167ms)
✔ a late session create from A cannot select, store or render the A session in B (4.104916ms)
✔ a late open-session response from A cannot restore its messages in B (4.120833ms)
✔ evaluation and Deep Search poll responses from A cannot mutate B (3.004084ms)
✔ HITL message polling is unique per session and Run, then refreshes the pending bubble (4.418417ms)
✔ a HITL poll from a conversation left behind cannot mutate the active conversation (40.023708ms)
✔ a late upload response from A cannot start an ephemeral context in B (92.934791ms)
✔ a late A context creation cannot attach its id or documents to B (76.445167ms)
✔ Client360 pins validateMapping -> reload/run to A and cancels the chain on A -> B (11.036958ms)
✔ Client360 pins and cancels every runEngine refresh read before it can mutate B (3.148708ms)
✔ Client360 annuaire selection pre-fills targeting and posts customer_keys on create (1.426834ms)
✔ Client360 surfaces dedup outcomes after campaign draft generation (0.93825ms)
✔ Client360 fiche next-due CTA targets the customer with a due window (0.466625ms)
✔ Client360 fiche loads in two phases: payload without AI summary, then async summary merge (0.900334ms)
✔ Client360 pins fiche and summary to one workspace epoch and purges them on switch (1.827542ms)
✔ Client360 fiche pages long lists client-side with show-more increments (3.237792ms)
✔ Client360 landing page collapses alerts to a digest and pages the table (6.182042ms)
✔ Client360 business selections use named keyboard controls instead of clickable rows (3.7805ms)
✔ Client360 pins syncFromCollection to A and cancels refresh on A -> B (10.555833ms)
✔ every Client360 network call is pinned to a workspace epoch and scoped by header (4.576042ms)
✔ classifies live SAP names as read or write without inventing aliases (2.781625ms)
✔ humanizes OData and custom-field names for the catalog (0.689542ms)
✔ groups header and item tools on the same object (28.027792ms)
✔ hostname wins when a credential-file label would swap PR and PO (2.098875ms)
✔ falls back to the attached server id when the host is unknown (0.323917ms)
✔ readiness comes from live tool names, not invented PDF aliases (0.220875ms)
✔ orders the four Nawa servers as the PR to PO showcase (1.081792ms)
✔ only pending and ingesting keep a surface polling (4.132792ms)
✔ every dataset status is classified, so none can silently spin forever (1.311416ms)
✔ each origin gets its own icon so provenance reads without a legend (0.214ms)
✔ the columns a model wrote are the ones it says it added (0.246084ms)
✔ a dataset nobody scored attributes nothing (0.166875ms)
✔ the credited model names its version, since promoting one changes answers (0.199667ms)
✔ a lineage block that names no model produces no half-written badge (0.344334ms)
✔ a dead link to a dataset says so, and offers the way back (0.798792ms)
✔ the detail page badges the scored columns and links back to the card (0.395916ms)
✔ a column header opens its own profile, and only when it has one (0.664583ms)
✔ the profile popover names every statistic it prints, in both languages (0.175959ms)
✔ the surfaces that show a preview tell the table how many rows there are (2.160792ms)
✔ the preview can be walked past the rows the ingest cached (0.609584ms)
✔ the ingest reads as a check-list, not as one line at a time (0.481ms)
✔ a step from an older worker is refused rather than rendered raw (0.196666ms)
✔ every step has a sentence in both locales, counted and not (0.211833ms)
✔ a scored table reports its own steps, not the ingest’s (0.237208ms)
✔ a bar is a direction, not a rectangle (1.143584ms)
✔ the bars keep the two colours that mean something (0.285208ms)
✔ a bar arrives in rank order, on a delay the arithmetic decides (0.183292ms)
✔ a count and its share are typeset as two different things (0.347916ms)
✔ the matrix says the share its shading encodes (0.176417ms)
✔ the matrix uncovers itself across the diagonal (0.285959ms)
✔ a hovered cell is raised, never recoloured (0.239791ms)
✔ every entrance in the kit yields to a reader who asked for less motion (0.246333ms)
✔ a tooltip does not stand on the curve it is quoting (0.179958ms)
✔ a curve with nothing to draw yields nothing rather than a stray dot (2.151208ms)
✔ a regression fit is scaled to the target’s own units, not the unit square (0.256875ms)
✔ a degenerate domain is padded instead of dividing by zero (0.155083ms)
✔ a ROC’s reference is the diagonal of the box it is drawn in (0.404917ms)
✔ a prevalence level spans the plot, or is refused rather than clamped (0.239625ms)
✔ an identity reference is a series like any other, and is filtered like one (0.30925ms)
✔ a token becomes a colour a canvas can fill with (0.74525ms)
✔ a colour nothing can parse fills with nothing, not with everything (0.163042ms)
✔ the wash under a curve is spent against the line and none of it on the floor (0.474709ms)
✔ a wash nothing can parse is no wash, not an opaque one (0.402125ms)
✔ a reveal starts closed, ends open, and never reverses (0.222375ms)
✔ a reveal with no time to run is already over (0.117ms)
✔ the confusion matrix is shaded per actual row, not per grand total (0.364667ms)
✔ a malformed or absent matrix renders nothing at all (0.103584ms)
✔ an empty row divides by nothing and stays at zero (0.133083ms)
✔ a cell that holds anything is tinted, and the diagonal is the green one (1.17475ms)
✔ a stagger a reader can follow, on a set of any size (0.2105ms)
✔ a long list compresses its step instead of outstaying its welcome (0.120583ms)
✔ a stagger only ever runs forwards (0.325333ms)
✔ an index past the end of its set waits no longer than the end does (0.087666ms)
✔ viewer stays in Work while reviewer can inspect the Studio inventory (7.702125ms)
✔ contributors and workspace administrators can edit Studio experiences (0.217667ms)
✔ result inspection follows its producing component and respects business navigation (4.419125ms)
✔ a chart with no binding draws the series the document shipped with (118.00325ms)
✔ a run-output binding replaces the series the document shipped with (7.090583ms)
✔ a bound chart follows the run it waits on, not the series it was authored with (112.661625ms)
✔ a binding that resolved to something undrawable shows the empty state (8.077666ms)
✔ a chart reads the fields it was told to read, and label/value when it was told nothing (1.491791ms)
✔ an unrecognised kind draws bars rather than refusing the document (2.198042ms)
✔ a bar carries its share of the base, and only when there is a base (1.621166ms)
✔ a ramp is drawn only when the author said the bands are ordered (11.458459ms)
✔ a donut says what the ring adds up to (1.049ms)
✔ a donut announces the numbers its canvas hides (1.767833ms)
✔ immutable renderer pins route to distinct catalogs and unknown pins fail closed (1.130875ms)
✔ versioned components keep distinct Angular style scopes (1038.703041ms)
✔ a type the current catalog gained degrades on the renderer a release is pinned to (1.113375ms)
✔ fieldsFromSchema maps string/number/enum/date/boolean/file (3.168625ms)
✔ form presentation localizes copy without changing schema values (0.888125ms)
✔ certified no-code forms reject schema shapes the renderer cannot enforce (0.684333ms)
✔ schema identifiers keep payload keys but expose deterministic business labels (0.27425ms)
✔ selector-free template bindings project common output shapes (0.270042ms)
✔ a chart series scales its bars against the largest value it plots (3.456625ms)
✔ a share is only offered for a series that is a whole to take a share of (11.007083ms)
✔ a ramp spans its anchors however many bars the run came back with (18.389291ms)
✔ a ramp between two hues stays a colour instead of passing through grey (16.168083ms)
✔ a palette is opt-in, because a ramp claims an order the data may not have (0.378209ms)
✔ a chart drops rows no bar can honestly stand for (0.4265ms)
✔ over the cap a chart keeps the largest values in the order they arrived (0.507ms)
✔ an unrecognised chart kind draws bars rather than nothing (0.185167ms)
✔ business results are bounded, nested and humanised without JSON fallback (0.607917ms)
✔ validateValues flags required and invalid numbers, accepts a filled form (0.527666ms)
✔ the authoring catalog creates releases against renderer 0.2 (0.100583ms)
✔ document copy resolves explicit i18n refs with a controlled fallback (0.409375ms)
✔ data/query bindings are closed and selectors cannot traverse prototypes (0.383541ms)
✔ only an uploaded document id is a ready file reference (0.106209ms)
✔ after-success behavior is a closed catalog with safe page ids (0.247917ms)
✔ unknown types fall back; nested page is ignored (0.225375ms)
✔ renderableComponents drops an action_button that duplicates the form submit (0.235959ms)
✔ appearance props persist on a page and a node (0.245542ms)
✔ a width nobody wrote, or wrote wrong, is the whole row (0.112666ms)
✔ each width divides a page row with nothing left over (21.111542ms)
✔ a header keeps its row while the panels of a board may share one (0.339417ms)
✔ the page grid is cut into the tracks the width projection counts (0.482375ms)
✔ the renderer a pinned release draws through never learned about columns (0.147ms)
✔ custom accents always choose the higher-contrast text colour (0.341417ms)
✔ a11y aria on a button and a form (0.270916ms)
✔ a block that draws nothing on a bad morning is offered the words to say so (0.084625ms)
✔ mapRunStatus uses business vocabulary; citations read output_ref (0.206042ms)
✔ firstManualIngress skips non-manual entries (125.364583ms)
✔ systemHomeBlocker rejects non-actionable one-click homes (29.015917ms)
✔ hasHitlHint reads graph kinds and ingress ids (10.652166ms)
✔ compileSystemHome builds form_result from the manual contract (18.878166ms)
✔ compileSystemHome adds approval_card when a hitl hint is present (3.924084ms)
✔ remapSystemHomeBinding keeps the generated source on the replacement key (0.617125ms)
✔ unique identifiers stay within the backend regexes (2.8745ms)
✔ slugify strips accents and punctuation into a url token (5.552792ms)
✔ experienceSlug is a valid API slug and stays unique against taken values (0.607459ms)
✔ a binding key names its System entry point and never collides (0.511167ms)
✔ schema selector options keep no-code authors on compatible output paths (3.389583ms)
✔ wizard bindings hydrate the generated form and add usable extra actions (1.363917ms)
✔ a generated System Home keeps one source action and binds extra actions (0.475167ms)
✔ data-led templates wire their widgets to the linked action output (1.9025ms)
✔ data-led templates accept only outputs their generated widgets can render (3.507416ms)
✔ draft payload keeps localized copy dictionaries and references intact (0.5085ms)
✔ bindingSharedWith names the other applications a binding serves (0.68575ms)
✔ release review preserves a groups-only access policy (0.326958ms)
✔ deploying an existing release reviews its immutable snapshot (0.468375ms)
✔ release and rollback requests carry the state reviewed by the author (0.343125ms)
✔ deployment compares the channel head captured when review opens (0.3925ms)
✔ deployment conflicts refresh the CAS heads used by retry (0.217458ms)
✔ wizard metadata updates compare the row version last loaded by the author (0.158917ms)
✔ metadata responses cannot roll the local draft revision backwards (0.137125ms)
✔ draft history restore is append-only, confirmed and revision-safe (1.04175ms)
✔ applyPatch add/remove/rename and undo/redo on the revision stack (1.414833ms)
✔ pages can be added and removed, never below the last one (0.447917ms)
✔ move_component reorders inside a page and stops at the edges (0.349417ms)
✔ ready-check dialog cannot release with blockers or empty notes (0.348958ms)
✔ release review classifies semantic changes and marks user-impacting removals as breaking (2.552792ms)
✔ additive release changes do not require a breaking-change acknowledgement (0.355084ms)
✔ publication review compares the exact saved snapshot before enabling release (0.233625ms)
✔ wizard makes creation and workspace-level binding effects explicit (24.211792ms)
✔ wizard refreshes stale System versions without retargeting shared bindings (49.247708ms)
✔ editor invalidates readiness while dirty and fails closed on shared binding catalog errors (0.379042ms)
✔ editor authors localized form copy without rewriting the executable schema (0.43575ms)
✔ editor route work is cancelled and readiness waits for the final queued save (5.344666ms)
✔ editor preserves the Work page context in both directions (0.261458ms)
✔ Work and Studio can roll out independently without breaking legacy workspaces (0.210834ms)
✔ data inspector keeps schema fields and result paths no-code while raw JSON stays advanced (0.187417ms)
✔ dirty or saving editor state blocks route and browser navigation until confirmed (0.472333ms)
✔ editor keyboard history maps Cmd or Ctrl+Z once and leaves form controls alone (0.370625ms)
✔ form binding changes wait for the latest ingress schema and fail closed (0.259541ms)
✔ wizard requires an explicit audience and exposes step semantics (0.242334ms)
✔ catalog failures propagate to distinct retryable states (5.136875ms)
✔ wizard stores published outputs and blocks data-led templates without a compatible source (0.324292ms)
✔ release and deployment remain two explicit actions (0.257125ms)
✔ inventory filters follow live > pilot > draft (0.238709ms)
✔ inventory audience distinguishes groups, open access, and absent draft policy (0.251375ms)
✔ Preview as evaluates access locally without impersonating or loading data (0.33325ms)
✔ reviewers receive a read-only review link for every inventory row (0.245916ms)
✔ viewHref resolves the immutable Work release before a dual-run redirect (3.877875ms)
✔ applying appearance props updates node and page (0.265166ms)
✔ Appearance owns only visual properties while localised copy stays in Content (0.275958ms)
✔ Appearance offers a width to the blocks that may share a row (0.143542ms)
✔ the palette is offered on charts, with the warning that earns the ramp (0.392583ms)
✔ application identity flows through create, metadata edit, and localised a11y authoring (0.216583ms)
✔ assistant patch reject unknown type (1.327333ms)
✔ assistant proposes local patches for empty-state, rename, approval_card (0.770375ms)
✔ the factory cycle is the live Experience binding, not a System API shortcut (1.587917ms)
✔ a cycle may start only when the work binding resolve is ok (9.061ms)
✔ lineage hrefs stay on the System and the Run (0.305917ms)
✔ the factory portal bridge opens workspace chat on the System (0.486458ms)
✔ factory provenance is the Experience origin on the Run ingress (0.2325ms)
✔ security invariant: the browser has no SAP path — no MCP call, no BAPI body (2.032792ms)
✔ the studio node list mirrors the published DAG, one entry per node (2.998125ms)
✔ the launch payload carries only known guardrails and an optional pin (4.8115ms)
✔ a paused run projects to running-until-the-gate with the server calls verbatim (9.470833ms)
✔ a failed node reads as error with the walker message, not a silent skip (7.385667ms)
✔ the gate package comes from hitl.upstream and names every source (28.451625ms)
✔ a zero-price package is flagged the way SAP will refuse it (06/215) (0.721583ms)
✔ settled, busy and decided follow the HITL decision, not only the run status (0.691541ms)
✔ an approved run shows the create + commit pair and the PO number from the gate envelope (0.884625ms)
✔ sealed, blocked and refused writes keep their own verdicts (2.958291ms)
✔ the chat fact sheet is the run: open rows, majority terms, budget, proposal state (4.201084ms)
✔ the chat write dialogue follows the run: preparing → proposing → posting → posted (7.361708ms)
✔ invocation lookup takes the latest row for a node and calls are verbatim JSON (0.440166ms)
✔ launcher redirects when exactly one app is openable (2.444834ms)
✔ live_href on theme is the launch target for dual-run apps (0.287833ms)
✔ validations surface from pattern or certified nodes (0.771041ms)
✔ release theme and page links are safe, stable projections (27.857167ms)
✔ studioHref opens the editor and carries safe Work context (0.670666ms)
✔ author roles can edit; locale list keeps fr/en only (0.270417ms)
✔ Work renders the immutable release identity with a legacy fallback (28.780875ms)
✔ all Work chrome stays in business language in both locales (20.723375ms)
✔ runtime copy rendered inside Work stays in business language (12.389875ms)
✔ runtime failures never render raw backend detail to viewers (39.535417ms)
✔ validation loading failures stay distinct from an empty queue and can be retried (0.880708ms)
✔ Work hides Studio actions when authoring is disabled for the workspace (1.0885ms)
✔ Experience governance is reviewer-plus and never broadens contributor access (1.252083ms)
✔ inventory reflects the effective channel and filters business names (1.989916ms)
✔ audit filtering relates lifecycle and binding events to the selected application (0.355166ms)
✔ audiences and drift stay compact governance projections (0.304875ms)
✔ unavailable drift data never renders a healthy zero or green state (0.628875ms)
✔ Govern navigation remains contained and keyboard-reachable on narrow viewports (0.369208ms)
✔ workspace app repair remains directly available to workspace admins (5.47175ms)
✔ invalid runtime sends non-admins to the isolated unavailable page (3.7015ms)
✔ legacy non-admin lifecycle access keeps its governance fallback (1.286917ms)
✔ admin UI performs exact plan/apply and reuses its Idempotency-Key after a failed retry (64.364416ms)
✔ workspace epoch reset atomically clears catalog, pending plan, receipt and retry state (1.251125ms)
✔ a delayed registry response from workspace A cannot replace the loaded workspace B catalog (1.2725ms)
✔ non-admin UI does not call the governance API even when reached directly (0.387375ms)
✔ catalog sorts strict semver and derives only valid authoritative transitions (4.435375ms)
✔ an absent app installs only the latest exact digest and never carries settings or entitlements (0.880125ms)
✔ an installed row whose digest is absent from the registry cannot be uninstalled from the UI (2.9945ms)
✔ response identity rejects an old workspace epoch even when a slug is reused (0.349666ms)
✔ apply retries reuse one key; success and workspace reset retire it (0.434708ms)
✔ a blueprint dry-run remains applicable only for its exact target and choices (7.008834ms)
✔ JSON edits and policy changes invalidate a blueprint plan (0.860167ms)
✔ computes a delta only when both measurements are present (1.468333ms)
✔ counts capabilities independently from any Run aggregate (0.246917ms)
✔ formats numeric impact values without changing the historical display (0.369542ms)
✔ renders descriptive impact values and rejects values that cannot be displayed (0.330083ms)
✔ portfolio value-loop summary preserves real zero risk and measured outcome (6.258833ms)
✔ portfolio value-loop summary never turns missing or unconfigured evidence into zero (1.354541ms)
✔ builds a UTC calendar from naive from/to and does not pad missing days (11.200458ms)
✔ joins sparse buckets by date and never treats absence as not_configured zero (60.254875ms)
✔ partitions hors-denominateur on hours and keeps native units in-denominator (1.915416ms)
✔ runs projection is ink-only, never sums native units, and shares a dot step (5.122209ms)
✔ picks the peak day from measured+declared and marks stale systems (7.319583ms)
✔ sankey widths are run counts and outside systems keep their native outcome (5.359958ms)
✔ rivers stack measured first, then declared by weight with alternating teal tones (1.086792ms)
✔ calendar ticks carry range bounds and ISO weeks without crowding the end (0.537875ms)
✔ week spark collapses the calendar from the end without fabricating cost (0.449792ms)
✔ foldFacts never returns a fabricated zero for a non-available fact (0.284792ms)
✔ sorts register rows with null facts last (0.586167ms)
✔ basis helpers treat status none as unusable (0.264125ms)
✔ ratio stays unset when cost is not measured (0.296834ms)
✔ parseViewsPayload falls back to Direction / Operations / Conformite defaults (2.789667ms)
✔ legacy units denominator is an alias of runs (0.220834ms)
✔ toggle and move keep the rest of the view intact (0.250167ms)
✔ replaceView is a full-list replace of one id (3.349583ms)
✔ workspace reset synchronously purges Capture tenant signals before B is published (28.441209ms)
✔ workspace reset during feed hydration neither mutates B nor opens session A transport (8.187417ms)
✔ a LiveKit connection created after A→B is immediately closed and never falls back (27.64175ms)
✔ a rejected LiveKit open after A→B cannot enter the backend fallback (2.868041ms)
✔ workspace reset invalidates an in-flight finalize recovery before its HTTP POST fallback (29.8395ms)
✔ FSE template plan remains blocked until its System is resolved (4.744708ms)
✔ FSE template exposes three EX70 intervention types with plan seeds (1.185167ms)
✔ equipment_progress applies only to weekly_site and process (0.818792ms)
✔ seed defaults prefill HSE, distribution and site_modifications (0.484875ms)
✔ checkbox_group and equipment_progress fill rules (0.2765ms)
✔ weekLabelFromIsoDate returns ISO week (0.225542ms)
✔ FSE cartouche exposes week and issued_by (0.13625ms)
✔ coerceCaptureTemplate merges intervention_types and field options (1.314125ms)
✔ composePublicationName follows PROJECT-Supervisor-Week (1.353417ms)
✔ pickFseSystem uses template_id then name when no binding (1.181042ms)
✔ pickFseSystem prefers a bound id that is still in the list (0.194958ms)
✔ systemIdFromBindingResolve only accepts an ok binding (0.172666ms)
✔ a resolved LiveKit A connection is closed before the consumer can fallback under B (2.511542ms)
✔ workspace reset during microphone enable cannot rearm capture in B (0.566125ms)
✔ command palette drops A index and rejects an old dynamic command after A→B (35.894042ms)
✔ Capability scope hides its own level and routes Systems inside the same ancestry (20.807167ms)
✔ clicking the active mini-rail scope is a strict no-op (21.252625ms)
✔ an unflagged workspace keeps the historical Operate section set (2.096041ms)
✔ the Flow entry reads Scratchpad only while it opens the scratchpad (1.032875ms)
✔ sections other than Flow are named from the catalog whatever the URL (0.4485ms)
✔ axes v4 exposes no object index under the Portfolio-only Hypervisor destination (2.508458ms)
✔ experience studio prepends Business application to the Create catalogues (1.277333ms)
✔ nav v5 Operate sommaire has no object ladder and exposes a System facet branch (I1) (6.40575ms)
✔ breadcrumb renders only graph-proven nodes with their canonical labels and hrefs (15.65225ms)
✔ side rail delegates every lens route to the route-owned navigation projection (29.934667ms)
✔ demo rail uses Mission Room home only when the extension is enabled (3.3905ms)
✔ axes v4 makes Hypervisor the Portfolio home even in a demo workspace (0.54125ms)
✔ experience_v1 Build verb opens the Create hub (0.537167ms)
✔ TitleBar drops A telemetry atomically and reloads only B after a workspace switch (25.525ms)
✔ TitleBar commits B only after the guarded exit from A succeeds (1.376875ms)
✔ a tenant without a light variant shows the same emblem in both themes (1.80475ms)
✔ a declared light variant is swapped in on the light theme, live (0.917458ms)
✔ a workspace with no brand at all keeps the Agentium mark (0.513041ms)
✔ generic provider renders only neutral copy and calls the exact core contracts (17.855291ms)
✔ generic provider purges atomically and rejects every late previous-workspace payload (2.394083ms)
✔ generic provider direct switch delegates only after its old epoch is purged (0.807584ms)
✔ unknown and specialized views never issue provider requests (0.580625ms)
✔ MissionRoom presentation uses runtime authority over crossed legacy settings (148.089084ms)
✔ MissionRoom direct construction stays neutral when enabled runtime authority is invalid (26.17475ms)
✔ MissionRoom observes the authoritative navigation payload only after installing it unchanged (22.14775ms)
✔ MissionRoom neither installs nor observes a navigation response invalidated by A -> B (3.630167ms)
✔ MissionRoom direct rail switch purges tenant state before publishing the next epoch (2.548292ms)
✔ MissionRoom continues the legacy payload flow when shadow observation throws (1.875667ms)
✔ MissionRoom cancels the scoped createAction refresh before late A reads can mutate B (2.036209ms)
✔ MissionRoom cancels action and pending-agenda continuations on A -> B (40.832583ms)
✔ MissionRoom startMeeting stays pinned to A and cannot navigate after A -> B (9.516459ms)
✔ MissionRoom cancels visual capture and image hydration before Sentinel can leak into Octocity (30.253625ms)
✔ MissionRoom cancels every agenda write continuation before Sentinel -> Octocity publication (21.976208ms)
✔ MissionRoom ignores a delayed search response across sentinel-ci -> octocity-mission-room (5.682917ms)
✔ MissionRoom ignores a delayed search response across octocity-mission-room -> sentinel-ci (32.13675ms)
✔ generic Agentium branding is not classified as the Octocity presentation (4.90925ms)
✔ Mission Room extension keeps the existing route and API contract (2.157708ms)
✔ Sentinel resolves its own brand, assistant and action packs (0.703ms)
✔ Octocity resolves its own brand, assistant and action packs without Sentinel terms (0.280375ms)
✔ immersive shell is restricted to an enabled demo extension route (0.235625ms)
✔ legacy Sentinel demo profile resolves to the canonical extension profile (0.174541ms)
✔ authoritative Sentinel runtime ignores every tampered Octocity legacy field (0.532583ms)
✔ authoritative Octocity runtime ignores every tampered Sentinel legacy field (0.306916ms)
✔ enabled Workspace App platform never falls back to legacy Mission Room settings (0.188833ms)
✔ generic 1.0 and 1.1 installs stay fail closed without a provider contract (0.420833ms)
✔ generic 1.2 runtime is enabled only by the exact provider contract (0.573792ms)
✔ Octocity last-mile presentation removes every Sentinel vocabulary family (1.706459ms)
✔ presentation is profile-scoped and bounded around the CI token (0.293125ms)
✔ Mission Room extension preserves its exact public route table (2.172416ms)
✔ macro strip renders nothing tenant-branded before its aggregate answers (14.418959ms)
✔ macro strip stays tenant-neutral when the aggregate fails (7.210667ms)
✔ macro strip renders the workspace payload it is actually served (90.604ms)
✔ every key the serving surfaces name has FR and EN copy (5.523709ms)
✔ the card mounts the Playground on the read it already made (1.274ms)
✔ the request the Playground sends is MLflow serving shape (0.585125ms)
✔ a card off the serving alias predicts from itself, form and snippet alike (0.823708ms)
✔ an answer shows itself to whoever pressed the button (1.687ms)
✔ the route and the header are the server’s facts, never retyped in the UI (0.567334ms)
✔ the key panel shows a prefix, and the secret only from the mint response (0.269458ms)
✔ a revoked key stays visible, because a demo has to show it stop answering (0.292375ms)
✔ the gauge animates, because the jump is the argument (1.675125ms)
✔ the dial is an instrument: a ramp, a glow, and a point to read it off (5.519834ms)
✔ one property carries the dial’s verdict to everything drawn from it (0.407959ms)
✔ each dial owns the gradient it paints itself with (0.316666ms)
✔ the explanation is asked for explicitly, and only for the one row on screen (0.242542ms)
✔ publishing links into the catalog and carries the model’s provenance (2.108334ms)
✔ the catalog card says which model a published skill answers from (11.554333ms)
✔ the monitoring tab reads the journal and closes the feedback loop (0.639125ms)
✔ the score tiles carry a delta and the comparison tab is mounted (0.47025ms)
✔ the card names the challenger, and takes that fact from the server (0.499417ms)
✔ promotion hands back both halves of the lineage (0.239916ms)
✔ the card says which version it is without opening a tab (0.118042ms)
✔ the hero says what kind of model this is, not only how it was fitted (0.31275ms)
✔ a dead link to a model says so, and offers the way back (0.294667ms)
✔ the card banner is the pipeline, not the version chain (0.178125ms)
✔ the lineage reads forwards, and marks the current and the serving one apart (0.325542ms)
✔ the model card draws its charts from the shared viz kit (0.246333ms)
✔ the curves are chart.js, and they are hoverable, because the elbow is the argument (3.233083ms)
✔ the comparison tab weighs a pair, and never one version against itself (0.217958ms)
✔ a fit reads as a check-list wherever it is watched, and says when it lands (0.304917ms)
✔ only a queued or running fit keeps a surface polling (85.23675ms)
✔ every model status is classified, so none can silently spin forever (16.284708ms)
✔ each algorithm family gets its own icon so the picker reads at a glance (0.305458ms)
✔ a metric is rendered in its own units, never as a bare ratio (81.036958ms)
✔ a missing score reads as absent rather than as a zero (1.626792ms)
✔ a verdict is only given where the metric scale is absolute (2.264167ms)
✔ higher-is-better is stated per metric, not assumed (1.971625ms)
✔ the row score prefers the list payload but falls back to the detail block (0.617584ms)
✔ the best score never ranks one metric against another (4.21475ms)
✔ the best score minimises a metric where lower is better (4.678583ms)
✔ an unfinished or unscored run cannot become the best score (2.847041ms)
✔ importances are normalized against the strongest column of the run (5.578125ms)
✔ a column that hurt the score is flagged, and still sized by magnitude (1.813125ms)
✔ importances are capped so a wide table cannot become the whole card (6.376458ms)
✔ class balance carries the share, which is what makes accuracy readable (0.353ms)
✔ a knob is clamped the way the backend will clamp it (0.631542ms)
✔ a knob at its auto point reads as “let the estimator decide” (0.116416ms)
✔ knob defaults come from the descriptor, so the form opens where the server would (0.511958ms)
✔ the target picker offers only what can actually be predicted (0.374792ms)
✔ a numeric column stays offered however many values it holds (0.29175ms)
✔ plan columns project into the shared table without losing the profile (1.236625ms)
✔ features default to every column but the target, as the backend does (0.156709ms)
✔ every refusal the backend can raise has a sentence and a field (0.40825ms)
✔ a refusal renders next to the choice that caused it (0.119959ms)
✔ the identifier warning is named, so a leaky column is called out by name (3.002084ms)
✔ a worker error splits into the code the UI can name and the line it cannot (0.721875ms)
✔ a multi-line harness error keeps its tail, which is where the cause is (0.155875ms)
✔ every terminal failure the worker writes has a sentence of its own (0.166833ms)
✔ the form opens on the example the fit carried, not on the contract default (0.188959ms)
✔ with no example the form still opens filled, from the typical row (0.189333ms)
✔ a field with neither example nor default opens empty rather than as "undefined" (0.145458ms)
✔ a numeric box is sent as a number and a cleared box as a hole (0.163ms)
✔ a numeric field holding text is sent as it was typed, so the refusal names it (0.084375ms)
✔ the gauge is about the positive class, named, not a bare number (0.353917ms)
✔ the dial is measured against the circle a browser actually draws (0.0865ms)
✔ the handle rides the tip of the stroke it terminates (0.6275ms)
✔ a full dial parks its handle a dot short of the pattern, not off the end (0.191541ms)
✔ landing outside the positive class reads as a probability of it, not of the answer (0.14875ms)
✔ with no positive class the gauge falls back to how sure the model is (2.797541ms)
✔ a row with nothing to show on the dial draws no dial at all (0.200958ms)
✔ contributions are normalized against the strongest effect on this row (0.351625ms)
✔ the snippet is the request that was just made, key masked to its prefix (0.57ms)
✔ a card that is not the one serving names its own version, so its form is judged against its own signature (0.230791ms)
✔ the snippet carries the same pin the button used, so a copy reproduces the answer (2.115042ms)
✔ the one response that carried a secret puts it in the snippet verbatim (0.395ms)
✔ with no key at all the snippet says where one goes rather than looking done (0.207417ms)
✔ a provenance line names the serving version and quotes its score (0.348541ms)
✔ a provenance with no readable score still says which version answers (0.119375ms)
✔ the pipeline banner walks dataset, transform, this version and scored tables (0.2655ms)
✔ a card with only this version is not a pipeline (0.122959ms)
✔ a skill that answers from no model claims no provenance (0.081ms)
✔ drift bars rank PSI the same way importances rank a feature (0.321292ms)
✔ the AUC trace is two points so the curve kit can draw the drop (0.355ms)
✔ every coded serving refusal has a sentence of its own (0.204ms)
✔ a delta is judged by the metric, so a smaller error is an improvement (0.398375ms)
✔ a move too small to mean anything is rendered flat, not as a win (2.072375ms)
✔ with nothing to compare against there is no delta rather than a fake zero (0.30775ms)
✔ a delta is measured against the newest trained version below this one (1.2415ms)
✔ a lineage of one has nothing to measure against (0.218292ms)
✔ a failed retrain never becomes the version a delta is read against (0.134333ms)
✔ the version that serves compares against its contender, not against nothing (0.226083ms)
✔ a version with one below it still compares backwards (0.109625ms)
✔ a lineage of one, and a failed sibling, have nothing worth a table (0.208208ms)
✔ comparison aligns two versions and marks the side each metric favours (3.09775ms)
✔ a metric only one side produced is left out rather than shown as a drop to zero (0.125541ms)
✔ every key the model plane assembles at runtime has FR and EN copy (0.343584ms)
✔ every metric the card can score has a label and a hint in both locales (0.179417ms)
✔ a step brings the count that says how much of the wait is left (0.292042ms)
✔ the check-list follows the step the row claims, and invents none (0.626083ms)
✔ a line that will never tick is not drawn (0.270334ms)
✔ the fold counter is live while the folds run, and never after (0.318208ms)
✔ the row count belongs to the fit, and to no other line (11.406166ms)
✔ every sentence the check-list can render exists in both languages (3.444166ms)
✔ a failed turn leaves the conversation open, and the next one is answered (149.679833ms)
✔ a synthesis failure keeps the room; the answer is already on screen (3.520917ms)
✔ an unreadable frame is survived without a word about it (2.726583ms)
✔ a lost room is given up, so the button means what it says (44.527792ms)
✔ a closed room is given up whatever it said on the way out (18.18025ms)
✔ a request for the live service is offered and nothing is started (5.547708ms)
✔ the identity reply fills the offer instead of reaching the engine (2.770833ms)
✔ the press takes the audited path, and forgets the code (3.845958ms)
✔ a spoken identity fills the same offer, so the press is the same (59.29625ms)
✔ nothing is offered where the workspace has no System to reach (53.299375ms)
✔ pressing again after a failed turn does not open a second room (3.194792ms)
✔ the NAWA transcript announces appended turns and its pending state (15.365458ms)
✔ the retrieval prefix is stripped, the section heading is kept (3.070041ms)
✔ a citation quotes the policy, not the document masthead (1.705041ms)
✔ front matter is never dropped to nothing (0.472084ms)
✔ a long passage is cut at a word and marked as cut (1.181625ms)
✔ the excerpt shows the sentence the answer rests on, not the chunk opening (31.83325ms)
✔ an excerpt whose opening does support the answer keeps its opening (6.628541ms)
✔ a passage that echoes nothing in the answer falls back to its beginning (19.734208ms)
✔ the excerpt obeys the same length budget as the prefix it replaces (17.176125ms)
✔ the excerpt comes from the published policy, verbatim (4.187458ms)
✔ the excerpt never quotes the document control block or a heading (4.225417ms)
✔ a policy that says nothing the answer echoes yields no excerpt (0.6035ms)
✔ file names are read as document titles (0.891958ms)
✔ elapsed time reads as a duration, never as a raw float (0.221833ms)
✔ every suggested question is a question a desk receives (3.940166ms)
✔ a staffing tally is the label plus a count and nothing else (11.423834ms)
✔ the two readings partition the field, so nothing is lost by the toggle (78.632292ms)
✔ the card summary is the first prose line, never a headcount (15.871375ms)
✔ an entry the workbook left blank says nothing rather than something invented (0.67525ms)
✔ search reads the name and both process fields (1.427584ms)
✔ business totals count what is listed, missing figures included as zero (1.449583ms)
✔ the speed-up refuses to speak when the two columns do not support a claim (1.814792ms)
✔ every assistant line quotes a value the run produced (4.780333ms)
✔ the requester is quoted from the settings, never paraphrased (1.997625ms)
✔ the drafted message reaches the requester verbatim, exactly once (0.427959ms)
✔ a lane with no drafted message closes on the flow’s own outcome wording (0.28375ms)
✔ the classification is read out as the identifier the model returned (6.260291ms)
✔ no technical diagnostic reaches the conversation (1.716208ms)
✔ no bench vocabulary reaches the conversation (0.751125ms)
✔ no privileged action is narrated on a lane that performed none (0.2925ms)
✔ a paused run claims nothing while it waits (3.943292ms)
✔ an answered gate shows the decision that was recorded (0.334917ms)
✔ a queue selection with no run yet shows the request alone (0.248917ms)
✔ a System installed before the presets still renders the assistant side (2.130166ms)
✔ timestamps are clock readings, or absent (1.087208ms)
✔ 1 · the reset is recognised, offered, and not started (44.203417ms)
✔ 2 · the press composes the audited case, and never carries the code (4.998417ms)
✔ 2 · the run is read back off the run, line by line (5.453167ms)
✔ 3 · a policy question is answered from the library, with its passage (3.067458ms)
✔ 4 · a planned service plays the customer’s own procedure (4.078833ms)
✔ 4 · approving resumes the walk and closes it; declining changes nothing (1.409791ms)
✔ the turns are one conversation, and the engine names it (1.204666ms)
✔ a new conversation drops the thread and sends none (15.321625ms)
✔ the same demonstration spoken renders the same turns (7.557792ms)
✔ what is spoken aloud is not what is on screen (5.810125ms)
✔ nothing in the demonstration names a provider or a model (2.857167ms)
✔ no turn of the demonstration claims an action it did not take (2.049208ms)
✔ a citation shows the passage the retrieval returned (38.681292ms)
✔ the response numbering wins, and the tool result supplies the text (3.492334ms)
✔ a citation with no chunk id is joined on its file and page (0.593542ms)
✔ a citation nothing can be quoted for is not offered (0.93475ms)
✔ the retrieval window is cut around the sentence the answer used (1.301125ms)
✔ the published policy is preferred over the retrieval window (0.585708ms)
✔ the elapsed time on screen is the wall clock the surface measured (3.8215ms)
✔ the documents a turn needs are named by bare file name (0.359542ms)
✔ the library is called unsupported only once it has been searched (0.294833ms)
✔ an engine that could not be reached says so, and claims nothing (0.384792ms)
✔ a previewed service is played from the catalogue entry the tool returned (3.948458ms)
✔ the family count comes from the catalogue the surface still holds (2.198667ms)
✔ a run the engine started is handed to the screen to follow (0.864ms)
✔ a turn that started a run does not also play a preview of it (0.2225ms)
✔ the service that runs here is offered, not previewed (32.015125ms)
✔ the offer follows the hint when no tool named the service (2.959292ms)
✔ a service the rollout has not reached is played, never offered (8.163792ms)
✔ a question about the rules never sprouts a button (3.105667ms)
✔ the only service offered is the one this surface can actually launch (0.453083ms)
✔ a listed shortlist is shown as names (0.21725ms)
✔ a tool that refused is quoted refusing, in the engine’s own words (0.145ms)
✔ nothing rendered names the model or the provider (0.256417ms)
✔ a spoken turn and a typed turn render identically (0.204ms)
✔ the gateway event is read as a turn, and nothing else is (0.138ms)
✔ a payload with missing collections still renders (0.111541ms)
✔ the transcript events feed the composer while someone speaks (15.54125ms)
✔ the session id the engine returned is the one the next turn sends (2.415041ms)
✔ the header says which conversation is being remembered (0.2635ms)
✔ the catalogue is projected onto the four columns the tools read (0.409916ms)
✔ the catalogue is capped where the engine caps it (0.459875ms)
✔ an entry the engine could not project round-trips through a preview (0.610333ms)
✔ the hint and the catalogue travel together (0.935416ms)
✔ the room is opened in assistant mode, not merely on the assistant surface (0.193167ms)
✔ the gateway’s echo is what says which loop was started (0.19075ms)
✔ a failed turn is not a lost room (0.578625ms)
✔ a lost room is really lost, and unknown failures are treated as one (0.442167ms)
✔ nothing else is read as a failure of the session (0.111042ms)
✔ what the room says about a failure never reaches the screen (0.121375ms)
✔ the context reaches the room in frames that reassemble into itself (0.975167ms)
✔ a frame stays under the transport’s packet ceiling, accents included (0.583583ms)
✔ a context that fits is still framed, so there is one shape and one path (0.156417ms)
✔ the catalogue the room receives is capped where the engine caps it (2.356917ms)
✔ a frame never splits a surrogate pair (0.402917ms)
✔ the chunk size is the transport’s, not a number the caller invents (0.523417ms)
✔ the remediation entry is not a waiting request (5.196ms)
✔ dropping that row does not drop the remediation itself (3.971208ms)
✔ no catalogue vocabulary reaches a row (0.329667ms)
✔ an unauthored field is rendered as nothing, never as a stand-in (0.18975ms)
✔ a subject falls back to the request itself, truncated (0.201625ms)
✔ channels read as a service desk writes them (3.31125ms)
✔ arrival times survive both spellings the settings can carry (0.660375ms)
✔ a settings entry that is not an object is treated as absent (0.313875ms)
✔ the catalogue the harness reads is the shipped one (1.546958ms)
✔ the catalogue travels on every turn, hint or no hint (8.363208ms)
✔ a router with no opinion sends no hint at all (5.717166ms)
✔ a hint names a service and says whether it executes here (1.285834ms)
✔ the hint never names a tool (0.789833ms)
✔ requests point at the service they belong to (5.577541ms)
✔ what a microphone actually returns still points at the right service (1.068916ms)
✔ the phrasings the tables above did not think of also point somewhere (3.091209ms)
✔ questions about the rules carry no service hint (1.698916ms)
✔ every suggested request carries a hint (1.961917ms)
✔ nothing is hinted when the utterance states no need (1.107708ms)
✔ the live service is the one that runs here (1.728167ms)
✔ a planned service carries their procedure, verbatim (8.45975ms)
✔ a service of the shared pattern reports how many move with it (0.41825ms)
✔ the two proofs are read out of a reply typed any way round (48.603084ms)
✔ a proof that was not given is written as missing, not omitted (0.366083ms)
✔ the case carries the requester’s own words, judged by the System’s prompts (2.633ms)
✔ no case is composed when the System carries no templates (0.305958ms)
✔ systemIdFromBindingResolve prefers an ok binding and ignores misses (1.250958ms)
✔ the conversation satisfies the step that asks for the request (2.573042ms)
✔ the decision is the step where IT checks an approval, and only that one (0.443958ms)
✔ a procedure with no approval step yields no decision (0.15675ms)
✔ a service nobody approves does not claim to have been approved (15.031458ms)
✔ the approvers are the roles the procedure names, in order (3.110292ms)
✔ a named subject is carried into the opening line (0.361042ms)
✔ the opening line takes charge, announces the count and the stop (2.212458ms)
✔ the decision names its step and states that nothing has changed (0.809333ms)
✔ the standing mark says what a preview is and what it is not (1.395417ms)
✔ the workbook still has three services with no written procedure (1.206625ms)
✔ every service in the catalogue produces a playable plan (2.134833ms)
✔ the four suggested requests all reach a plan (7.039959ms)
✔ the pre-fix rule turned dead branches green — the fixtures still catch it (3.962583ms)
✔ nominal projects onto the six steps as documented (1.381292ms)
✔ ambiguous projects onto the six steps as documented (0.323958ms)
✔ ad_unreachable projects onto the six steps as documented (0.280875ms)
✔ ad_unreachable_fallback projects onto the six steps as documented (0.365584ms)
✔ quality_guard projects onto the six steps as documented (0.311042ms)
✔ weak_identity_pending projects onto the six steps as documented (0.218584ms)
✔ weak_identity projects onto the six steps as documented (1.219792ms)
✔ every fixture is covered by the expected table (0.216083ms)
✔ no step claims a privileged action the banner says did not happen (1.201792ms)
✔ a paused run claims no privileged action while it waits (0.241125ms)
✔ each lane resolves to its business outcome code (4.67175ms)
✔ the raw provider error never reaches the screen (1.692834ms)
✔ a short answer is spoken as written (2.327208ms)
✔ a long answer is cut at a sentence, never mid-word (1.252542ms)
✔ citation markers and markdown never reach the ear (0.177333ms)
✔ sources are mentioned only when the answer was shortened (0.131583ms)
✔ a procedure is spoken as a count, not as a list (0.340709ms)
✔ a single step is announced in the singular (0.24175ms)
✔ a service with no documented procedure says nothing extra (0.184625ms)
✔ an offer names the button, and says nothing has started (0.249708ms)
✔ an empty answer is admitted rather than mumbled (0.187375ms)
✔ an outcome keeps more room than a library answer (0.300083ms)
✔ unknown and invalid metrics never become a zero or perfect score (0.882125ms)
✔ timeline preserves parallel execution and does not add durations serially (0.309417ms)
✔ missing and reversed timestamps are not fabricated into intervals (0.826291ms)
✔ pending, failure and unknown platform codes stay readable in both languages (3.47125ms)
✔ legacy server errors and limitations resolve without displaying English as French primary copy (0.270583ms)
✔ localized decimal and cost displays preserve missing, zero and positive tiny amounts (47.12075ms)
▶ agent-loop inspector projection
  ✔ parses allowlist lines and drops blanks, dupes, and a 9th slug (2.657625ms)
  ✔ reads a fail-closed envelope when the config bag is thin (0.521917ms)
  ✔ clamps turns and confidence to the pinned envelope (0.140625ms)
  ✔ HumanGate prompt_kind falls back to approve_write (0.315166ms)
  ✔ ITSD overlay starter is Trigger → Agent loop → Human gate → Output with a 1–8 allowlist (0.574916ms)
  ✔ canvas line names the objective, budget, allowlist size and tier (0.319333ms)
  ✔ done_when keeps one criterion per line (0.277666ms)
  ✔ optional budget fields keep cost and a minute deadline or stay unset (0.266333ms)
✔ agent-loop inspector projection (8.314625ms)
✔ every node card exposes an accessible, lock-aware delete control (1.56775ms)
✔ the node trash keeps a 24px hit area that head-row crowding cannot shrink (3.962833ms)
✔ the inspector deletes the selected node through the same store mutation (0.8805ms)
✔ global Delete and Backspace use the interactive-surface guard (0.480958ms)
✔ toolbar keeps palette, inspector, focus, compact and workbench as explicit controls (0.4905ms)
✔ authoring is the default toolbar surface and operating is one disclosure away (2.736542ms)
✔ the runtime manifest is collapsed until asked for and the empty canvas offers one way in (0.852625ms)
✔ the inspector exposes the AgentLoop envelope and a HumanGate that resumes (1.025333ms)
✔ canvas and accessible outline are synchronized FlowStore projections (0.965791ms)
✔ outline connector picker mirrors rendered ports and filters self-loops and primitive mismatches (1.55475ms)
✔ palette search exposes one real combobox/listbox active-descendant contract (0.449334ms)
✔ builder focus mode has a native-fullscreen path and a CSS fallback (3.807791ms)
✔ builder mounts one ephemeral workbench and never exposes it on scratchpad (0.996667ms)
✔ closing the inspector preserves graph selection and later selection reopens it (1.5065ms)
✔ retrieval scope remains a per-node inspector contract (0.91575ms)
✔ version preview is semantic while unloaded rows are explicitly count-only (0.471666ms)
✔ catalog projection is stable and carries usage plus carriers (95.767458ms)
✔ the excluded rows are kept apart from what a Flow may drop (18.583625ms)
✔ loaded-empty and load-error are distinct, and Retry starts a fresh request (2.199875ms)
✔ collection catalogue loads once, merges both payload shapes and sorts unique slugs (179.30175ms)
✔ document catalogue is URL-scoped, paginated, deduplicated and sorted (3.543ms)
✔ document error is explicit and force retry starts a fresh request (1.108875ms)
✔ workspace transition clears both catalogues and ignores late document responses (0.732792ms)
✔ derived ingress kind mirrors every branch of flow_contracts._ingress_kind (1.501416ms)
✔ a node that is not an executable source has no derived ingress kind (0.848666ms)
✔ ingress kind guard accepts exactly the backend enum (0.554084ms)
✔ schema derived from ports matches flow_contracts._ports_schema (2.803ms)
✔ no required port means the derived schema omits required entirely (0.938ms)
✔ condition names report what a Decision predicate reads (0.634458ms)
✔ condition names ignore an operator name hiding inside a string literal (0.453875ms)
✔ reference selection waits for draft hydration and never replaces graph state (3.225167ms)
✔ applying a correction never replaces unsaved or saving editor state (50.854167ms)
✔ reference reads are isolated from draft hydration and reject another System (137.21875ms)
✔ scratch Flow Builder draft from A is not restored or copied into B (2.573375ms)
✔ ambiguous unsuffixed scratch draft is neutralized in a multi-workspace account (0.26325ms)
✔ untagged legacy scratch draft is not attributed to the last selected workspace (1.393042ms)
✔ valid empty flow draft round-trips without being mistaken for a missing draft (1.285333ms)
✔ malformed scoped draft without an edges array is rejected and quarantined without throwing (0.326ms)
✔ legacy raw flow requires both graph arrays (0.16425ms)
✔ draft with a null port entry is rejected before renderer hydration (0.259083ms)
✔ connector ids are derived from (nodeId, port), not coordinates (3.360542ms)
✔ source renders no input connector; sink renders no output connector (0.958334ms)
✔ EDGE STABILITY: connector source/target ids are invariant under node move / zoom / pan / resize (1.015541ms)
✔ toConnectionViews resolves to connectors the node actually renders (never dangles) (0.285167ms)
✔ connectorsToEdge round-trips and is order-defensive (0.366416ms)
✔ view → connection → edge round-trip preserves endpoints (0.321041ms)
✔ Decision route handles create canonical branch edges and preserve labels (0.371458ms)
✔ legacy branch edges without from_port bind to their labelled Decision handle (0.675875ms)
✔ with no declared schema the ingress ports name the payload keys (2.104791ms)
✔ a declared schema seeds what it demands and never invents an optional value (1.161375ms)
✔ nothing is prefilled when the entry point is ambiguous or demands nothing (0.307833ms)
✔ Retrieval identity is task-only and supports runtime and Skill aliases (5.172ms)
✔ per-node collections and document refs normalize without cross-node state (2.90275ms)
✔ persisted refs outside the bounded catalogue remain visible and deselectable (2.099459ms)
✔ persisted Retrieval collections remain visible when absent from the catalogue (1.768417ms)
✔ changing Retrieval collections prunes document refs outside the new scope (0.614208ms)
✔ document multi-select writes explicit collection/document pairs (0.38525ms)
✔ Retrieval picker rejects client scopes beyond the server bounds (152.957958ms)
✔ published Skill execution preview matches the exact node and Skill without changing the draft (0.884167ms)
✔ current Skill lookup remains read-only and distinguishes missing configuration from a pending response (32.359584ms)
✔ Skill lookups reject stale node, Skill, System and workspace responses (1.418041ms)
✔ global node deletion yields to native and ARIA interaction surfaces (3.100209ms)
✔ closest-based guard covers a nested icon inside a button or dialog (0.393208ms)
✔ scratchpad / no manifest → null (empty state) (1.950333ms)
✔ full manifest maps all four facets (1.069ms)
✔ units chip falls back to unit_catalog length and warns when nothing is operational (0.206916ms)
✔ empty effective-config and missing retrieval → neutral fallbacks (1.59425ms)
✔ failed retrieval decision is toned negative (0.302209ms)
✔ a dropped training node carries its whole spec, unconfigured (4.081167ms)
✔ the two serving nodes drop with the params their own shape needs (0.495167ms)
✔ the inspector summarises a fit by what it predicts, and opens the studio (2.114041ms)
✔ a serving node is configured in the panel, with no dialog in the way (2.697042ms)
✔ choosing a lineage in the inspector is one undoable store write (2.844541ms)
✔ the training workshop is a modal dialog that edits the graph (1.514667ms)
✔ the studio is no-code because the server answers every edit (0.997625ms)
✔ the columns a fit is built from carry their shape, not just their name (1.180792ms)
✔ both training surfaces show the rows the fit will read, in the shared table (6.333042ms)
✔ the split, the folds and the knobs are bounded by the view model (5.320417ms)
✔ a fit in flight reads as work: a live check-list, and a stop (2.202166ms)
✔ the evidence is a score plus what it moved, and names what it registered (1.345625ms)
✔ the dataset a node fits on is picked from a list and pinned by slug (1.055666ms)
✔ a refused fit reaches the author as a sentence, never a raw code (0.832583ms)
✔ a fit is dispatched through the same endpoint the Models page calls (0.3135ms)
✔ the builder mounts one training studio for the selected node (0.768666ms)
✔ the rows a fit will read, and the rows a score wrote, use the one table (0.913125ms)
✔ the three model Skills are three roles, and nothing else is one (10.425916ms)
✔ a non-task node bound to a model Skill is not a model node (1.7505ms)
✔ the serving descriptor carries what differs, as data (77.721458ms)
✔ a dropped training node carries every key the _train block projects (4.176167ms)
✔ a dropped serving node carries only the keys its shape reads (0.350125ms)
✔ reading a training node normalises what an author can leave broken (0.953ms)
✔ a pin is read under either spelling, because both are written (0.278292ms)
✔ reading a serving node keeps a version pin whole or drops it (0.1745ms)
✔ the split and the folds are clamped to what the studio offers (0.175625ms)
✔ an unfinished training node is refused before a round-trip is spent (3.664666ms)
✔ a serving node has to name a model, and a score node a dataset (0.328667ms)
✔ the node keeps its own refusals and hands the rest to the model plane (14.595042ms)
✔ every code the model plane can emit resolves to a sentence, not a blank (369.074625ms)
✔ a code nobody named keeps the server’s own words (17.780209ms)
✔ a training node is summarised by what it predicts (2.145083ms)
✔ a serving summary distinguishes following from freezing (7.663584ms)
✔ the picker only offers models that can answer (47.086208ms)
✔ choosing a lineage follows it; pinning a version freezes it (0.308792ms)
✔ every step of a fit has copy in both languages (148.124625ms)
✔ a node_end frame becomes a run summary, badge block included (2.364459ms)
✔ a frame without a node id names nothing and is dropped (0.212458ms)
✔ a settled node with no status reads as completed (0.147208ms)
✔ the badge block refuses values it cannot render (0.965667ms)
✔ a badge block with nothing usable in it is absent, not empty (0.219709ms)
✔ a metric outranks every row count on the same node (191.401875ms)
✔ a transform badge reads as a transition, not as two numbers (0.297583ms)
✔ a node that only produced rows shows the count it wrote (0.215542ms)
✔ a single-record prediction counts its answers (0.186959ms)
✔ a node with no data still says how long it took (0.462833ms)
✔ a node that produced neither a figure nor a duration gets no badge (0.241875ms)
✔ a running node shows no figure, so the pulse is not contradicted (0.170083ms)
✔ a failed node keeps its figure and is flagged as failed (0.154459ms)
✔ a score keeps the decimals that distinguish two models (0.629875ms)
✔ a metric on the target scale is read as a quantity, not as a score (0.449ms)
✔ a duration never asks the reader to count zeros (0.33175ms)
✔ a model chip names its version, and survives not having one (0.132084ms)
✔ a metric name resolves through the dictionary the model card uses (0.184334ms)
✔ every key a run badge names has FR and EN copy (0.143334ms)
✔ the run service records a node_end and clears the node on node_start (0.496541ms)
✔ a new run and a workspace switch both invalidate every figure (0.742916ms)
✔ the node card renders the badge it is given, and only then (0.965125ms)
✔ the default surface is Capabilities, not the registry (222.167833ms)
✔ the advanced level opens with every category collapsed (1.722083ms)
✔ the structural primitives open themselves only on an empty graph (1.6445ms)
✔ a query switches to one ranked list, announces the remainder and adds on Enter (8.8095ms)
✔ extending a node offers only what connects, and says so when nothing does (4.926166ms)
✔ a dead end names the lever that would release it, and never offers the row (1.424584ms)
✔ an industry an admin actually chose to exclude is not read as an omission (0.480875ms)
✔ the usage signal marks what runs here and what is already in this Flow (0.505625ms)
✔ search ranks the name above the description and requires every token (6.163875ms)
✔ search reaches the taxonomy and the carrying capability, and usage breaks ties (1.803875ms)
✔ capability groups carry every claimant, drop empty ones and end with the uncarried (6.666167ms)
✔ the advanced level keeps the canonical order and renders no empty category (0.317708ms)
✔ the usage shortcut disappears entirely when the workspace has no invocations (0.24275ms)
✔ an exclusion names one lever, and which one (0.220125ms)
✔ a filtered set is summarised per lever, not per reason code (122.28725ms)
✔ the hover detail carries what the row no longer spends a line on (1.621917ms)
✔ atomic promotion POST from A is cancelled before its late B callback (313.873708ms)
✔ successful promotion clears the captured A draft and never the current B slot (11.413708ms)
✔ backend save Subject from A cannot mutate UI state after switching to B (8.172916ms)
✔ Save blocks only hash-bound errors for the current validation result (1.003958ms)
✔ Validate is non-mutating and delegates the exact live revision to the sidecar (3.262084ms)
✔ bound hydration preserves an explicitly empty Flow without a starter fallback (1.9305ms)
✔ P1 hydration uses the server draft and never the System compatibility mirror (1.3125ms)
✔ P1 explicit false contract readiness overrides a raw contract hash (12.838208ms)
✔ P1 hydration barrier clears the previously pinned published contract (1.0545ms)
✔ P1 autosave is revisioned and stores an invalid draft without mutating Publish (41.079ms)
✔ P1 draft 409 pauses writes and requires an authoritative reload (4.741375ms)
✔ P1 Publish requires rendered diff, release message and breaking acknowledgement (33.997917ms)
✔ P1 migration baseline can be republished with an immutable contract at the same hash (13.054041ms)
✔ malformed bound Flow fails closed instead of becoming an editable scratchpad (1.362709ms)
✔ missing bound flow_definition is a protocol failure, not an empty Flow (0.541833ms)
✔ confirmed Clear pauses autosave and sends one explicit active replacement intent (2.412ms)
✔ active mass import cannot save until a second explicit replacement confirmation (1.277084ms)
✔ late save acknowledgement cannot mark a newer graph revision as saved (1.3375ms)
✔ discard is the only non-save path that releases an import hold (1.149208ms)
✔ failed promotion keeps the local draft and does not navigate away (1.042416ms)
✔ promotion acknowledgement for an older revision preserves the newer draft (0.740875ms)
✔ promotion keeps the draft when the atomic create response cannot prove the Flow (38.432291ms)
✔ shared flow is one-shot and Discard restores the durable workspace draft (41.610458ms)
✔ saving a shared flow consumes its hash so reload cannot reapply it (2.035542ms)
✔ malformed node ports fail closed before bound hydration (1.041042ms)
✔ active rollback options carry the hydrated hash and explicit intent (4.059875ms)
✔ Clear and mass import schedule no autosave while a meta-only edit does (3.151625ms)
✔ Workbench holds a dirty snapshot unsaved and resumes autosave on close (3.731167ms)
✔ stale save acknowledgement schedules exactly one follow-up autosave (5.891208ms)
✔ Decision palette seed is executable and fail-closed by default (4.610667ms)
✔ source and asset without inputs are not offered as targets (2.39475ms)
✔ sink without outputs is not offered as a source but keeps its input handle (1.963125ms)
✔ preconnect chooses the first compatible port, not the first declared port (0.656333ms)
✔ a port-less task uses its rendered implicit connector (0.23775ms)
✔ no compatible rendered port yields neither menu item nor edge (0.515541ms)
✔ preconnect from a Decision route creates a labelled branch edge (0.2025ms)
✔ inserting a Decision upstream uses its first route handle as a branch (0.41625ms)
✔ the palette projection seeds an executable recipe node (2.703167ms)
✔ the inspector shows a recipe summary and one way into the workshop (1.387084ms)
✔ the builder mounts one workshop dialog for the selected recipe node (2.863917ms)
✔ the workshop is a modal dialog that edits the graph through the store (2.357042ms)
✔ machine failure codes reach the author as localized sentences (1.779667ms)
✔ the shared schema editor speaks the dictionary, not hardcoded English (0.531166ms)
✔ the recipe poll budget outlasts an env build and names its own timeout label (0.426333ms)
✔ the shared code editor lazy-loads CodeMirror and keeps a textarea fallback (0.492416ms)
✔ isPythonRecipeNode matches only task nodes bound to the recipe skill (4.071167ms)
✔ readRecipeParams fills defaults and normalises whatever is unset or malformed (1.344875ms)
✔ recipeWorkshopTestInput seeds the Test tab from node data (0.213375ms)
✔ clampRecipeTimeout mirrors the server window (0.149791ms)
✔ previewRequirements mirrors the server normalisation (comments, dedupe, sort, options) (1.267875ms)
✔ recipeSpecKey identifies the spec by its normalised fingerprint fields only (0.368709ms)
✔ every env and execution status resolves to FR and EN copy (0.295542ms)
✔ the execution timeline projects active, terminal and unknown statuses (2.200375ms)
✔ active statuses are exactly the cancellable ones (0.319708ms)
✔ display helpers stay defensive on absent values (0.559041ms)
✔ workspace reset rejects late trigger, HITL, step and nested getRun responses (61.40075ms)
✔ status: idle → running → done across a clean backend run (4.186708ms)
✔ publication Builder executes the saved server draft, never the published Run endpoint (7.134291ms)
✔ multiple draft ingresses stay ambiguous until the operator chooses one (2.998583ms)
✔ draft test ingress selection supports a sole non-manual adapter (0.244125ms)
✔ draft input modal blocks an ambiguous Flow until a real ingress is selected (2.430792ms)
✔ Decision terminal renders explicit resolution and branch label without values (1.357459ms)
✔ status: trigger failure → error (0.962167ms)
✔ HITL: pause → accept resolves and restarts the stream (1.211292ms)
✔ HITL: a refused decision does not log an approval or resume (1.752041ms)
✔ HITL: reject is forwarded; ignored when no pending gate (1.399458ms)
✔ debug: step then stop drives the debugger (1.470625ms)
✔ debug: continue forwards the live breakpoint set (1.072708ms)
✔ breakpoint debug cannot execute without a selected node (10.712958ms)
✔ breakpoints: add / remove + debug-mode cycle (1.66ms)
✔ gating: invalid flow blocks the backend launch (2.637667ms)
✔ gating: scratchpad (no systemId) cannot Execute (0.912458ms)
✔ input editor accepts only JSON objects and reserves _debug (0.396625ms)
✔ service-owned debug metadata cannot be injected through a direct Execute call (0.606ms)
✔ runtime badge accepts the three server modes and only falls back when canonical mode is absent (0.176042ms)
✔ gating: dirty, saving, save error, missing hash and stale manifest all fail closed (4.309708ms)
✔ Execute consumes only a current server validation for the saved hash (26.286ms)
✔ debug is blocked in sequential legacy while normal Execute stays available (1.486209ms)
✔ 403/409/422 trigger errors stay distinct and keep operator input open (34.894291ms)
✔ authoritative hydration releases a 409 Execute latch even at the same Flow hash (2.221708ms)
✔ simulate: client-side dry run works without a System and skips the backend (3.3275ms)
✔ replay: re-emits the current run checkpoints into the terminal (6.641625ms)
✔ semantic diff detects same-count node kind, port and config changes (5.582709ms)
✔ semantic diff detects edge kind, branch and port changes with equal counts (1.888209ms)
✔ semantic diff treats executable node and edge ordering as observable (1.378584ms)
✔ semantic diff reports additions and removals rather than only count deltas (3.688ms)
✔ semantic diff distinguishes changed and pinned-but-uncomparable contracts (0.541792ms)
✔ the palette projection seeds a runnable SQL transform node (2.24325ms)
✔ the palette projection seeds a runnable Polars transform node (0.254709ms)
✔ the palette projection seeds a runnable dbt transform node (0.353917ms)
✔ the engine identity is one fact: the palette and the workshop head agree (1.0005ms)
✔ the inspector shows an engine-aware summary and one way into the workshop (0.693542ms)
✔ the builder mounts one workshop for the selected transform node (0.706583ms)
✔ the workshop is a modal dialog that edits the graph through the store (93.356167ms)
✔ a queued run states its phase and can be stopped (1.032542ms)
✔ the libraries panel exists only for the engine that needs a venv (1.324375ms)
✔ a dbt project is authored as files, with the published model badged (2.613ms)
✔ the dbt verdict is rendered on a refusal, not only on a success (2.463667ms)
✔ a refused program reaches the author as a sentence, never a raw code (1.09ms)
✔ the preview never persists and never validates client-side (0.612416ms)
✔ the shared code editor lazy-loads each language and its schema completion (0.902208ms)
✔ isSqlTransformNode matches only task nodes bound to the transform skill (3.747958ms)
✔ reading the params falls back to the runnable starter statement (0.998417ms)
✔ reading the params keeps only pins that reference a dataset (0.354667ms)
✔ a legacy slug key on a pin is still resolved (0.823083ms)
✔ view names are duckdb-safe, accent-free and never collide (2.777333ms)
✔ the inspector summary skips the engine's own comment syntax (0.660666ms)
✔ the line count ignores a single trailing newline (0.316334ms)
✔ the preflight only blocks the two refusals an author hits by habit (0.599166ms)
✔ a coded refusal becomes a translated sentence, engine words kept where they help (0.648666ms)
✔ a refusal that names a place carries it, so the cursor can go there (1.408708ms)
✔ a coordinate is validated before it is used to move a caret (0.566292ms)
✔ every refusal code the workshop claims has FR and EN copy (0.250792ms)
✔ the completion schema exposes every name the statement can address (0.332667ms)
✔ the starter statement projects real columns, capped so it stays readable (1.623625ms)
✔ the output name falls back to the node label, then to the caller default (0.374833ms)
✔ the engine is read off the bound skill, and only for authorable nodes (0.477583ms)
✔ a Polars node cannot add libraries; a dbt project can (0.137958ms)
✔ a dropped Polars node carries a runnable script and its environment (0.265083ms)
✔ the program is read from the engine's own params field (0.285ms)
✔ the timeout clamps to the platform window (0.101333ms)
✔ the Python preflight blocks an empty editor and a missing entry point (0.278ms)
✔ a worker-side refusal parses back into its code and the author's words (0.175708ms)
✔ the Polars starter script addresses the source by its real name (0.15425ms)
✔ declared libraries drop blanks and comments (0.139167ms)
✔ a dropped dbt node carries a staging model, a mart and a tests file (0.199833ms)
✔ a dbt node with no chosen mart still publishes its last model (0.234959ms)
✔ the file list is the project: models first, the tests gate last (0.389458ms)
✔ editing a file writes to the params path that file lives in (0.431667ms)
✔ renaming a model follows its refs and its publication (0.567875ms)
✔ adding a model chains it onto the published one (0.549041ms)
✔ deleting a model hands the publication over, and the last one is kept (0.336292ms)
✔ publishing another model moves the port and absorbs its dataset tick (0.904458ms)
✔ ticking a model as a sibling dataset is reversible and refuses the port (29.028083ms)
✔ the extra selection survives a rename and a deletion, but not its model (16.154791ms)
✔ the stored extra selection is read deduplicated and without the port (0.326209ms)
✔ a ghost in the extra selection is refused before the round-trip (8.556584ms)
✔ the dbt preflight refuses the project shapes dbt could not compile (12.181834ms)
✔ the dbt starter teaches source(), not the bare relation (0.299792ms)
✔ the build verdict is read off the row on success and on refusal alike (0.291458ms)
✔ a worker-side dbt refusal parses back into its code and its words (0.134ms)
✔ every engine label the workshop renders has FR and EN copy (0.222834ms)
✔ a preview says which phase it is in, and skips one it will never enter (0.307125ms)
✔ client diagnostics map into the strip vm with node ids (74.671083ms)
✔ clicking a node-scoped row selects the node and emits focusNode (122.656083ms)
✔ clicking a graph-level row (no node id) is inert (1.01475ms)
✔ a known code reads as a sentence naming the node, not as the code (0.986791ms)
✔ an unknown server code falls back to the server sentence, never to a key (0.419958ms)
✔ a node-scoped message with no node falls back rather than showing {name} (0.36525ms)
✔ vm reacts to graph edits (resolving the cycle drops the error) (46.529584ms)
✔ no issues → clean, empty rows, zero counts (1.139583ms)
✔ client issues map to rows; errors group before warnings with counts (0.297125ms)
✔ current server issues are authoritative; identical client preview is deduped (0.21ms)
✔ node_id null/undefined normalize to null (0.228625ms)
✔ fingerprint is deterministic across object key order (1.506542ms)
✔ an edit masks accepted diagnostics synchronously (318.549875ms)
✔ a late response cannot replace diagnostics from the newer request (1.526833ms)
✔ an out-of-order response is ignored even before the newer request resolves (1.277334ms)
✔ upstreamOutputs returns only ancestors of the selected node (188.542375ms)
✔ upstreamOutputs excludes self, downstream and parallel non-ancestors (9.869208ms)
✔ upstreamOutputs returns [] for a root node and for unknown selection (98.301042ms)
✔ upstreamOutputs enriches portless nodes from the manifest output_schema (3.521542ms)
✔ upstreamOutputs orders candidates by the supplied topological order (1.61525ms)
✔ filterCompatibleCandidates reuses the primitive-compat rule (1.845125ms)
✔ encode/decode round-trips and variableRefFor builds a typed selector (5.258166ms)
✔ Published pointer identity is separate from current server draft identity (1.826917ms)
✔ exact rollback evidence validates immutable and draft identities and digests (0.811667ms)
✔ server diff summary exposes contract and executable order changes (0.276583ms)
✔ component gates rollback on dual exact evidence and revision-bound fences (0.363ms)
✔ workbench JSON object parser accepts only a top-level object (3.639625ms)
✔ golden-set parser preserves expected values and enforces the bounded wire contract (1.402ms)
✔ golden-set parser rejects ambiguous ids and malformed input_ref values (0.562709ms)
✔ isolated-node affordance accepts only task nodes with one coherent Skill slug (0.331167ms)
✔ workbench panel exposes the three preview modes and the unsaved boundary (2.554042ms)
✔ golden matcher is recursive object-partial and array-exact (3.744875ms)
✔ chat input follows the selected ingress schema without synthetic aliases (2.09025ms)
✔ real side-effect acknowledgement is required before validation or dispatch (71.938583ms)
✔ chat validates and hash-binds the exact dirty snapshot without saving it (65.429333ms)
✔ a graph edit during validation fences the request before dispatch (6.815542ms)
✔ multiple ingresses require an explicit stable selection (2.111167ms)
✔ isolated node execution keeps source hash evidence and projects its result (2.954917ms)
✔ golden batch maps server-owned case ids and scores expected output (7.675125ms)
✔ golden polling follows the server queue instead of polling every case concurrently (3.213459ms)
✔ sequential legacy validation fails closed before any workbench endpoint (1.58875ms)
✔ golden polling has a distinct one-hour budget without changing interactive polling (1273.908833ms)
✔ every Flow revision invalidates completed workbench evidence (2.445542ms)
✔ workspace reset clears workbench evidence and rejects a late validation (0.913959ms)
✔ selection is deterministic and synchronous (inspector updates within one frame) (238.195167ms)
✔ load resets dirty; a manifest write marks dirty; markSaved clears it (8.5685ms)
✔ revision is monotone and a stale save acknowledgement cannot clean a newer edit (5.926208ms)
✔ load and snapshot preserve known and unknown top-level sidecars without graph duplication (68.49525ms)
✔ replaceAsEdit is dirty and undo/redo restores the complete metadata sidecar (53.606375ms)
✔ clear is idempotent for an already empty graph (52.328291ms)
✔ TWO-WAY WIRING: top_k edit writes the exact nested path and round-trips on reload (20.71275ms)
✔ skill param home: config.params.<key> writes + round-trips (PART A.4) (35.199959ms)
✔ undo/redo + connect/disconnect behave as single steps (2.111625ms)
✔ accessible outline reorder shares canonical order and one undo frame with the canvas (3.159792ms)
✔ task deletion cuts incident routes and undo restores the exact graph atomically (2.662042ms)
✔ Skill, Governance and ordinary tasks never reconnect compatible routes (13.304667ms)
✔ deletion preserves pre-existing non-incident routes without synthesising another (0.512333ms)
✔ clear is one revision and undo restores the graph (0.559583ms)
✔ edge identity includes kind, branch label and both ports (0.274917ms)
✔ Decision rename updates config, route handle, default and edges in one undo frame (3.564125ms)
✔ Decision delete removes its routes and default atomically; undo restores all (1.14675ms)
✔ Decision add, reorder and default selection each remain a single mutation (0.817333ms)
✔ two Decision labels may fan out to the same target without deduplication (2.708708ms)
✔ the canonical Skill taxonomy has the exact product order (2.445792ms)
✔ the palette section is the catalog category, never re-inferred (0.258208ms)
✔ uncategorised skills stay visible under Other (0.211333ms)
✔ skill projection exposes category/runtime without leaking palette-only top-level fields (6.142208ms)
✔ every trigger type the backend maps to an event is reachable from the palette (0.590459ms)
✔ the visibility verdict and the usage count travel with the palette entry (0.704709ms)
✔ Retrieval taxonomy is persisted as a shared canonical config marker (0.361417ms)
✔ a required Skill param fed by an upstream binding is valid while empty (16.363708ms)
✔ a required Skill param with neither value nor binding stays invalid (0.675ms)
✔ a supplied value or an optional param is never flagged, whatever the bindings (0.307708ms)
✔ only Skill params read a binding; node config and data keep the plain test (0.529125ms)
✔ binding recognition accepts a typed ref or a legacy path, nothing else (0.30125ms)
✔ routing load failure leaves no invented draft and blocks saving (13.6495ms)
✔ permissions fail closed for configuration, credentials, serving and lifecycle (1.813792ms)
✔ catalog filters provider, task and runtime and preserves explicit empty fallback (1.233792ms)
✔ saved Azure metadata pre-fills without exposing or inventing secrets (20.408125ms)
✔ workspace transition purges secrets and rejects stale test targets (6.041709ms)
✔ canonical targets match the selected pair and form input preserves additional defaults (60.30475ms)
✔ test rejects missing acknowledgement, invalid JSON and absent required inputs (1.255708ms)
✔ catalog refresh preserves active test; clearing the selection removes previous result (20.118375ms)
✔ model and token evidence is canonical trace and metrics, never arbitrary output (2.985875ms)
✔ costs distinguish catalog calculation, provider-reported zero and missing measurement (161.246709ms)
✔ unreachable connections stay selectable but carry an explicit warning, including fallback (0.949625ms)
✔ a delayed initial distribution never overwrites a later selected window (0.916083ms)
✔ a slow canonical Run read is allowed to finish without polling cancellation (1101.880375ms)
✔ Skill creation keeps Govern context and model parameters in the query, not the route path (2.154417ms)
✔ invocation evidence links preserve Govern as a query parameter (0.747041ms)
✔ connector configs and app toggles are isolated by active workspace (205.726875ms)
✔ CONNECTORS has one generic MCP card, not SAP posting or HIKMA (0.477667ms)
✔ apply requires explicit review and prevents duplicate dispatch while in flight (4.422458ms)
✔ a response from the previous workspace does not change current proposal or emit application (0.523917ms)
✔ restoring a saved proposal selects its diff without applying and rejects another System (0.604625ms)
✔ Run facets track history, merge tab changes and refresh can force store invalidation (12.336375ms)
✔ Run loads its projection when the effective gate activates in the same workspace epoch (1.413083ms)
✔ Experience origins are exact API filters built from safe application slugs (1.441042ms)
✔ non-Experience and malformed origins never reach the Runs API (0.201417ms)
✔ each Run exposes a native keyboard link to its detail (5.195125ms)
✔ the status selector invalidates the visible Runs projection (0.502917ms)
✔ Runs API failures remain distinct from an empty successful list (3.110541ms)
✔ SkillInvocation is a dedicated Run child resource before the generic Run route (1037.292833ms)
✔ SkillInvocation facets follow validated deep links and preserve query context on tab changes (38.773ms)
✔ SkillInvocation loads its projection when the effective gate activates in the same workspace epoch (2.161708ms)
✔ creating a draft requires explicit review and suppresses duplicate sends (10.377042ms)
✔ a late response cannot cross the workspace boundary (0.562625ms)
✔ uncertain generation retries retain their key; changing inputs starts another request (5.188666ms)
✔ uncertain suite execution retries keep the same frozen request and workspace scope (1.862791ms)
✔ reopening a completed BRD job restores its batch without executing again (39.331708ms)
✔ requirement links only use test evidence from this exact BRD proposal (1.11425ms)
✔ the runtime controls are read from the descriptor, not from a local copy (12.198625ms)
✔ the runtime is named in plain words with the raw kind still available (3.253833ms)
✔ a contract cannot be invalid JSON any more, because it is never text (3.511416ms)
✔ preset inputs are a form derived from the wrapped skill own contract (3.231583ms)
✔ a preset value the target contract does not declare is named, not dropped (0.623375ms)
✔ preset inputs written by hand are still checked before they are sent (0.588208ms)
✔ a runtime parameter the descriptor requires blocks the submission (0.442917ms)
✔ switching runtime drops the parameters the previous one owned (0.299833ms)
✔ a preset picks the runtime and proposes the contract, all of it editable (0.870584ms)
✔ a complete draft posts exactly what the workspace decided (2.195166ms)
✔ no capability named means no claim asked for (0.493917ms)
✔ editing the same screens patches the row and never renames the slug (1.555583ms)
✔ a refusal is shown in the server’s own words (1.091ms)
✔ an imported requirement opens the wizard already filled in (0.381833ms)
✔ the New skill affordance appears only when the server grants skill.admin (13.712417ms)
✔ a Portal model seeds an executable prompt Skill, preserves its model and clears it on provider change (1.742291ms)
✔ the Skill picker excludes non-generative and unconfigured models, and ignores stale workspace responses (0.780833ms)
✔ Portal authoring entry requires the current workspace and server authoring right (1.325458ms)
✔ Run model summaries use recorded resolution and never infer a provider from an arbitrary model name (0.21175ms)
✔ an unknown authoring right fails closed rather than assuming an admin (1.204708ms)
✔ an authored skill lands in the registry and is selected (0.771583ms)
✔ a refused capability claim is said out loud, and the skill is still there (1.017667ms)
✔ edit and delete are offered on the rows this workspace owns, and only those (0.762459ms)
✔ a delete the API refuses is reported in the API own words (0.74125ms)
✔ a delete the API accepts clears the selection and re-reads the list (5.684833ms)
✔ an imported row opens the wizard as a draft rather than creating anything (0.451ms)
✔ only a capability this workspace owns is offered as a carrier (0.646334ms)
✔ switching workspace withdraws the authoring right until B answers (0.666542ms)
✔ Skill costs distinguish missing, zero and positive amounts below display precision (140.946959ms)
✔ Observed Skill costs never substitute a catalog price or unmeasured default (2.535209ms)
✔ Skill view purges A synchronously and only accepts the B reload (19.282542ms)
✔ Skill detail requires both the server editing right and workspace ownership (41.123541ms)
✔ Skill detail edits prompt_template through the existing wizard without losing contracts or params (5.971042ms)
✔ Skill detail edits registry_call through the existing wizard without losing contracts or params (6.639417ms)
✔ Skill detail skips registry loading when only a prompt executor is available and keeps create at Intent (2.503042ms)
✔ Skill detail reports a failed registry load and allows a fresh attempt (1.719708ms)
✔ Skill detail purges editing rights, targets, notices and stale updates on workspace change (1.20975ms)
✔ Skill detail discards a pending edit and old reads when navigating to another Skill (1.006959ms)
✔ review queue inherits scope and ignores a response from the previous scope (4.771208ms)
✔ canonical review queue serializes the System and period scope (30.815042ms)
✔ Runner JSON parser rejects malformed, null, arrays and primitives without coercion (4.157958ms)
✔ Systems routing exposes the Runner before the generic System detail route (0.615583ms)
✔ Runner live-state detector keeps polling only for non-terminal Runs (0.551458ms)
✔ an inactive durable session is never executable client-side (6.891709ms)
✔ invalid editor JSON performs zero execute requests (0.824083ms)
✔ execute binds the immutable published version and hash to the request (3.616ms)
✔ 409 latches published authority until overview and session reload both succeed (2.919375ms)
✔ session changes are fail-closed and a late previous session cannot win (0.580833ms)
✔ workspace reset invalidates an in-flight Runner overview before it can populate state (0.729459ms)
✔ route load resumes the latest durable Runner session (1.4765ms)
✔ a Flow Builder graph with declared ingresses is flow-backed (4.124459ms)
✔ the System Builder form projection keeps its RAG rendering (0.286833ms)
✔ the workspace chat System is never described as a graph (0.172917ms)
✔ variants that already own a bespoke rendering are left alone (0.195167ms)
✔ absent, empty or unauthored graphs fall back to the existing behaviour (0.168084ms)
✔ the server manifest can only narrow the verdict, never open it (0.176208ms)
✔ manifest runtime status is projected onto the matching step (0.222959ms)
✔ publication evidence and scratchpad provenance are surfaced verbatim (0.248667ms)
✔ an unpublished flow-backed System reports the draft badge (0.241333ms)
✔ a source node without config.ingress_kind reports the kind publication derives (0.418792ms)
✔ a source node declaring an unknown ingress kind is not counted as a trigger (0.218792ms)
✔ an explicit rag_mode still wins for systems that are not flow-backed (0.172042ms)
✔ value-loop helpers distinguish simulation, missing measurement and observed evidence (1.991291ms)
✔ value-loop progress advances only through persisted scenario states (0.346084ms)
✔ baseline selector trusts the server eligibility flag and excludes operator, seed and canary runs (59.74525ms)
✔ late value-loop responses are rejected after a workspace, System or request change (0.201875ms)
✔ command ledger reuses an idempotency key across retries and rotates after success or context reset (2.851375ms)
✔ System value-loop visibility is authorized only by the current server Steer projection (0.804625ms)
✔ ChatKnowledge cancels the A write chain before a late response can continue in B (34.247541ms)
✔ ChatKnowledge pins and cancels post-save reloads so late A reads cannot repopulate B (3.396834ms)
✔ ChatKnowledge keeps guide writes and their refresh in one cancellable A scope (2.900041ms)
✔ Members displays and sends a manifest-defined non-Andritz entitlement on invite (13.7275ms)
✔ Governance toggle preserves a future active key and saves it unchanged (1.767834ms)
✔ memoizeLayout rebuilds only when the key changes (1.219167ms)
✔ shouldRebuildLayout ignores hover-only input names (0.266459ms)
✔ nearestDayIndex snaps a pointer x onto the closest day (0.226292ms)
✔ placeTooltip flips at the viewport edges and stays inside (1.319083ms)
✔ wrapLabelLines keeps short names and wraps long System names to two lines (0.48725ms)
✔ easeOutProgress lands on 0 and 1 (0.18675ms)
✔ dense layout reproduces the approved scale and stacks stubs under the hours node (5.657334ms)
✔ a single converging source still curves into a lower hours node and is capped (1.969542ms)
✔ stub-only sources render without hours or value nodes (1.3325ms)
✔ truncateLabel keeps short names and ellipsises long ones (0.30825ms)
✔ niceStep picks round gridline steps that give about four lines (8.341459ms)
✔ spreadLabelRows pushes overlapping labels apart inside the plot (5.616583ms)
✔ cubicSmoothPath uses horizontal midpoints between consecutive points (1.272833ms)
✔ cubicSmoothAreaPath closes to a lower band or a baseline (0.656334ms)
✔ sankeyRibbonPath is a cubic band between two node segments (3.375542ms)
✔ radial spoke math matches the approved 30-day clock (0.6135ms)
✔ accumulateStackedSeries builds lower and upper bands per series (0.71525ms)
✔ primary CTA text meets WCAG AA in dark and light themes (5.270084ms)
✔ secondary text meets WCAG AA on cockpit panels (1.222792ms)
✔ secondary text meets WCAG AA on raised surfaces too (0.300834ms)
✔ every cockpit token a component names is a token the theme defines (244.004292ms)
✔ a connection link in a new tab leaves the Skill draft in its current tab (22.082542ms)
✔ every state maps to a painter at both tuned sizes (8.340625ms)
✔ each painter puts ink inside the canvas box (114.87575ms)
✔ dark and light are the same drawing in opposite ink (26.104584ms)
✔ resolving a preset twice hands back the cached tuning (1.448834ms)
✔ renders yields below the ceiling exactly as measured (25.39875ms)
✔ keeps the ceiling itself in full and bounds everything above it (0.392125ms)
✔ renders a missing or unusable measurement as an em dash (0.170792ms)
✔ bounds the ratios observed in production instead of printing them (0.684125ms)
✔ a contract the rows can hold projects with nothing left over (4.8245ms)
✔ writing the rows back preserves the keys the rows never knew about (16.512709ms)
✔ an edit through the rows changes only what it touched (6.288ms)
✔ a construct no row can hold is named, not flattened (1.058833ms)
✔ an empty contract is a clean slate, not a complaint (2.282458ms)
✔ a row with no name is dropped rather than writing an empty key (0.248875ms)
✔ preset inputs are derived from the target contract and typed on the way in (1.480625ms)
✔ numeric columns draw their histogram, normalized to the tallest bucket (6.295167ms)
✔ categorical columns draw their top values instead of a histogram (1.336666ms)
✔ a column with no profile draws nothing rather than a fake baseline (0.214917ms)
✔ a histogram bin with no upper edge still labels its bucket (0.194917ms)
✔ null ratios become whole percentages, and a clean column reports zero (0.215792ms)
✔ only integer and float count as numeric for alignment and histograms (0.302041ms)
✔ every column kind has a header glyph so no column renders unlabelled (0.225208ms)
✔ a numeric profile states counts, then range, then central tendency (1.274667ms)
✔ a categorical profile leaves out the statistics that would be meaningless (0.283667ms)
✔ a clean column still says so, because "no missing values" is a finding (0.452709ms)
✔ a datetime column keeps its range without inventing an average (0.258459ms)
✔ a column with no profile at all offers no facts to open (0.14125ms)
✔ a row count is only stated when it is one (0.16525ms)
✔ top values rank widest first, relative to the most frequent one (0.2455ms)
✔ a high-cardinality column still shows shape, not seven empty slivers (0.255375ms)
✔ a numeric column has no top values, so its popover shows only figures (0.171583ms)
✔ byte sizes read as volumes, keeping a decimal only where it informs (144.688542ms)
✔ a column click replaces, toggles or leaves the selection alone (0.31775ms)
✔ the table states its own shape, so no caller can forget to (0.698583ms)
✔ every icon name used in a template resolves in the registry (198.540459ms)
✔ every icon name declared as data resolves in the registry too (70.395833ms)
✔ no registry key is written in a form the lookup can never reach (0.508792ms)
✔ authoring and confirmation modals own focus, Escape and an accessible name (37.413375ms)
✔ the BRD upload uses a keyboard button and a focusable visually-hidden input (0.653208ms)
✔ shared modal and contextual help keep locale and pointer focus semantics (0.983625ms)
✔ AuthStore advances an opaque epoch and resets principal caches atomically (6.464917ms)
ℹ tests 1467
ℹ suites 1
ℹ pass 1467
ℹ fail 0
ℹ cancelled 0
ℹ skipped 0
ℹ todo 0
ℹ duration_ms 34377.877792
